# Colour crosswalk for the extraction pipeline (generated by tools/build_flopo_colour_backbone.py; do not edit).
# canonical_id is the colour FLOPO uses in logical axioms for source_id; rows with eq_axiom=SubClassOf generalise the source and never define an EquivalentTo class.
source_id	source_label	source_status	word_scope	backbone_id	backbone_label	canonical_id	eq_axiom
FLOPO_0980085	greenish	flopo_obsolete	RELATED	FLOPO_0988006	green	PATO_0000014	SubClassOf
FLOPO_0980086	reddish	flopo_obsolete	RELATED	FLOPO_0988001	red	PATO_0000014	SubClassOf
FLOPO_0980087	pale lilac	flopo_obsolete	RELATED	FLOPO_0988008	purple	PATO_0000014	SubClassOf
FLOPO_0980089	greyish	flopo_obsolete	RELATED	FLOPO_0988010	gray	PATO_0000014	SubClassOf
FLOPO_0980092	silvery	flopo_obsolete	RELATED	FLOPO_0988009	white	PATO_0000014	SubClassOf
FLOPO_0980094	yellowish	flopo_obsolete	RELATED	FLOPO_0988004	yellow	PATO_0000014	SubClassOf
FLOPO_0980097	pinkish	flopo_obsolete	RELATED	FLOPO_0988000	pink	PATO_0000014	SubClassOf
FLOPO_0980100	purplish	flopo_obsolete	RELATED	FLOPO_0988008	purple	PATO_0000014	SubClassOf
FLOPO_0980101	pale greenish	flopo_obsolete	RELATED	FLOPO_0988006	green	PATO_0000014	SubClassOf
FLOPO_0980104	pure white	flopo_obsolete	NARROW	FLOPO_0988009	white	FLOPO_0988009	SubClassOf
FLOPO_0980105	scarlet	flopo_obsolete	RELATED	FLOPO_0988001	red	PATO_0000014	SubClassOf
FLOPO_0980106	crimson	flopo_obsolete	NARROW	FLOPO_0988001	red	FLOPO_0988001	SubClassOf
FLOPO_0980109	bright scarlet	flopo_obsolete	RELATED	FLOPO_0988001	red	PATO_0000014	SubClassOf
FLOPO_0980110	flushed with pink	flopo_obsolete	RELATED	FLOPO_0988000	pink	PATO_0000014	SubClassOf
FLOPO_0980111	deep lilac	flopo_obsolete	RELATED	FLOPO_0988008	purple	PATO_0000014	SubClassOf
FLOPO_0980112	bluish	flopo_obsolete	RELATED	FLOPO_0988007	blue	PATO_0000014	SubClassOf
FLOPO_0980116	deep crimson	flopo_obsolete	NARROW	FLOPO_0988001	red	FLOPO_0988001	SubClassOf
FLOPO_0980117	pale cream	flopo_obsolete	NARROW	FLOPO_0988019	yellow (ISCC-NBS level 2)	FLOPO_0988019	SubClassOf
FLOPO_0980119	pale scarlet	flopo_obsolete	RELATED	FLOPO_0988001	red	PATO_0000014	SubClassOf
FLOPO_0980127	blackish	flopo_obsolete	RELATED	FLOPO_0988011	black	PATO_0000014	SubClassOf
FLOPO_0980128	deep magenta	flopo_obsolete	RELATED	FLOPO_0988001	red	PATO_0000014	SubClassOf
FLOPO_0980130	brownish	flopo_obsolete	RELATED	FLOPO_0988003	brown	PATO_0000014	SubClassOf
FLOPO_0980132	pale pinkish	flopo_obsolete	RELATED	FLOPO_0988000	pink	PATO_0000014	SubClassOf
FLOPO_0980153	light scarlet	flopo_obsolete	RELATED	FLOPO_0988001	red	PATO_0000014	SubClassOf
FLOPO_0980154	mahogany-red	flopo_obsolete	NARROW	PATO_0001287	reddish brown	PATO_0001287	SubClassOf
FLOPO_0980159	lemon-yellow	flopo_obsolete	NARROW	FLOPO_0988004	yellow	FLOPO_0988004	SubClassOf
FLOPO_0980167	apricot-yellow	flopo_obsolete	NARROW	FLOPO_0988004	yellow	FLOPO_0988004	SubClassOf
FLOPO_0980174	golden	flopo_obsolete	RELATED	FLOPO_0988004	yellow	PATO_0000014	SubClassOf
FLOPO_0980185	golden-yellow	flopo_obsolete	RELATED	FLOPO_0988004	yellow	PATO_0000014	SubClassOf
FLOPO_0980189	slightly blue-green	flopo_obsolete	NARROW	PATO_0104020	bluish green	PATO_0104020	SubClassOf
FLOPO_0980201	pale yellowish	flopo_obsolete	RELATED	FLOPO_0988004	yellow	PATO_0000014	SubClassOf
FLOPO_0980202	very red	flopo_obsolete	NARROW	FLOPO_0988013	red (ISCC-NBS level 2)	FLOPO_0988013	SubClassOf
FLOPO_0980204	brilliant deep blue	flopo_obsolete	NARROW	PATO_0104064	deep blue	PATO_0104064	SubClassOf
FLOPO_0980211	bright dark green	flopo_obsolete	NARROW	PATO_0001249	dark green	PATO_0001249	SubClassOf
FLOPO_0980213	reddish line	flopo_obsolete	RELATED	FLOPO_0988001	red	PATO_0000014	SubClassOf
FLOPO_0980215	lilac flushed	flopo_obsolete	RELATED	FLOPO_0988008	purple	PATO_0000014	SubClassOf
FLOPO_0980217	pink (occasionally flushed)	flopo_obsolete	RELATED	FLOPO_0988000	pink	PATO_0000014	SubClassOf
FLOPO_0980227	deep glowing orange	flopo_obsolete	NARROW	FLOPO_0988016	orange (ISCC-NBS level 2)	FLOPO_0988016	SubClassOf
FLOPO_0980228	deep maroon-purple	flopo_obsolete	NARROW	FLOPO_0988008	purple	FLOPO_0988008	SubClassOf
FLOPO_0980233	brilliant deep red	flopo_obsolete	NARROW	PATO_0104189	deep red	PATO_0104189	SubClassOf
FLOPO_0980237	fading white	flopo_obsolete	RELATED	FLOPO_0988009	white	PATO_0000014	SubClassOf
FLOPO_0980239	very deep purplish-black	flopo_obsolete	NARROW	PATO_0104157	purplish black	PATO_0104157	SubClassOf
FLOPO_0980244	green-backed	flopo_obsolete	RELATED	FLOPO_0988006	green	PATO_0000014	SubClassOf
FLOPO_0980248	pale creamy	flopo_obsolete	NARROW	FLOPO_0988019	yellow (ISCC-NBS level 2)	FLOPO_0988019	SubClassOf
FLOPO_0980251	pale greygreen with red streaks and freckles	flopo_obsolete	RELATED	FLOPO_0988001	red	PATO_0000014	SubClassOf
FLOPO_0980255	bright rich blue	flopo_obsolete	NARROW	FLOPO_0988025	blue (ISCC-NBS level 2)	FLOPO_0988025	SubClassOf
FLOPO_0980256	sky-blue	flopo_obsolete	NARROW	FLOPO_0988025	blue (ISCC-NBS level 2)	FLOPO_0988025	SubClassOf
FLOPO_0980257	sky blue	flopo_obsolete	NARROW	FLOPO_0988025	blue (ISCC-NBS level 2)	FLOPO_0988025	SubClassOf
FLOPO_0980261	sandy-yellow	flopo_obsolete	RELATED	FLOPO_0988004	yellow	PATO_0000014	SubClassOf
FLOPO_0980262	chestnut-brown	flopo_obsolete	NARROW	PATO_0001287	reddish brown	PATO_0001287	SubClassOf
FLOPO_0980264	dark-green	flopo_obsolete	EXACT	PATO_0001249	dark green	PATO_0001249	EquivalentTo
FLOPO_0980267	pink-flushed	flopo_obsolete	RELATED	FLOPO_0988000	pink	PATO_0000014	SubClassOf
FLOPO_0980274	greenish yellow inside	flopo_obsolete	RELATED	PATO_0104013	greenish yellow	PATO_0000014	SubClassOf
FLOPO_0980275	pink streaked	flopo_obsolete	RELATED	FLOPO_0988000	pink	PATO_0000014	SubClassOf
FLOPO_0980276	streaked with pink behind	flopo_obsolete	RELATED	FLOPO_0988000	pink	PATO_0000014	SubClassOf
FLOPO_0980285	chestnut-red	flopo_obsolete	NARROW	FLOPO_0988001	red	FLOPO_0988001	SubClassOf
FLOPO_0980291	flushed with purple	flopo_obsolete	RELATED	FLOPO_0988008	purple	PATO_0000014	SubClassOf
FLOPO_0980296	scarlet-flushed	flopo_obsolete	RELATED	FLOPO_0988001	red	PATO_0000014	SubClassOf
FLOPO_0980299	pale brownish	flopo_obsolete	RELATED	FLOPO_0988003	brown	PATO_0000014	SubClassOf
FLOPO_0980320	silver-grey	flopo_obsolete	NARROW	FLOPO_0988010	gray	FLOPO_0988010	SubClassOf
FLOPO_0980323	dark crimson-red	flopo_obsolete	NARROW	FLOPO_0988001	red	FLOPO_0988001	SubClassOf
FLOPO_0980335	greenish-gold	flopo_obsolete	RELATED	FLOPO_0988004	yellow	PATO_0000014	SubClassOf
FLOPO_0980352	very pale pink	flopo_obsolete	NARROW	FLOPO_0988012	pink (ISCC-NBS level 2)	FLOPO_0988012	SubClassOf
FLOPO_0980359	pale salmon-pink	flopo_obsolete	RELATED	FLOPO_0988000	pink	PATO_0000014	SubClassOf
FLOPO_0980363	bright sky-blue	flopo_obsolete	NARROW	FLOPO_0988025	blue (ISCC-NBS level 2)	FLOPO_0988025	SubClassOf
FLOPO_0980364	dark purplish	flopo_obsolete	RELATED	FLOPO_0988008	purple	PATO_0000014	SubClassOf
FLOPO_0980372	pale greenish-white	flopo_obsolete	NARROW	PATO_0104067	greenish white	PATO_0104067	SubClassOf
FLOPO_0980374	pale reddish	flopo_obsolete	RELATED	FLOPO_0988001	red	PATO_0000014	SubClassOf
FLOPO_0980375	greyish heart-shaped	flopo_obsolete	RELATED	FLOPO_0988010	gray	PATO_0000014	SubClassOf
FLOPO_0980376	bright deep blue	flopo_obsolete	NARROW	PATO_0104064	deep blue	PATO_0104064	SubClassOf
FLOPO_0980382	pale grey	flopo_obsolete	NARROW	FLOPO_0988010	gray	FLOPO_0988010	SubClassOf
FLOPO_0980398	brilliant deep pink	flopo_obsolete	NARROW	FLOPO_0988032	deep pink	FLOPO_0988032	SubClassOf
FLOPO_0980402	orange ripe	flopo_obsolete	RELATED	FLOPO_0988002	orange	PATO_0000014	SubClassOf
FLOPO_0980403	bright lilac	flopo_obsolete	RELATED	FLOPO_0988008	purple	PATO_0000014	SubClassOf
FLOPO_0980405	pale pinkish white	flopo_obsolete	NARROW	PATO_0104059	pinkish white	PATO_0104059	SubClassOf
FLOPO_0980406	crimson tipped	flopo_obsolete	NARROW	FLOPO_0988001	red	FLOPO_0988001	SubClassOf
FLOPO_0980409	bright reddish purple	flopo_obsolete	NARROW	PATO_0104079	reddish purple	PATO_0104079	SubClassOf
FLOPO_0980416	reddish orange	flopo_obsolete	EXACT	FLOPO_0988015	reddish orange	FLOPO_0988015	EquivalentTo
FLOPO_0980586	cream sensu RHS Colour Chart fifth edition	flopo_obsolete	RELATED	FLOPO_0988019	yellow (ISCC-NBS level 2)	PATO_0000014	SubClassOf
FLOPO_0980587	cream sensu Saccardo (1891)	flopo_obsolete	RELATED	FLOPO_0988019	yellow (ISCC-NBS level 2)	PATO_0000014	SubClassOf
FLOPO_0980588	crimson sensu Wilson Horticultural Colour Chart (1938/1940)	flopo_obsolete	NARROW	FLOPO_0988038	vivid red	FLOPO_0988038	SubClassOf
FLOPO_0980589	crimson sensu Textile Color Card Association of the USA	flopo_obsolete	NARROW	PATO_0104087	deep purplish red	PATO_0104087	SubClassOf
FLOPO_0980590	scarlet sensu Saccardo (1891)	flopo_obsolete	RELATED	FLOPO_0988001	red	PATO_0000014	SubClassOf
FLOPO_0980591	scarlet sensu Ridgway (1912)	flopo_obsolete	NARROW	FLOPO_0988061	strong reddish orange	FLOPO_0988061	SubClassOf
FLOPO_0980592	scarlet sensu Wilson Horticultural Colour Chart (1938/1940)	flopo_obsolete	NARROW	FLOPO_0988038	vivid red	FLOPO_0988038	SubClassOf
FLOPO_0980593	lemon yellow sensu Saccardo (1891)	flopo_obsolete	RELATED	FLOPO_0988004	yellow	PATO_0000014	SubClassOf
FLOPO_0980594	lemon yellow sensu Ridgway (1912)	flopo_obsolete	NARROW	PATO_0104013	greenish yellow	PATO_0104013	SubClassOf
FLOPO_0980595	mahogany red sensu Ridgway (1912)	flopo_obsolete	NARROW	FLOPO_0988069	moderate reddish brown	FLOPO_0988069	SubClassOf
FLOPO_0980596	salmon colour sensu Saccardo (1891)	flopo_obsolete	RELATED	FLOPO_0988000	pink	PATO_0000014	SubClassOf
FLOPO_0980597	salmon colour sensu Ridgway (1912)	flopo_obsolete	RELATED	FLOPO_0988000	pink	PATO_0000014	SubClassOf
FLOPO_0980598	chestnut colour sensu Saccardo (1891)	flopo_obsolete	RELATED	PATO_0001287	reddish brown	PATO_0000014	SubClassOf
FLOPO_0980599	chestnut sensu Ridgway (1912)	flopo_obsolete	NARROW	FLOPO_0988069	moderate reddish brown	FLOPO_0988069	SubClassOf
FLOPO_0980600	chestnut-brown sensu Ridgway (1912)	flopo_obsolete	NARROW	PATO_0001287	reddish brown	PATO_0001287	SubClassOf
FLOPO_0980601	chocolate brown sensu Saccardo (1891)	flopo_obsolete	RELATED	FLOPO_0988072	grayish reddish brown	PATO_0000014	SubClassOf
FLOPO_0980602	chocolate sensu Ridgway (1912)	flopo_obsolete	NARROW	FLOPO_0988072	grayish reddish brown	FLOPO_0988072	SubClassOf
FLOPO_0980603	olive-green sensu Saccardo (1891)	flopo_obsolete	RELATED	FLOPO_0988005	olive	PATO_0000014	SubClassOf
FLOPO_0980604	olive sensu Ridgway (1912)	flopo_obsolete	NARROW	FLOPO_0988021	olive (ISCC-NBS level 2)	FLOPO_0988021	SubClassOf
FLOPO_0980605	olive-green sensu Ridgway (1912)	flopo_obsolete	NARROW	FLOPO_0988130	moderate olive	FLOPO_0988130	SubClassOf
FLOPO_0980606	rose colour sensu Saccardo (1891)	flopo_obsolete	RELATED	FLOPO_0988000	pink	PATO_0000014	SubClassOf
FLOPO_0980607	rose color sensu Ridgway (1912)	flopo_obsolete	RELATED	FLOPO_0988000	pink	PATO_0000014	SubClassOf
FLOPO_0980608	rose pink sensu Ridgway (1912)	flopo_obsolete	NARROW	FLOPO_0988261	light purplish pink	FLOPO_0988261	SubClassOf
FLOPO_0980609	straw colour sensu Saccardo (1891)	flopo_obsolete	RELATED	FLOPO_0988019	yellow (ISCC-NBS level 2)	PATO_0000014	SubClassOf
FLOPO_0980610	straw yellow sensu Ridgway (1912)	flopo_obsolete	NARROW	FLOPO_0988110	light yellow	FLOPO_0988110	SubClassOf
PATO_0000317	black	pato_live	EXACT	FLOPO_0988011	black	FLOPO_0988011	EquivalentTo
PATO_0000318	blue	pato_live	EXACT	FLOPO_0988007	blue	FLOPO_0988007	EquivalentTo
PATO_0000319	cyan	pato_live	RELATED	FLOPO_0988006	green	PATO_0000319	EquivalentTo
PATO_0000320	green	pato_live	EXACT	FLOPO_0988006	green	FLOPO_0988006	EquivalentTo
PATO_0000321	magenta	pato_live	RELATED	FLOPO_0988001	red	PATO_0000321	EquivalentTo
PATO_0000322	red	pato_live	EXACT	FLOPO_0988001	red	FLOPO_0988001	EquivalentTo
PATO_0000323	white	pato_live	EXACT	FLOPO_0988009	white	FLOPO_0988009	EquivalentTo
PATO_0000324	yellow	pato_live	EXACT	FLOPO_0988004	yellow	FLOPO_0988004	EquivalentTo
PATO_0000336	colored	pato_live				PATO_0000336	EquivalentTo
PATO_0000950	grey	pato_live	EXACT	FLOPO_0988010	gray	FLOPO_0988010	EquivalentTo
PATO_0000951	purple	pato_live	EXACT	FLOPO_0988008	purple	FLOPO_0988008	EquivalentTo
PATO_0000952	brown	pato_live	EXACT	FLOPO_0988003	brown	FLOPO_0988003	EquivalentTo
PATO_0000953	orange	pato_live	EXACT	FLOPO_0988002	orange	FLOPO_0988002	EquivalentTo
PATO_0000954	pink	pato_live	EXACT	FLOPO_0988000	pink	FLOPO_0988000	EquivalentTo
PATO_0001243	light blue	pato_live	EXACT	FLOPO_0988198	light blue	FLOPO_0988198	EquivalentTo
PATO_0001244	dark blue	pato_live	EXACT	FLOPO_0988200	dark blue	FLOPO_0988200	EquivalentTo
PATO_0001245	dark brown	pato_live	EXACT	FLOPO_0988084	dark brown	FLOPO_0988084	EquivalentTo
PATO_0001246	light brown	pato_live	EXACT	FLOPO_0988082	light brown	FLOPO_0988082	EquivalentTo
PATO_0001247	light cyan	pato_live	RELATED	FLOPO_0988006	green	PATO_0001247	EquivalentTo
PATO_0001248	dark cyan	pato_live	RELATED	FLOPO_0988006	green	PATO_0001248	EquivalentTo
PATO_0001250	light green	pato_live	EXACT	FLOPO_0988166	light green	FLOPO_0988166	EquivalentTo
PATO_0001251	dark grey	pato_live	EXACT	FLOPO_0988275	dark gray	FLOPO_0988275	EquivalentTo
PATO_0001252	light grey	pato_live	EXACT	FLOPO_0988273	light gray	FLOPO_0988273	EquivalentTo
PATO_0001253	light magenta	pato_live	RELATED	FLOPO_0988001	red	PATO_0001253	EquivalentTo
PATO_0001254	dark magenta	pato_live	RELATED	FLOPO_0988001	red	PATO_0001254	EquivalentTo
PATO_0001255	light orange	pato_live	EXACT	FLOPO_0988077	light orange	FLOPO_0988077	EquivalentTo
PATO_0001256	dark orange	pato_live	NARROW	FLOPO_0988016	orange (ISCC-NBS level 2)	PATO_0001256	EquivalentTo
PATO_0001257	light deep pink	pato_live	NARROW	FLOPO_0988032	deep pink	PATO_0001257	EquivalentTo
PATO_0001258	deep pink	pato_live	EXACT	FLOPO_0988032	deep pink	FLOPO_0988032	EquivalentTo
PATO_0001259	dark purple	pato_live	EXACT	FLOPO_0988237	dark purple	FLOPO_0988237	EquivalentTo
PATO_0001260	light purple	pato_live	EXACT	FLOPO_0988235	light purple	FLOPO_0988235	EquivalentTo
PATO_0001261	dark red	pato_live	EXACT	FLOPO_0988042	dark red	FLOPO_0988042	EquivalentTo
PATO_0001262	light red	pato_live	NARROW	FLOPO_0988013	red (ISCC-NBS level 2)	PATO_0001262	EquivalentTo
PATO_0001263	dark yellow	pato_live	EXACT	FLOPO_0988112	dark yellow	FLOPO_0988112	EquivalentTo
PATO_0001264	light yellow	pato_live	EXACT	FLOPO_0988110	light yellow	FLOPO_0988110	EquivalentTo
PATO_0001265	saturated blue	pato_live	NARROW	FLOPO_0988025	blue (ISCC-NBS level 2)	PATO_0001265	EquivalentTo
PATO_0001266	desaturated blue	pato_live	NARROW	FLOPO_0988025	blue (ISCC-NBS level 2)	PATO_0001266	EquivalentTo
PATO_0001267	saturated brown	pato_live	NARROW	FLOPO_0988017	brown (ISCC-NBS level 2)	PATO_0001267	EquivalentTo
PATO_0001268	desaturated brown	pato_live	NARROW	FLOPO_0988017	brown (ISCC-NBS level 2)	PATO_0001268	EquivalentTo
PATO_0001269	saturated cyan	pato_live	RELATED	FLOPO_0988006	green	PATO_0001269	EquivalentTo
PATO_0001270	desaturated cyan	pato_live	RELATED	FLOPO_0988006	green	PATO_0001270	EquivalentTo
PATO_0001271	saturated green	pato_live	NARROW	FLOPO_0988023	green (ISCC-NBS level 2)	PATO_0001271	EquivalentTo
PATO_0001272	desaturated green	pato_live	NARROW	FLOPO_0988023	green (ISCC-NBS level 2)	PATO_0001272	EquivalentTo
PATO_0001275	saturated magenta	pato_live	RELATED	FLOPO_0988001	red	PATO_0001275	EquivalentTo
PATO_0001276	desaturated magenta	pato_live	RELATED	FLOPO_0988001	red	PATO_0001276	EquivalentTo
PATO_0001277	saturated orange	pato_live	NARROW	FLOPO_0988016	orange (ISCC-NBS level 2)	PATO_0001277	EquivalentTo
PATO_0001278	desaturated orange	pato_live	NARROW	FLOPO_0988016	orange (ISCC-NBS level 2)	PATO_0001278	EquivalentTo
PATO_0001280	dark pale pink	pato_live	NARROW	FLOPO_0988035	pale pink	PATO_0001280	EquivalentTo
PATO_0001281	saturated purple	pato_live	NARROW	FLOPO_0988028	purple (ISCC-NBS level 2)	PATO_0001281	EquivalentTo
PATO_0001282	desaturated purple	pato_live	NARROW	FLOPO_0988028	purple (ISCC-NBS level 2)	PATO_0001282	EquivalentTo
PATO_0001283	saturated red	pato_live	NARROW	FLOPO_0988013	red (ISCC-NBS level 2)	PATO_0001283	EquivalentTo
PATO_0001284	desaturated red	pato_live	NARROW	FLOPO_0988013	red (ISCC-NBS level 2)	PATO_0001284	EquivalentTo
PATO_0001285	saturated yellow	pato_live	NARROW	FLOPO_0988019	yellow (ISCC-NBS level 2)	PATO_0001285	EquivalentTo
PATO_0001286	desaturated yellow	pato_live	NARROW	FLOPO_0988019	yellow (ISCC-NBS level 2)	PATO_0001286	EquivalentTo
PATO_0001288	dark red brown	pato_live	EXACT	FLOPO_0988070	dark reddish brown	FLOPO_0988070	EquivalentTo
PATO_0001289	light red brown	pato_live	EXACT	FLOPO_0988068	light reddish brown	FLOPO_0988068	EquivalentTo
PATO_0001302	vermilion	pato_live	RELATED	FLOPO_0988001	red	PATO_0001302	EquivalentTo
PATO_0001424	violet	pato_live	EXACT	FLOPO_0988027	violet	FLOPO_0988027	EquivalentTo
PATO_0001425	rose colour	pato_live	RELATED	FLOPO_0988000	pink	PATO_0001425	EquivalentTo
PATO_0001426	maroon	pato_live	RELATED	FLOPO_0988001	red	PATO_0001426	EquivalentTo
PATO_0001702	saturated violet	pato_live	NARROW	FLOPO_0988027	violet	PATO_0001702	EquivalentTo
PATO_0001703	desaturated violet	pato_live	NARROW	FLOPO_0988027	violet	PATO_0001703	EquivalentTo
PATO_0001704	light violet	pato_live	EXACT	FLOPO_0988224	light violet	FLOPO_0988224	EquivalentTo
PATO_0001705	dark violet	pato_live	EXACT	FLOPO_0988226	dark violet	FLOPO_0988226	EquivalentTo
PATO_0001942	brown green	pato_live	NARROW	FLOPO_0988006	green	PATO_0001942	EquivalentTo
PATO_0001943	lilac	pato_live	RELATED	FLOPO_0988008	purple	PATO_0001943	EquivalentTo
PATO_0001944	yellow orange	pato_live	NARROW	FLOPO_0988002	orange	PATO_0001944	EquivalentTo
PATO_0001945	ochre	pato_live	RELATED	FLOPO_0988004	yellow	PATO_0001945	EquivalentTo
PATO_0002020	pale pink	pato_live	EXACT	FLOPO_0988035	pale pink	FLOPO_0988035	EquivalentTo
PATO_0002363	bronze	pato_live	RELATED	FLOPO_0988018	yellowish brown	PATO_0002363	EquivalentTo
PATO_0002410	beige	pato_live	NARROW	FLOPO_0988019	yellow (ISCC-NBS level 2)	PATO_0002410	EquivalentTo
PATO_0002411	yellow brown	pato_live	EXACT	FLOPO_0988018	yellowish brown	FLOPO_0988018	EquivalentTo
PATO_0002412	dark yellow brown	pato_live	EXACT	FLOPO_0988103	dark yellowish brown	FLOPO_0988103	EquivalentTo
PATO_0002413	light yellow brown	pato_live	EXACT	FLOPO_0988101	light yellowish brown	FLOPO_0988101	EquivalentTo
PATO_0104031	cream	pato_live	NARROW	FLOPO_0988019	yellow (ISCC-NBS level 2)	PATO_0104031	EquivalentTo
PATO_0104112	orange red	pato_live	NARROW	FLOPO_0988001	red	PATO_0104112	EquivalentTo
PATO_0104314	crimson	pato_withdrawn	NARROW	FLOPO_0988001	red	FLOPO_0988001	SubClassOf
PATO_0104317	scarlet	pato_withdrawn	RELATED	FLOPO_0988001	red	PATO_0000014	SubClassOf
PATO_0104321	lemon yellow	pato_withdrawn	NARROW	FLOPO_0988004	yellow	FLOPO_0988004	SubClassOf
PATO_0104324	mahogany red	pato_withdrawn	NARROW	PATO_0001287	reddish brown	PATO_0001287	SubClassOf
PATO_0104326	salmon colour	pato_withdrawn	RELATED	FLOPO_0988000	pink	PATO_0000014	SubClassOf
PATO_0104329	chestnut colour	pato_withdrawn	NARROW	PATO_0001287	reddish brown	PATO_0001287	SubClassOf
PATO_0104333	chocolate brown	pato_withdrawn	NARROW	FLOPO_0988072	grayish reddish brown	FLOPO_0988072	SubClassOf
PATO_0104336	olive colour	pato_withdrawn	EXACT	FLOPO_0988005	olive	FLOPO_0988005	EquivalentTo
PATO_0104343	straw yellow	pato_withdrawn	NARROW	FLOPO_0988019	yellow (ISCC-NBS level 2)	FLOPO_0988019	SubClassOf
FLOPO_0988000	pink	backbone	EXACT	FLOPO_0988000	pink	FLOPO_0988000	EquivalentTo
FLOPO_0988001	red	backbone	EXACT	FLOPO_0988001	red	FLOPO_0988001	EquivalentTo
FLOPO_0988002	orange	backbone	EXACT	FLOPO_0988002	orange	FLOPO_0988002	EquivalentTo
FLOPO_0988003	brown	backbone	EXACT	FLOPO_0988003	brown	FLOPO_0988003	EquivalentTo
FLOPO_0988004	yellow	backbone	EXACT	FLOPO_0988004	yellow	FLOPO_0988004	EquivalentTo
FLOPO_0988005	olive	backbone	EXACT	FLOPO_0988005	olive	FLOPO_0988005	EquivalentTo
FLOPO_0988006	green	backbone	EXACT	FLOPO_0988006	green	FLOPO_0988006	EquivalentTo
FLOPO_0988007	blue	backbone	EXACT	FLOPO_0988007	blue	FLOPO_0988007	EquivalentTo
FLOPO_0988008	purple	backbone	EXACT	FLOPO_0988008	purple	FLOPO_0988008	EquivalentTo
FLOPO_0988009	white	backbone	EXACT	FLOPO_0988009	white	FLOPO_0988009	EquivalentTo
FLOPO_0988010	gray	backbone	EXACT	FLOPO_0988010	gray	FLOPO_0988010	EquivalentTo
FLOPO_0988011	black	backbone	EXACT	FLOPO_0988011	black	FLOPO_0988011	EquivalentTo
FLOPO_0988012	pink (ISCC-NBS level 2)	backbone	EXACT	FLOPO_0988012	pink (ISCC-NBS level 2)	FLOPO_0988012	EquivalentTo
FLOPO_0988013	red (ISCC-NBS level 2)	backbone	EXACT	FLOPO_0988013	red (ISCC-NBS level 2)	FLOPO_0988013	EquivalentTo
FLOPO_0988014	yellowish pink	backbone	EXACT	FLOPO_0988014	yellowish pink	FLOPO_0988014	EquivalentTo
FLOPO_0988015	reddish orange	backbone	EXACT	FLOPO_0988015	reddish orange	FLOPO_0988015	EquivalentTo
FLOPO_0988016	orange (ISCC-NBS level 2)	backbone	EXACT	FLOPO_0988016	orange (ISCC-NBS level 2)	FLOPO_0988016	EquivalentTo
FLOPO_0988017	brown (ISCC-NBS level 2)	backbone	EXACT	FLOPO_0988017	brown (ISCC-NBS level 2)	FLOPO_0988017	EquivalentTo
FLOPO_0988018	yellowish brown	backbone	EXACT	FLOPO_0988018	yellowish brown	FLOPO_0988018	EquivalentTo
FLOPO_0988019	yellow (ISCC-NBS level 2)	backbone	EXACT	FLOPO_0988019	yellow (ISCC-NBS level 2)	FLOPO_0988019	EquivalentTo
FLOPO_0988020	olive brown	backbone	EXACT	FLOPO_0988020	olive brown	FLOPO_0988020	EquivalentTo
FLOPO_0988021	olive (ISCC-NBS level 2)	backbone	EXACT	FLOPO_0988021	olive (ISCC-NBS level 2)	FLOPO_0988021	EquivalentTo
FLOPO_0988022	olive green	backbone	EXACT	FLOPO_0988022	olive green	FLOPO_0988022	EquivalentTo
FLOPO_0988023	green (ISCC-NBS level 2)	backbone	EXACT	FLOPO_0988023	green (ISCC-NBS level 2)	FLOPO_0988023	EquivalentTo
FLOPO_0988024	greenish blue	backbone	EXACT	FLOPO_0988024	greenish blue	FLOPO_0988024	EquivalentTo
FLOPO_0988025	blue (ISCC-NBS level 2)	backbone	EXACT	FLOPO_0988025	blue (ISCC-NBS level 2)	FLOPO_0988025	EquivalentTo
FLOPO_0988026	purplish blue	backbone	EXACT	FLOPO_0988026	purplish blue	FLOPO_0988026	EquivalentTo
FLOPO_0988027	violet	backbone	EXACT	FLOPO_0988027	violet	FLOPO_0988027	EquivalentTo
FLOPO_0988028	purple (ISCC-NBS level 2)	backbone	EXACT	FLOPO_0988028	purple (ISCC-NBS level 2)	FLOPO_0988028	EquivalentTo
FLOPO_0988029	purplish pink	backbone	EXACT	FLOPO_0988029	purplish pink	FLOPO_0988029	EquivalentTo
FLOPO_0988030	vivid pink	backbone	EXACT	FLOPO_0988030	vivid pink	FLOPO_0988030	EquivalentTo
FLOPO_0988031	strong pink	backbone	EXACT	FLOPO_0988031	strong pink	FLOPO_0988031	EquivalentTo
FLOPO_0988032	deep pink	backbone	EXACT	FLOPO_0988032	deep pink	FLOPO_0988032	EquivalentTo
FLOPO_0988033	light pink	backbone	EXACT	FLOPO_0988033	light pink	FLOPO_0988033	EquivalentTo
FLOPO_0988034	moderate pink	backbone	EXACT	FLOPO_0988034	moderate pink	FLOPO_0988034	EquivalentTo
FLOPO_0988035	pale pink	backbone	EXACT	FLOPO_0988035	pale pink	FLOPO_0988035	EquivalentTo
FLOPO_0988036	grayish pink	backbone	EXACT	FLOPO_0988036	grayish pink	FLOPO_0988036	EquivalentTo
FLOPO_0988037	pinkish gray	backbone	EXACT	FLOPO_0988037	pinkish gray	FLOPO_0988037	EquivalentTo
FLOPO_0988038	vivid red	backbone	EXACT	FLOPO_0988038	vivid red	FLOPO_0988038	EquivalentTo
FLOPO_0988039	strong red	backbone	EXACT	FLOPO_0988039	strong red	FLOPO_0988039	EquivalentTo
FLOPO_0988040	very deep red	backbone	EXACT	FLOPO_0988040	very deep red	FLOPO_0988040	EquivalentTo
FLOPO_0988041	moderate red	backbone	EXACT	FLOPO_0988041	moderate red	FLOPO_0988041	EquivalentTo
FLOPO_0988042	dark red	backbone	EXACT	FLOPO_0988042	dark red	FLOPO_0988042	EquivalentTo
FLOPO_0988043	very dark red	backbone	EXACT	FLOPO_0988043	very dark red	FLOPO_0988043	EquivalentTo
FLOPO_0988044	light grayish red	backbone	EXACT	FLOPO_0988044	light grayish red	FLOPO_0988044	EquivalentTo
FLOPO_0988045	grayish red	backbone	EXACT	FLOPO_0988045	grayish red	FLOPO_0988045	EquivalentTo
FLOPO_0988046	dark grayish red	backbone	EXACT	FLOPO_0988046	dark grayish red	FLOPO_0988046	EquivalentTo
FLOPO_0988047	blackish red	backbone	EXACT	FLOPO_0988047	blackish red	FLOPO_0988047	EquivalentTo
FLOPO_0988048	reddish gray	backbone	EXACT	FLOPO_0988048	reddish gray	FLOPO_0988048	EquivalentTo
FLOPO_0988049	dark reddish gray	backbone	EXACT	FLOPO_0988049	dark reddish gray	FLOPO_0988049	EquivalentTo
FLOPO_0988050	reddish black	backbone	EXACT	FLOPO_0988050	reddish black	FLOPO_0988050	EquivalentTo
FLOPO_0988051	vivid yellowish pink	backbone	EXACT	FLOPO_0988051	vivid yellowish pink	FLOPO_0988051	EquivalentTo
FLOPO_0988052	strong yellowish pink	backbone	EXACT	FLOPO_0988052	strong yellowish pink	FLOPO_0988052	EquivalentTo
FLOPO_0988053	deep yellowish pink	backbone	EXACT	FLOPO_0988053	deep yellowish pink	FLOPO_0988053	EquivalentTo
FLOPO_0988054	light yellowish pink	backbone	EXACT	FLOPO_0988054	light yellowish pink	FLOPO_0988054	EquivalentTo
FLOPO_0988055	moderate yellowish pink	backbone	EXACT	FLOPO_0988055	moderate yellowish pink	FLOPO_0988055	EquivalentTo
FLOPO_0988056	dark yellowish pink	backbone	EXACT	FLOPO_0988056	dark yellowish pink	FLOPO_0988056	EquivalentTo
FLOPO_0988057	pale yellowish pink	backbone	EXACT	FLOPO_0988057	pale yellowish pink	FLOPO_0988057	EquivalentTo
FLOPO_0988058	grayish yellowish pink	backbone	EXACT	FLOPO_0988058	grayish yellowish pink	FLOPO_0988058	EquivalentTo
FLOPO_0988059	brownish pink	backbone	EXACT	FLOPO_0988059	brownish pink	FLOPO_0988059	EquivalentTo
FLOPO_0988060	vivid reddish orange	backbone	EXACT	FLOPO_0988060	vivid reddish orange	FLOPO_0988060	EquivalentTo
FLOPO_0988061	strong reddish orange	backbone	EXACT	FLOPO_0988061	strong reddish orange	FLOPO_0988061	EquivalentTo
FLOPO_0988062	deep reddish orange	backbone	EXACT	FLOPO_0988062	deep reddish orange	FLOPO_0988062	EquivalentTo
FLOPO_0988063	moderate reddish orange	backbone	EXACT	FLOPO_0988063	moderate reddish orange	FLOPO_0988063	EquivalentTo
FLOPO_0988064	dark reddish orange	backbone	EXACT	FLOPO_0988064	dark reddish orange	FLOPO_0988064	EquivalentTo
FLOPO_0988065	grayish reddish orange	backbone	EXACT	FLOPO_0988065	grayish reddish orange	FLOPO_0988065	EquivalentTo
FLOPO_0988066	strong reddish brown	backbone	EXACT	FLOPO_0988066	strong reddish brown	FLOPO_0988066	EquivalentTo
FLOPO_0988067	deep reddish brown	backbone	EXACT	FLOPO_0988067	deep reddish brown	FLOPO_0988067	EquivalentTo
FLOPO_0988068	light reddish brown	backbone	EXACT	FLOPO_0988068	light reddish brown	FLOPO_0988068	EquivalentTo
FLOPO_0988069	moderate reddish brown	backbone	EXACT	FLOPO_0988069	moderate reddish brown	FLOPO_0988069	EquivalentTo
FLOPO_0988070	dark reddish brown	backbone	EXACT	FLOPO_0988070	dark reddish brown	FLOPO_0988070	EquivalentTo
FLOPO_0988071	light grayish reddish brown	backbone	EXACT	FLOPO_0988071	light grayish reddish brown	FLOPO_0988071	EquivalentTo
FLOPO_0988072	grayish reddish brown	backbone	EXACT	FLOPO_0988072	grayish reddish brown	FLOPO_0988072	EquivalentTo
FLOPO_0988073	dark grayish reddish brown	backbone	EXACT	FLOPO_0988073	dark grayish reddish brown	FLOPO_0988073	EquivalentTo
FLOPO_0988074	vivid orange	backbone	EXACT	FLOPO_0988074	vivid orange	FLOPO_0988074	EquivalentTo
FLOPO_0988075	brilliant orange	backbone	EXACT	FLOPO_0988075	brilliant orange	FLOPO_0988075	EquivalentTo
FLOPO_0988076	strong orange	backbone	EXACT	FLOPO_0988076	strong orange	FLOPO_0988076	EquivalentTo
FLOPO_0988077	light orange	backbone	EXACT	FLOPO_0988077	light orange	FLOPO_0988077	EquivalentTo
FLOPO_0988078	moderate orange	backbone	EXACT	FLOPO_0988078	moderate orange	FLOPO_0988078	EquivalentTo
FLOPO_0988079	brownish orange	backbone	EXACT	FLOPO_0988079	brownish orange	FLOPO_0988079	EquivalentTo
FLOPO_0988080	strong brown	backbone	EXACT	FLOPO_0988080	strong brown	FLOPO_0988080	EquivalentTo
FLOPO_0988081	deep brown	backbone	EXACT	FLOPO_0988081	deep brown	FLOPO_0988081	EquivalentTo
FLOPO_0988082	light brown	backbone	EXACT	FLOPO_0988082	light brown	FLOPO_0988082	EquivalentTo
FLOPO_0988083	moderate brown	backbone	EXACT	FLOPO_0988083	moderate brown	FLOPO_0988083	EquivalentTo
FLOPO_0988084	dark brown	backbone	EXACT	FLOPO_0988084	dark brown	FLOPO_0988084	EquivalentTo
FLOPO_0988085	light grayish brown	backbone	EXACT	FLOPO_0988085	light grayish brown	FLOPO_0988085	EquivalentTo
FLOPO_0988086	grayish brown	backbone	EXACT	FLOPO_0988086	grayish brown	FLOPO_0988086	EquivalentTo
FLOPO_0988087	dark grayish brown	backbone	EXACT	FLOPO_0988087	dark grayish brown	FLOPO_0988087	EquivalentTo
FLOPO_0988088	light brownish gray	backbone	EXACT	FLOPO_0988088	light brownish gray	FLOPO_0988088	EquivalentTo
FLOPO_0988089	brownish gray	backbone	EXACT	FLOPO_0988089	brownish gray	FLOPO_0988089	EquivalentTo
FLOPO_0988090	brownish black	backbone	EXACT	FLOPO_0988090	brownish black	FLOPO_0988090	EquivalentTo
FLOPO_0988091	vivid orange yellow	backbone	EXACT	FLOPO_0988091	vivid orange yellow	FLOPO_0988091	EquivalentTo
FLOPO_0988092	brilliant orange yellow	backbone	EXACT	FLOPO_0988092	brilliant orange yellow	FLOPO_0988092	EquivalentTo
FLOPO_0988093	strong orange yellow	backbone	EXACT	FLOPO_0988093	strong orange yellow	FLOPO_0988093	EquivalentTo
FLOPO_0988094	deep orange yellow	backbone	EXACT	FLOPO_0988094	deep orange yellow	FLOPO_0988094	EquivalentTo
FLOPO_0988095	light orange yellow	backbone	EXACT	FLOPO_0988095	light orange yellow	FLOPO_0988095	EquivalentTo
FLOPO_0988096	moderate orange yellow	backbone	EXACT	FLOPO_0988096	moderate orange yellow	FLOPO_0988096	EquivalentTo
FLOPO_0988097	dark orange yellow	backbone	EXACT	FLOPO_0988097	dark orange yellow	FLOPO_0988097	EquivalentTo
FLOPO_0988098	pale orange yellow	backbone	EXACT	FLOPO_0988098	pale orange yellow	FLOPO_0988098	EquivalentTo
FLOPO_0988099	strong yellowish brown	backbone	EXACT	FLOPO_0988099	strong yellowish brown	FLOPO_0988099	EquivalentTo
FLOPO_0988100	deep yellowish brown	backbone	EXACT	FLOPO_0988100	deep yellowish brown	FLOPO_0988100	EquivalentTo
FLOPO_0988101	light yellowish brown	backbone	EXACT	FLOPO_0988101	light yellowish brown	FLOPO_0988101	EquivalentTo
FLOPO_0988102	moderate yellowish brown	backbone	EXACT	FLOPO_0988102	moderate yellowish brown	FLOPO_0988102	EquivalentTo
FLOPO_0988103	dark yellowish brown	backbone	EXACT	FLOPO_0988103	dark yellowish brown	FLOPO_0988103	EquivalentTo
FLOPO_0988104	light grayish yellowish brown	backbone	EXACT	FLOPO_0988104	light grayish yellowish brown	FLOPO_0988104	EquivalentTo
FLOPO_0988105	grayish yellowish brown	backbone	EXACT	FLOPO_0988105	grayish yellowish brown	FLOPO_0988105	EquivalentTo
FLOPO_0988106	dark grayish yellowish brown	backbone	EXACT	FLOPO_0988106	dark grayish yellowish brown	FLOPO_0988106	EquivalentTo
FLOPO_0988107	vivid yellow	backbone	EXACT	FLOPO_0988107	vivid yellow	FLOPO_0988107	EquivalentTo
FLOPO_0988108	brilliant yellow	backbone	EXACT	FLOPO_0988108	brilliant yellow	FLOPO_0988108	EquivalentTo
FLOPO_0988109	strong yellow	backbone	EXACT	FLOPO_0988109	strong yellow	FLOPO_0988109	EquivalentTo
FLOPO_0988110	light yellow	backbone	EXACT	FLOPO_0988110	light yellow	FLOPO_0988110	EquivalentTo
FLOPO_0988111	moderate yellow	backbone	EXACT	FLOPO_0988111	moderate yellow	FLOPO_0988111	EquivalentTo
FLOPO_0988112	dark yellow	backbone	EXACT	FLOPO_0988112	dark yellow	FLOPO_0988112	EquivalentTo
FLOPO_0988113	pale yellow	backbone	EXACT	FLOPO_0988113	pale yellow	FLOPO_0988113	EquivalentTo
FLOPO_0988114	grayish yellow	backbone	EXACT	FLOPO_0988114	grayish yellow	FLOPO_0988114	EquivalentTo
FLOPO_0988115	dark grayish yellow	backbone	EXACT	FLOPO_0988115	dark grayish yellow	FLOPO_0988115	EquivalentTo
FLOPO_0988116	yellowish white	backbone	EXACT	FLOPO_0988116	yellowish white	FLOPO_0988116	EquivalentTo
FLOPO_0988117	yellowish gray	backbone	EXACT	FLOPO_0988117	yellowish gray	FLOPO_0988117	EquivalentTo
FLOPO_0988118	light olive brown	backbone	EXACT	FLOPO_0988118	light olive brown	FLOPO_0988118	EquivalentTo
FLOPO_0988119	moderate olive brown	backbone	EXACT	FLOPO_0988119	moderate olive brown	FLOPO_0988119	EquivalentTo
FLOPO_0988120	dark olive brown	backbone	EXACT	FLOPO_0988120	dark olive brown	FLOPO_0988120	EquivalentTo
FLOPO_0988121	vivid greenish yellow	backbone	EXACT	FLOPO_0988121	vivid greenish yellow	FLOPO_0988121	EquivalentTo
FLOPO_0988122	brilliant greenish yellow	backbone	EXACT	FLOPO_0988122	brilliant greenish yellow	FLOPO_0988122	EquivalentTo
FLOPO_0988123	strong greenish yellow	backbone	EXACT	FLOPO_0988123	strong greenish yellow	FLOPO_0988123	EquivalentTo
FLOPO_0988124	deep greenish yellow	backbone	EXACT	FLOPO_0988124	deep greenish yellow	FLOPO_0988124	EquivalentTo
FLOPO_0988125	light greenish yellow	backbone	EXACT	FLOPO_0988125	light greenish yellow	FLOPO_0988125	EquivalentTo
FLOPO_0988126	moderate greenish yellow	backbone	EXACT	FLOPO_0988126	moderate greenish yellow	FLOPO_0988126	EquivalentTo
FLOPO_0988127	dark greenish yellow	backbone	EXACT	FLOPO_0988127	dark greenish yellow	FLOPO_0988127	EquivalentTo
FLOPO_0988128	grayish greenish yellow	backbone	EXACT	FLOPO_0988128	grayish greenish yellow	FLOPO_0988128	EquivalentTo
FLOPO_0988129	light olive	backbone	EXACT	FLOPO_0988129	light olive	FLOPO_0988129	EquivalentTo
FLOPO_0988130	moderate olive	backbone	EXACT	FLOPO_0988130	moderate olive	FLOPO_0988130	EquivalentTo
FLOPO_0988131	dark olive	backbone	EXACT	FLOPO_0988131	dark olive	FLOPO_0988131	EquivalentTo
FLOPO_0988132	light grayish olive	backbone	EXACT	FLOPO_0988132	light grayish olive	FLOPO_0988132	EquivalentTo
FLOPO_0988133	grayish olive	backbone	EXACT	FLOPO_0988133	grayish olive	FLOPO_0988133	EquivalentTo
FLOPO_0988134	dark grayish olive	backbone	EXACT	FLOPO_0988134	dark grayish olive	FLOPO_0988134	EquivalentTo
FLOPO_0988135	light olive gray	backbone	EXACT	FLOPO_0988135	light olive gray	FLOPO_0988135	EquivalentTo
FLOPO_0988136	olive gray	backbone	EXACT	FLOPO_0988136	olive gray	FLOPO_0988136	EquivalentTo
FLOPO_0988137	olive black	backbone	EXACT	FLOPO_0988137	olive black	FLOPO_0988137	EquivalentTo
FLOPO_0988138	vivid yellow green	backbone	EXACT	FLOPO_0988138	vivid yellow green	FLOPO_0988138	EquivalentTo
FLOPO_0988139	brilliant yellow green	backbone	EXACT	FLOPO_0988139	brilliant yellow green	FLOPO_0988139	EquivalentTo
FLOPO_0988140	strong yellow green	backbone	EXACT	FLOPO_0988140	strong yellow green	FLOPO_0988140	EquivalentTo
FLOPO_0988141	deep yellow green	backbone	EXACT	FLOPO_0988141	deep yellow green	FLOPO_0988141	EquivalentTo
FLOPO_0988142	light yellow green	backbone	EXACT	FLOPO_0988142	light yellow green	FLOPO_0988142	EquivalentTo
FLOPO_0988143	moderate yellow green	backbone	EXACT	FLOPO_0988143	moderate yellow green	FLOPO_0988143	EquivalentTo
FLOPO_0988144	pale yellow green	backbone	EXACT	FLOPO_0988144	pale yellow green	FLOPO_0988144	EquivalentTo
FLOPO_0988145	grayish yellow green	backbone	EXACT	FLOPO_0988145	grayish yellow green	FLOPO_0988145	EquivalentTo
FLOPO_0988146	strong olive green	backbone	EXACT	FLOPO_0988146	strong olive green	FLOPO_0988146	EquivalentTo
FLOPO_0988147	deep olive green	backbone	EXACT	FLOPO_0988147	deep olive green	FLOPO_0988147	EquivalentTo
FLOPO_0988148	moderate olive green	backbone	EXACT	FLOPO_0988148	moderate olive green	FLOPO_0988148	EquivalentTo
FLOPO_0988149	dark olive green	backbone	EXACT	FLOPO_0988149	dark olive green	FLOPO_0988149	EquivalentTo
FLOPO_0988150	grayish olive green	backbone	EXACT	FLOPO_0988150	grayish olive green	FLOPO_0988150	EquivalentTo
FLOPO_0988151	dark grayish olive green	backbone	EXACT	FLOPO_0988151	dark grayish olive green	FLOPO_0988151	EquivalentTo
FLOPO_0988152	vivid yellowish green	backbone	EXACT	FLOPO_0988152	vivid yellowish green	FLOPO_0988152	EquivalentTo
FLOPO_0988153	brilliant yellowish green	backbone	EXACT	FLOPO_0988153	brilliant yellowish green	FLOPO_0988153	EquivalentTo
FLOPO_0988154	strong yellowish green	backbone	EXACT	FLOPO_0988154	strong yellowish green	FLOPO_0988154	EquivalentTo
FLOPO_0988155	deep yellowish green	backbone	EXACT	FLOPO_0988155	deep yellowish green	FLOPO_0988155	EquivalentTo
FLOPO_0988156	very deep yellowish green	backbone	EXACT	FLOPO_0988156	very deep yellowish green	FLOPO_0988156	EquivalentTo
FLOPO_0988157	very light yellowish green	backbone	EXACT	FLOPO_0988157	very light yellowish green	FLOPO_0988157	EquivalentTo
FLOPO_0988158	light yellowish green	backbone	EXACT	FLOPO_0988158	light yellowish green	FLOPO_0988158	EquivalentTo
FLOPO_0988159	moderate yellowish green	backbone	EXACT	FLOPO_0988159	moderate yellowish green	FLOPO_0988159	EquivalentTo
FLOPO_0988160	dark yellowish green	backbone	EXACT	FLOPO_0988160	dark yellowish green	FLOPO_0988160	EquivalentTo
FLOPO_0988161	very dark yellowish green	backbone	EXACT	FLOPO_0988161	very dark yellowish green	FLOPO_0988161	EquivalentTo
FLOPO_0988162	vivid green	backbone	EXACT	FLOPO_0988162	vivid green	FLOPO_0988162	EquivalentTo
FLOPO_0988163	brilliant green	backbone	EXACT	FLOPO_0988163	brilliant green	FLOPO_0988163	EquivalentTo
FLOPO_0988164	strong green	backbone	EXACT	FLOPO_0988164	strong green	FLOPO_0988164	EquivalentTo
FLOPO_0988165	very light green	backbone	EXACT	FLOPO_0988165	very light green	FLOPO_0988165	EquivalentTo
FLOPO_0988166	light green	backbone	EXACT	FLOPO_0988166	light green	FLOPO_0988166	EquivalentTo
FLOPO_0988167	moderate green	backbone	EXACT	FLOPO_0988167	moderate green	FLOPO_0988167	EquivalentTo
FLOPO_0988168	very dark green	backbone	EXACT	FLOPO_0988168	very dark green	FLOPO_0988168	EquivalentTo
FLOPO_0988169	pale green	backbone	EXACT	FLOPO_0988169	pale green	FLOPO_0988169	EquivalentTo
FLOPO_0988170	dark grayish green	backbone	EXACT	FLOPO_0988170	dark grayish green	FLOPO_0988170	EquivalentTo
FLOPO_0988171	blackish green	backbone	EXACT	FLOPO_0988171	blackish green	FLOPO_0988171	EquivalentTo
FLOPO_0988172	light greenish gray	backbone	EXACT	FLOPO_0988172	light greenish gray	FLOPO_0988172	EquivalentTo
FLOPO_0988173	greenish gray	backbone	EXACT	FLOPO_0988173	greenish gray	FLOPO_0988173	EquivalentTo
FLOPO_0988174	dark greenish gray	backbone	EXACT	FLOPO_0988174	dark greenish gray	FLOPO_0988174	EquivalentTo
FLOPO_0988175	greenish black	backbone	EXACT	FLOPO_0988175	greenish black	FLOPO_0988175	EquivalentTo
FLOPO_0988176	vivid bluish green	backbone	EXACT	FLOPO_0988176	vivid bluish green	FLOPO_0988176	EquivalentTo
FLOPO_0988177	brilliant bluish green	backbone	EXACT	FLOPO_0988177	brilliant bluish green	FLOPO_0988177	EquivalentTo
FLOPO_0988178	strong bluish green	backbone	EXACT	FLOPO_0988178	strong bluish green	FLOPO_0988178	EquivalentTo
FLOPO_0988179	deep bluish green	backbone	EXACT	FLOPO_0988179	deep bluish green	FLOPO_0988179	EquivalentTo
FLOPO_0988180	very light bluish green	backbone	EXACT	FLOPO_0988180	very light bluish green	FLOPO_0988180	EquivalentTo
FLOPO_0988181	light bluish green	backbone	EXACT	FLOPO_0988181	light bluish green	FLOPO_0988181	EquivalentTo
FLOPO_0988182	moderate bluish green	backbone	EXACT	FLOPO_0988182	moderate bluish green	FLOPO_0988182	EquivalentTo
FLOPO_0988183	dark bluish green	backbone	EXACT	FLOPO_0988183	dark bluish green	FLOPO_0988183	EquivalentTo
FLOPO_0988184	very dark bluish green	backbone	EXACT	FLOPO_0988184	very dark bluish green	FLOPO_0988184	EquivalentTo
FLOPO_0988185	vivid greenish blue	backbone	EXACT	FLOPO_0988185	vivid greenish blue	FLOPO_0988185	EquivalentTo
FLOPO_0988186	brilliant greenish blue	backbone	EXACT	FLOPO_0988186	brilliant greenish blue	FLOPO_0988186	EquivalentTo
FLOPO_0988187	strong greenish blue	backbone	EXACT	FLOPO_0988187	strong greenish blue	FLOPO_0988187	EquivalentTo
FLOPO_0988188	deep greenish blue	backbone	EXACT	FLOPO_0988188	deep greenish blue	FLOPO_0988188	EquivalentTo
FLOPO_0988189	very light greenish blue	backbone	EXACT	FLOPO_0988189	very light greenish blue	FLOPO_0988189	EquivalentTo
FLOPO_0988190	light greenish blue	backbone	EXACT	FLOPO_0988190	light greenish blue	FLOPO_0988190	EquivalentTo
FLOPO_0988191	moderate greenish blue	backbone	EXACT	FLOPO_0988191	moderate greenish blue	FLOPO_0988191	EquivalentTo
FLOPO_0988192	dark greenish blue	backbone	EXACT	FLOPO_0988192	dark greenish blue	FLOPO_0988192	EquivalentTo
FLOPO_0988193	very dark greenish blue	backbone	EXACT	FLOPO_0988193	very dark greenish blue	FLOPO_0988193	EquivalentTo
FLOPO_0988194	vivid blue	backbone	EXACT	FLOPO_0988194	vivid blue	FLOPO_0988194	EquivalentTo
FLOPO_0988195	brilliant blue	backbone	EXACT	FLOPO_0988195	brilliant blue	FLOPO_0988195	EquivalentTo
FLOPO_0988196	strong blue	backbone	EXACT	FLOPO_0988196	strong blue	FLOPO_0988196	EquivalentTo
FLOPO_0988197	very light blue	backbone	EXACT	FLOPO_0988197	very light blue	FLOPO_0988197	EquivalentTo
FLOPO_0988198	light blue	backbone	EXACT	FLOPO_0988198	light blue	FLOPO_0988198	EquivalentTo
FLOPO_0988199	moderate blue	backbone	EXACT	FLOPO_0988199	moderate blue	FLOPO_0988199	EquivalentTo
FLOPO_0988200	dark blue	backbone	EXACT	FLOPO_0988200	dark blue	FLOPO_0988200	EquivalentTo
FLOPO_0988201	pale blue	backbone	EXACT	FLOPO_0988201	pale blue	FLOPO_0988201	EquivalentTo
FLOPO_0988202	grayish blue	backbone	EXACT	FLOPO_0988202	grayish blue	FLOPO_0988202	EquivalentTo
FLOPO_0988203	dark grayish blue	backbone	EXACT	FLOPO_0988203	dark grayish blue	FLOPO_0988203	EquivalentTo
FLOPO_0988204	blackish blue	backbone	EXACT	FLOPO_0988204	blackish blue	FLOPO_0988204	EquivalentTo
FLOPO_0988205	bluish white	backbone	EXACT	FLOPO_0988205	bluish white	FLOPO_0988205	EquivalentTo
FLOPO_0988206	light bluish gray	backbone	EXACT	FLOPO_0988206	light bluish gray	FLOPO_0988206	EquivalentTo
FLOPO_0988207	dark bluish gray	backbone	EXACT	FLOPO_0988207	dark bluish gray	FLOPO_0988207	EquivalentTo
FLOPO_0988208	bluish black	backbone	EXACT	FLOPO_0988208	bluish black	FLOPO_0988208	EquivalentTo
FLOPO_0988209	vivid purplish blue	backbone	EXACT	FLOPO_0988209	vivid purplish blue	FLOPO_0988209	EquivalentTo
FLOPO_0988210	brilliant purplish blue	backbone	EXACT	FLOPO_0988210	brilliant purplish blue	FLOPO_0988210	EquivalentTo
FLOPO_0988211	strong purplish blue	backbone	EXACT	FLOPO_0988211	strong purplish blue	FLOPO_0988211	EquivalentTo
FLOPO_0988212	deep purplish blue	backbone	EXACT	FLOPO_0988212	deep purplish blue	FLOPO_0988212	EquivalentTo
FLOPO_0988213	very light purplish blue	backbone	EXACT	FLOPO_0988213	very light purplish blue	FLOPO_0988213	EquivalentTo
FLOPO_0988214	light purplish blue	backbone	EXACT	FLOPO_0988214	light purplish blue	FLOPO_0988214	EquivalentTo
FLOPO_0988215	moderate purplish blue	backbone	EXACT	FLOPO_0988215	moderate purplish blue	FLOPO_0988215	EquivalentTo
FLOPO_0988216	dark purplish blue	backbone	EXACT	FLOPO_0988216	dark purplish blue	FLOPO_0988216	EquivalentTo
FLOPO_0988217	very pale purplish blue	backbone	EXACT	FLOPO_0988217	very pale purplish blue	FLOPO_0988217	EquivalentTo
FLOPO_0988218	pale purplish blue	backbone	EXACT	FLOPO_0988218	pale purplish blue	FLOPO_0988218	EquivalentTo
FLOPO_0988219	grayish purplish blue	backbone	EXACT	FLOPO_0988219	grayish purplish blue	FLOPO_0988219	EquivalentTo
FLOPO_0988220	vivid violet	backbone	EXACT	FLOPO_0988220	vivid violet	FLOPO_0988220	EquivalentTo
FLOPO_0988221	brilliant violet	backbone	EXACT	FLOPO_0988221	brilliant violet	FLOPO_0988221	EquivalentTo
FLOPO_0988222	strong violet	backbone	EXACT	FLOPO_0988222	strong violet	FLOPO_0988222	EquivalentTo
FLOPO_0988223	very light violet	backbone	EXACT	FLOPO_0988223	very light violet	FLOPO_0988223	EquivalentTo
FLOPO_0988224	light violet	backbone	EXACT	FLOPO_0988224	light violet	FLOPO_0988224	EquivalentTo
FLOPO_0988225	moderate violet	backbone	EXACT	FLOPO_0988225	moderate violet	FLOPO_0988225	EquivalentTo
FLOPO_0988226	dark violet	backbone	EXACT	FLOPO_0988226	dark violet	FLOPO_0988226	EquivalentTo
FLOPO_0988227	very pale violet	backbone	EXACT	FLOPO_0988227	very pale violet	FLOPO_0988227	EquivalentTo
FLOPO_0988228	pale violet	backbone	EXACT	FLOPO_0988228	pale violet	FLOPO_0988228	EquivalentTo
FLOPO_0988229	grayish violet	backbone	EXACT	FLOPO_0988229	grayish violet	FLOPO_0988229	EquivalentTo
FLOPO_0988230	vivid purple	backbone	EXACT	FLOPO_0988230	vivid purple	FLOPO_0988230	EquivalentTo
FLOPO_0988231	brilliant purple	backbone	EXACT	FLOPO_0988231	brilliant purple	FLOPO_0988231	EquivalentTo
FLOPO_0988232	strong purple	backbone	EXACT	FLOPO_0988232	strong purple	FLOPO_0988232	EquivalentTo
FLOPO_0988233	very deep purple	backbone	EXACT	FLOPO_0988233	very deep purple	FLOPO_0988233	EquivalentTo
FLOPO_0988234	very light purple	backbone	EXACT	FLOPO_0988234	very light purple	FLOPO_0988234	EquivalentTo
FLOPO_0988235	light purple	backbone	EXACT	FLOPO_0988235	light purple	FLOPO_0988235	EquivalentTo
FLOPO_0988236	moderate purple	backbone	EXACT	FLOPO_0988236	moderate purple	FLOPO_0988236	EquivalentTo
FLOPO_0988237	dark purple	backbone	EXACT	FLOPO_0988237	dark purple	FLOPO_0988237	EquivalentTo
FLOPO_0988238	very dark purple	backbone	EXACT	FLOPO_0988238	very dark purple	FLOPO_0988238	EquivalentTo
FLOPO_0988239	very pale purple	backbone	EXACT	FLOPO_0988239	very pale purple	FLOPO_0988239	EquivalentTo
FLOPO_0988240	pale purple	backbone	EXACT	FLOPO_0988240	pale purple	FLOPO_0988240	EquivalentTo
FLOPO_0988241	grayish purple	backbone	EXACT	FLOPO_0988241	grayish purple	FLOPO_0988241	EquivalentTo
FLOPO_0988242	dark grayish purple	backbone	EXACT	FLOPO_0988242	dark grayish purple	FLOPO_0988242	EquivalentTo
FLOPO_0988243	blackish purple	backbone	EXACT	FLOPO_0988243	blackish purple	FLOPO_0988243	EquivalentTo
FLOPO_0988244	purplish white	backbone	EXACT	FLOPO_0988244	purplish white	FLOPO_0988244	EquivalentTo
FLOPO_0988245	light purplish gray	backbone	EXACT	FLOPO_0988245	light purplish gray	FLOPO_0988245	EquivalentTo
FLOPO_0988246	purplish gray	backbone	EXACT	FLOPO_0988246	purplish gray	FLOPO_0988246	EquivalentTo
FLOPO_0988247	dark purplish gray	backbone	EXACT	FLOPO_0988247	dark purplish gray	FLOPO_0988247	EquivalentTo
FLOPO_0988248	vivid reddish purple	backbone	EXACT	FLOPO_0988248	vivid reddish purple	FLOPO_0988248	EquivalentTo
FLOPO_0988249	strong reddish purple	backbone	EXACT	FLOPO_0988249	strong reddish purple	FLOPO_0988249	EquivalentTo
FLOPO_0988250	deep reddish purple	backbone	EXACT	FLOPO_0988250	deep reddish purple	FLOPO_0988250	EquivalentTo
FLOPO_0988251	very deep reddish purple	backbone	EXACT	FLOPO_0988251	very deep reddish purple	FLOPO_0988251	EquivalentTo
FLOPO_0988252	light reddish purple	backbone	EXACT	FLOPO_0988252	light reddish purple	FLOPO_0988252	EquivalentTo
FLOPO_0988253	moderate reddish purple	backbone	EXACT	FLOPO_0988253	moderate reddish purple	FLOPO_0988253	EquivalentTo
FLOPO_0988254	dark reddish purple	backbone	EXACT	FLOPO_0988254	dark reddish purple	FLOPO_0988254	EquivalentTo
FLOPO_0988255	very dark reddish purple	backbone	EXACT	FLOPO_0988255	very dark reddish purple	FLOPO_0988255	EquivalentTo
FLOPO_0988256	pale reddish purple	backbone	EXACT	FLOPO_0988256	pale reddish purple	FLOPO_0988256	EquivalentTo
FLOPO_0988257	grayish reddish purple	backbone	EXACT	FLOPO_0988257	grayish reddish purple	FLOPO_0988257	EquivalentTo
FLOPO_0988258	brilliant purplish pink	backbone	EXACT	FLOPO_0988258	brilliant purplish pink	FLOPO_0988258	EquivalentTo
FLOPO_0988259	strong purplish pink	backbone	EXACT	FLOPO_0988259	strong purplish pink	FLOPO_0988259	EquivalentTo
FLOPO_0988260	deep purplish pink	backbone	EXACT	FLOPO_0988260	deep purplish pink	FLOPO_0988260	EquivalentTo
FLOPO_0988261	light purplish pink	backbone	EXACT	FLOPO_0988261	light purplish pink	FLOPO_0988261	EquivalentTo
FLOPO_0988262	moderate purplish pink	backbone	EXACT	FLOPO_0988262	moderate purplish pink	FLOPO_0988262	EquivalentTo
FLOPO_0988263	dark purplish pink	backbone	EXACT	FLOPO_0988263	dark purplish pink	FLOPO_0988263	EquivalentTo
FLOPO_0988264	pale purplish pink	backbone	EXACT	FLOPO_0988264	pale purplish pink	FLOPO_0988264	EquivalentTo
FLOPO_0988265	grayish purplish pink	backbone	EXACT	FLOPO_0988265	grayish purplish pink	FLOPO_0988265	EquivalentTo
FLOPO_0988266	vivid purplish red	backbone	EXACT	FLOPO_0988266	vivid purplish red	FLOPO_0988266	EquivalentTo
FLOPO_0988267	strong purplish red	backbone	EXACT	FLOPO_0988267	strong purplish red	FLOPO_0988267	EquivalentTo
FLOPO_0988268	very deep purplish red	backbone	EXACT	FLOPO_0988268	very deep purplish red	FLOPO_0988268	EquivalentTo
FLOPO_0988269	moderate purplish red	backbone	EXACT	FLOPO_0988269	moderate purplish red	FLOPO_0988269	EquivalentTo
FLOPO_0988270	very dark purplish red	backbone	EXACT	FLOPO_0988270	very dark purplish red	FLOPO_0988270	EquivalentTo
FLOPO_0988271	light grayish purplish red	backbone	EXACT	FLOPO_0988271	light grayish purplish red	FLOPO_0988271	EquivalentTo
FLOPO_0988272	grayish purplish red	backbone	EXACT	FLOPO_0988272	grayish purplish red	FLOPO_0988272	EquivalentTo
FLOPO_0988273	light gray	backbone	EXACT	FLOPO_0988273	light gray	FLOPO_0988273	EquivalentTo
FLOPO_0988274	medium gray	backbone	EXACT	FLOPO_0988274	medium gray	FLOPO_0988274	EquivalentTo
FLOPO_0988275	dark gray	backbone	EXACT	FLOPO_0988275	dark gray	FLOPO_0988275	EquivalentTo
PATO_0001249	dark green	backbone	EXACT	PATO_0001249	dark green	PATO_0001249	EquivalentTo
PATO_0001287	reddish brown	backbone	EXACT	PATO_0001287	reddish brown	PATO_0001287	EquivalentTo
PATO_0001941	yellow green	backbone	EXACT	PATO_0001941	yellow green	PATO_0001941	EquivalentTo
PATO_0104005	deep yellow	backbone	EXACT	PATO_0104005	deep yellow	PATO_0104005	EquivalentTo
PATO_0104007	grayish green	backbone	EXACT	PATO_0104007	grayish green	PATO_0104007	EquivalentTo
PATO_0104013	greenish yellow	backbone	EXACT	PATO_0104013	greenish yellow	PATO_0104013	EquivalentTo
PATO_0104020	bluish green	backbone	EXACT	PATO_0104020	bluish green	PATO_0104020	EquivalentTo
PATO_0104051	pale greenish yellow	backbone	EXACT	PATO_0104051	pale greenish yellow	PATO_0104051	EquivalentTo
PATO_0104054	orange yellow	backbone	EXACT	PATO_0104054	orange yellow	PATO_0104054	EquivalentTo
PATO_0104059	pinkish white	backbone	EXACT	PATO_0104059	pinkish white	PATO_0104059	EquivalentTo
PATO_0104064	deep blue	backbone	EXACT	PATO_0104064	deep blue	PATO_0104064	EquivalentTo
PATO_0104067	greenish white	backbone	EXACT	PATO_0104067	greenish white	PATO_0104067	EquivalentTo
PATO_0104073	deep orange	backbone	EXACT	PATO_0104073	deep orange	PATO_0104073	EquivalentTo
PATO_0104077	very pale blue	backbone	EXACT	PATO_0104077	very pale blue	PATO_0104077	EquivalentTo
PATO_0104079	reddish purple	backbone	EXACT	PATO_0104079	reddish purple	PATO_0104079	EquivalentTo
PATO_0104085	deep purple	backbone	EXACT	PATO_0104085	deep purple	PATO_0104085	EquivalentTo
PATO_0104087	deep purplish red	backbone	EXACT	PATO_0104087	deep purplish red	PATO_0104087	EquivalentTo
PATO_0104114	yellowish green	backbone	EXACT	PATO_0104114	yellowish green	PATO_0104114	EquivalentTo
PATO_0104123	deep green	backbone	EXACT	PATO_0104123	deep green	PATO_0104123	EquivalentTo
PATO_0104151	dark pink	backbone	EXACT	PATO_0104151	dark pink	PATO_0104151	EquivalentTo
PATO_0104157	purplish black	backbone	EXACT	PATO_0104157	purplish black	PATO_0104157	EquivalentTo
PATO_0104159	dark purplish red	backbone	EXACT	PATO_0104159	dark purplish red	PATO_0104159	EquivalentTo
PATO_0104189	deep red	backbone	EXACT	PATO_0104189	deep red	PATO_0104189	EquivalentTo
PATO_0104223	very pale green	backbone	EXACT	PATO_0104223	very pale green	PATO_0104223	EquivalentTo
PATO_0104294	deep violet	backbone	EXACT	PATO_0104294	deep violet	PATO_0104294	EquivalentTo
PATO_0104305	bluish gray	backbone	EXACT	PATO_0104305	bluish gray	PATO_0104305	EquivalentTo
PATO_0104311	purplish red	backbone	EXACT	PATO_0104311	purplish red	PATO_0104311	EquivalentTo
