flopo_iri	label
http://purl.obolibrary.org/obo/FLOPO_0012530	androecium acute
http://purl.obolibrary.org/obo/FLOPO_0018417	androecium arrested
http://purl.obolibrary.org/obo/FLOPO_0010413	androecium duration
http://purl.obolibrary.org/obo/FLOPO_0019865	androecium female
http://purl.obolibrary.org/obo/FLOPO_0012537	androecium hermaphrodite
http://purl.obolibrary.org/obo/FLOPO_0017794	androecium male
http://purl.obolibrary.org/obo/FLOPO_0018418	androecium offset quality
http://purl.obolibrary.org/obo/FLOPO_0012538	androecium phenotypic sex
http://purl.obolibrary.org/obo/FLOPO_0010412	androecium subacute
http://purl.obolibrary.org/obo/FLOPO_0001657	androecium up
http://purl.obolibrary.org/obo/FLOPO_0003307	anther acute
http://purl.obolibrary.org/obo/FLOPO_0011783	anther continuous
http://purl.obolibrary.org/obo/FLOPO_0020361	anther down
http://purl.obolibrary.org/obo/FLOPO_0003308	anther duration
http://purl.obolibrary.org/obo/FLOPO_0019955	anther female
http://purl.obolibrary.org/obo/FLOPO_0006239	anther hermaphrodite
http://purl.obolibrary.org/obo/FLOPO_0006507	anther male
http://purl.obolibrary.org/obo/FLOPO_0011784	anther occurrence
http://purl.obolibrary.org/obo/FLOPO_0009174	anther onset quality
http://purl.obolibrary.org/obo/FLOPO_0006240	anther phenotypic sex
http://purl.obolibrary.org/obo/FLOPO_0009173	anther premature
http://purl.obolibrary.org/obo/FLOPO_0011057	anther subacute
http://purl.obolibrary.org/obo/FLOPO_0017352	anther theca onset quality
http://purl.obolibrary.org/obo/FLOPO_0017351	anther theca premature
http://purl.obolibrary.org/obo/FLOPO_0003930	anther up
http://purl.obolibrary.org/obo/FLOPO_0013810	apical hook female
http://purl.obolibrary.org/obo/FLOPO_0015063	apical hook hermaphrodite
http://purl.obolibrary.org/obo/FLOPO_0020450	apical hook male
http://purl.obolibrary.org/obo/FLOPO_0003982	apical hook onset quality
http://purl.obolibrary.org/obo/FLOPO_0013811	apical hook phenotypic sex
http://purl.obolibrary.org/obo/FLOPO_0003981	apical hook premature
http://purl.obolibrary.org/obo/FLOPO_0009369	aril up
http://purl.obolibrary.org/obo/FLOPO_0009179	awn acute
http://purl.obolibrary.org/obo/FLOPO_0023514	awn continuous
http://purl.obolibrary.org/obo/FLOPO_0023281	awn down
http://purl.obolibrary.org/obo/FLOPO_0009180	awn duration
http://purl.obolibrary.org/obo/FLOPO_0023231	awn hermaphrodite
http://purl.obolibrary.org/obo/FLOPO_0023515	awn occurrence
http://purl.obolibrary.org/obo/FLOPO_0023232	awn phenotypic sex
http://purl.obolibrary.org/obo/FLOPO_0006421	awn up
http://purl.obolibrary.org/obo/FLOPO_0013551	axil acute
http://purl.obolibrary.org/obo/FLOPO_0017470	axil arrested
http://purl.obolibrary.org/obo/FLOPO_0022619	axil down
http://purl.obolibrary.org/obo/FLOPO_0013552	axil duration
http://purl.obolibrary.org/obo/FLOPO_0008465	axil female
http://purl.obolibrary.org/obo/FLOPO_0008035	axil hermaphrodite
http://purl.obolibrary.org/obo/FLOPO_0005745	axil male
http://purl.obolibrary.org/obo/FLOPO_0017471	axil offset quality
http://purl.obolibrary.org/obo/FLOPO_0015384	axil onset quality
http://purl.obolibrary.org/obo/FLOPO_0005746	axil phenotypic sex
http://purl.obolibrary.org/obo/FLOPO_0015383	axil premature
http://purl.obolibrary.org/obo/FLOPO_0004664	axil up
http://purl.obolibrary.org/obo/FLOPO_0020931	axillary bud meristem arrested
http://purl.obolibrary.org/obo/FLOPO_0015028	axillary bud meristem female
http://purl.obolibrary.org/obo/FLOPO_0009075	axillary bud meristem hermaphrodite
http://purl.obolibrary.org/obo/FLOPO_0005171	axillary bud meristem male
http://purl.obolibrary.org/obo/FLOPO_0020932	axillary bud meristem offset quality
http://purl.obolibrary.org/obo/FLOPO_0021789	axillary bud meristem onset quality
http://purl.obolibrary.org/obo/FLOPO_0005172	axillary bud meristem phenotypic sex
http://purl.obolibrary.org/obo/FLOPO_0021788	axillary bud meristem premature
http://purl.obolibrary.org/obo/FLOPO_0014770	axillary bud up
http://purl.obolibrary.org/obo/FLOPO_0014863	bark area
http://purl.obolibrary.org/obo/FLOPO_0002888	bark direction
http://purl.obolibrary.org/obo/FLOPO_0005624	bark down
http://purl.obolibrary.org/obo/FLOPO_0017266	bark height
http://purl.obolibrary.org/obo/FLOPO_0022708	bark intensity
http://purl.obolibrary.org/obo/FLOPO_0022707	bark moderate intensity
http://purl.obolibrary.org/obo/FLOPO_0020649	bark onset quality
http://purl.obolibrary.org/obo/FLOPO_0020648	bark premature
http://purl.obolibrary.org/obo/FLOPO_0016481	bark right
http://purl.obolibrary.org/obo/FLOPO_0002887	bark up
http://purl.obolibrary.org/obo/FLOPO_0021624	bark variability
http://purl.obolibrary.org/obo/FLOPO_0021623	bark variant
http://purl.obolibrary.org/obo/FLOPO_0008769	bract acute
http://purl.obolibrary.org/obo/FLOPO_0008770	bract duration
http://purl.obolibrary.org/obo/FLOPO_0003799	bract female
http://purl.obolibrary.org/obo/FLOPO_0005251	bract hermaphrodite
http://purl.obolibrary.org/obo/FLOPO_0006273	bract male
http://purl.obolibrary.org/obo/FLOPO_0005744	bract onset quality
http://purl.obolibrary.org/obo/FLOPO_0003800	bract phenotypic sex
http://purl.obolibrary.org/obo/FLOPO_0005743	bract premature
http://purl.obolibrary.org/obo/FLOPO_0017983	bract subacute
http://purl.obolibrary.org/obo/FLOPO_0003845	bract up
http://purl.obolibrary.org/obo/FLOPO_0008679	bracteole acute
http://purl.obolibrary.org/obo/FLOPO_0023880	bracteole arrested
http://purl.obolibrary.org/obo/FLOPO_0008680	bracteole duration
http://purl.obolibrary.org/obo/FLOPO_0003692	bracteole female
http://purl.obolibrary.org/obo/FLOPO_0007724	bracteole hermaphrodite
http://purl.obolibrary.org/obo/FLOPO_0002410	bracteole male
http://purl.obolibrary.org/obo/FLOPO_0023881	bracteole offset quality
http://purl.obolibrary.org/obo/FLOPO_0008786	bracteole onset quality
http://purl.obolibrary.org/obo/FLOPO_0002411	bracteole phenotypic sex
http://purl.obolibrary.org/obo/FLOPO_0008785	bracteole premature
http://purl.obolibrary.org/obo/FLOPO_0012777	bracteole subacute
http://purl.obolibrary.org/obo/FLOPO_0003975	bracteole up
http://purl.obolibrary.org/obo/FLOPO_0012715	branch acute
http://purl.obolibrary.org/obo/FLOPO_0022464	branch arrested
http://purl.obolibrary.org/obo/FLOPO_0020911	branch down
http://purl.obolibrary.org/obo/FLOPO_0005837	branch duration
http://purl.obolibrary.org/obo/FLOPO_0010239	branch female
http://purl.obolibrary.org/obo/FLOPO_0021449	branch hermaphrodite
http://purl.obolibrary.org/obo/FLOPO_0007181	branch male
http://purl.obolibrary.org/obo/FLOPO_0010134	branch occurrence
http://purl.obolibrary.org/obo/FLOPO_0022465	branch offset quality
http://purl.obolibrary.org/obo/FLOPO_0003569	branch onset quality
http://purl.obolibrary.org/obo/FLOPO_0007182	branch phenotypic sex
http://purl.obolibrary.org/obo/FLOPO_0003568	branch premature
http://purl.obolibrary.org/obo/FLOPO_0005836	branch subacute
http://purl.obolibrary.org/obo/FLOPO_0010133	branch synchronous
http://purl.obolibrary.org/obo/FLOPO_0000178	branch up
http://purl.obolibrary.org/obo/FLOPO_0001876	bud acute
http://purl.obolibrary.org/obo/FLOPO_0008903	bud arrested
http://purl.obolibrary.org/obo/FLOPO_0001877	bud duration
http://purl.obolibrary.org/obo/FLOPO_0013097	bud female
http://purl.obolibrary.org/obo/FLOPO_0017347	bud hermaphrodite
http://purl.obolibrary.org/obo/FLOPO_0009151	bud male
http://purl.obolibrary.org/obo/FLOPO_0008904	bud offset quality
http://purl.obolibrary.org/obo/FLOPO_0011575	bud onset quality
http://purl.obolibrary.org/obo/FLOPO_0009152	bud phenotypic sex
http://purl.obolibrary.org/obo/FLOPO_0011574	bud premature
http://purl.obolibrary.org/obo/FLOPO_0006843	bud subacute
http://purl.obolibrary.org/obo/FLOPO_0001420	bud up
http://purl.obolibrary.org/obo/FLOPO_0005077	bulb up
http://purl.obolibrary.org/obo/FLOPO_0002252	calyx acute
http://purl.obolibrary.org/obo/FLOPO_0019380	calyx arrested
http://purl.obolibrary.org/obo/FLOPO_0009860	calyx continuous
http://purl.obolibrary.org/obo/FLOPO_0003870	calyx down
http://purl.obolibrary.org/obo/FLOPO_0002253	calyx duration
http://purl.obolibrary.org/obo/FLOPO_0001322	calyx female
http://purl.obolibrary.org/obo/FLOPO_0016133	calyx hermaphrodite
http://purl.obolibrary.org/obo/FLOPO_0003583	calyx male
http://purl.obolibrary.org/obo/FLOPO_0009861	calyx occurrence
http://purl.obolibrary.org/obo/FLOPO_0019381	calyx offset quality
http://purl.obolibrary.org/obo/FLOPO_0021733	calyx onset quality
http://purl.obolibrary.org/obo/FLOPO_0001323	calyx phenotypic sex
http://purl.obolibrary.org/obo/FLOPO_0021732	calyx premature
http://purl.obolibrary.org/obo/FLOPO_0019506	calyx rate
http://purl.obolibrary.org/obo/FLOPO_0007453	calyx subacute
http://purl.obolibrary.org/obo/FLOPO_0003295	calyx up
http://purl.obolibrary.org/obo/FLOPO_0021016	calyx variability
http://purl.obolibrary.org/obo/FLOPO_0021015	calyx variant
http://purl.obolibrary.org/obo/FLOPO_0019949	cambium up
http://purl.obolibrary.org/obo/FLOPO_0011146	canal female
http://purl.obolibrary.org/obo/FLOPO_0018057	canal male
http://purl.obolibrary.org/obo/FLOPO_0011147	canal phenotypic sex
http://purl.obolibrary.org/obo/FLOPO_0014860	carpel acute
http://purl.obolibrary.org/obo/FLOPO_0023545	carpel arrested
http://purl.obolibrary.org/obo/FLOPO_0014861	carpel duration
http://purl.obolibrary.org/obo/FLOPO_0015526	carpel female
http://purl.obolibrary.org/obo/FLOPO_0006228	carpel hermaphrodite
http://purl.obolibrary.org/obo/FLOPO_0011143	carpel male
http://purl.obolibrary.org/obo/FLOPO_0023546	carpel offset quality
http://purl.obolibrary.org/obo/FLOPO_0006229	carpel phenotypic sex
http://purl.obolibrary.org/obo/FLOPO_0008040	carpel up
http://purl.obolibrary.org/obo/FLOPO_0016910	caruncle acute
http://purl.obolibrary.org/obo/FLOPO_0016911	caruncle duration
http://purl.obolibrary.org/obo/FLOPO_0019428	caruncle up
http://purl.obolibrary.org/obo/FLOPO_0021727	central spike of tassel inflorescence female
http://purl.obolibrary.org/obo/FLOPO_0017622	central spike of tassel inflorescence hermaphrodite
http://purl.obolibrary.org/obo/FLOPO_0015321	central spike of tassel inflorescence male
http://purl.obolibrary.org/obo/FLOPO_0012442	central spike of tassel inflorescence onset quality
http://purl.obolibrary.org/obo/FLOPO_0015322	central spike of tassel inflorescence phenotypic sex
http://purl.obolibrary.org/obo/FLOPO_0012441	central spike of tassel inflorescence premature
http://purl.obolibrary.org/obo/FLOPO_0022063	central zone acute
http://purl.obolibrary.org/obo/FLOPO_0017274	central zone arrested
http://purl.obolibrary.org/obo/FLOPO_0022064	central zone duration
http://purl.obolibrary.org/obo/FLOPO_0008871	central zone female
http://purl.obolibrary.org/obo/FLOPO_0002493	central zone hermaphrodite
http://purl.obolibrary.org/obo/FLOPO_0011611	central zone male
http://purl.obolibrary.org/obo/FLOPO_0017275	central zone offset quality
http://purl.obolibrary.org/obo/FLOPO_0005873	central zone onset quality
http://purl.obolibrary.org/obo/FLOPO_0002494	central zone phenotypic sex
http://purl.obolibrary.org/obo/FLOPO_0005872	central zone premature
http://purl.obolibrary.org/obo/FLOPO_0020802	coma down
http://purl.obolibrary.org/obo/FLOPO_0008934	coma up
http://purl.obolibrary.org/obo/FLOPO_0006889	connective acute
http://purl.obolibrary.org/obo/FLOPO_0013599	connective continuous
http://purl.obolibrary.org/obo/FLOPO_0013105	connective down
http://purl.obolibrary.org/obo/FLOPO_0006890	connective duration
http://purl.obolibrary.org/obo/FLOPO_0013600	connective occurrence
http://purl.obolibrary.org/obo/FLOPO_0017540	connective recurrent
http://purl.obolibrary.org/obo/FLOPO_0000782	connective up
http://purl.obolibrary.org/obo/FLOPO_0014653	corm up
http://purl.obolibrary.org/obo/FLOPO_0004972	corolla acute
http://purl.obolibrary.org/obo/FLOPO_0015429	corolla down
http://purl.obolibrary.org/obo/FLOPO_0004973	corolla duration
http://purl.obolibrary.org/obo/FLOPO_0007591	corolla female
http://purl.obolibrary.org/obo/FLOPO_0004975	corolla hermaphrodite
http://purl.obolibrary.org/obo/FLOPO_0004347	corolla male
http://purl.obolibrary.org/obo/FLOPO_0014248	corolla onset quality
http://purl.obolibrary.org/obo/FLOPO_0004348	corolla phenotypic sex
http://purl.obolibrary.org/obo/FLOPO_0014247	corolla premature
http://purl.obolibrary.org/obo/FLOPO_0012611	corolla subacute
http://purl.obolibrary.org/obo/FLOPO_0004695	corolla up
http://purl.obolibrary.org/obo/FLOPO_0022406	cortex up
http://purl.obolibrary.org/obo/FLOPO_0002902	costa acute
http://purl.obolibrary.org/obo/FLOPO_0016864	costa continuous
http://purl.obolibrary.org/obo/FLOPO_0002903	costa duration
http://purl.obolibrary.org/obo/FLOPO_0016663	costa occurrence
http://purl.obolibrary.org/obo/FLOPO_0016662	costa recurrent
http://purl.obolibrary.org/obo/FLOPO_0021748	costa subacute
http://purl.obolibrary.org/obo/FLOPO_0007454	costa up
http://purl.obolibrary.org/obo/FLOPO_0006938	cotyledon onset quality
http://purl.obolibrary.org/obo/FLOPO_0006937	cotyledon premature
http://purl.obolibrary.org/obo/FLOPO_0006502	crown root hermaphrodite
http://purl.obolibrary.org/obo/FLOPO_0017932	crown root male
http://purl.obolibrary.org/obo/FLOPO_0006503	crown root phenotypic sex
http://purl.obolibrary.org/obo/FLOPO_0009498	disk flower arrested
http://purl.obolibrary.org/obo/FLOPO_0008486	disk flower distributed
http://purl.obolibrary.org/obo/FLOPO_0000808	disk flower female
http://purl.obolibrary.org/obo/FLOPO_0011082	disk flower hermaphrodite
http://purl.obolibrary.org/obo/FLOPO_0009889	disk flower male
http://purl.obolibrary.org/obo/FLOPO_0009499	disk flower offset quality
http://purl.obolibrary.org/obo/FLOPO_0021653	disk flower onset quality
http://purl.obolibrary.org/obo/FLOPO_0000809	disk flower phenotypic sex
http://purl.obolibrary.org/obo/FLOPO_0021652	disk flower premature
http://purl.obolibrary.org/obo/FLOPO_0013764	endocarp acute
http://purl.obolibrary.org/obo/FLOPO_0017666	endocarp arrested
http://purl.obolibrary.org/obo/FLOPO_0013765	endocarp duration
http://purl.obolibrary.org/obo/FLOPO_0017667	endocarp offset quality
http://purl.obolibrary.org/obo/FLOPO_0001230	endocarp up
http://purl.obolibrary.org/obo/FLOPO_0015315	epicalyx acute
http://purl.obolibrary.org/obo/FLOPO_0015316	epicalyx duration
http://purl.obolibrary.org/obo/FLOPO_0017360	epicalyx hermaphrodite
http://purl.obolibrary.org/obo/FLOPO_0017361	epicalyx phenotypic sex
http://purl.obolibrary.org/obo/FLOPO_0020001	epicalyx up
http://purl.obolibrary.org/obo/FLOPO_0006472	epidermis continuous
http://purl.obolibrary.org/obo/FLOPO_0013706	epidermis duration
http://purl.obolibrary.org/obo/FLOPO_0017973	epidermis female
http://purl.obolibrary.org/obo/FLOPO_0006473	epidermis occurrence
http://purl.obolibrary.org/obo/FLOPO_0017974	epidermis phenotypic sex
http://purl.obolibrary.org/obo/FLOPO_0013705	epidermis subacute
http://purl.obolibrary.org/obo/FLOPO_0009405	epidermis up
http://purl.obolibrary.org/obo/FLOPO_0017766	exocarp up
http://purl.obolibrary.org/obo/FLOPO_0023199	fertile lemma acute
http://purl.obolibrary.org/obo/FLOPO_0023200	fertile lemma duration
http://purl.obolibrary.org/obo/FLOPO_0011826	fertile lemma up
http://purl.obolibrary.org/obo/FLOPO_0004109	filament acute
http://purl.obolibrary.org/obo/FLOPO_0008950	filament continuous
http://purl.obolibrary.org/obo/FLOPO_0004110	filament duration
http://purl.obolibrary.org/obo/FLOPO_0012826	filament female
http://purl.obolibrary.org/obo/FLOPO_0023175	filament hermaphrodite
http://purl.obolibrary.org/obo/FLOPO_0002522	filament male
http://purl.obolibrary.org/obo/FLOPO_0008951	filament occurrence
http://purl.obolibrary.org/obo/FLOPO_0008191	filament onset quality
http://purl.obolibrary.org/obo/FLOPO_0002523	filament phenotypic sex
http://purl.obolibrary.org/obo/FLOPO_0008190	filament premature
http://purl.obolibrary.org/obo/FLOPO_0007836	filament up
http://purl.obolibrary.org/obo/FLOPO_0010393	flower acute
http://purl.obolibrary.org/obo/FLOPO_0012685	flower arrested
http://purl.obolibrary.org/obo/FLOPO_0021626	flower bud female
http://purl.obolibrary.org/obo/FLOPO_0021627	flower bud phenotypic sex
http://purl.obolibrary.org/obo/FLOPO_0022304	flower bud up
http://purl.obolibrary.org/obo/FLOPO_0015546	flower distributed
http://purl.obolibrary.org/obo/FLOPO_0020597	flower down
http://purl.obolibrary.org/obo/FLOPO_0010394	flower duration
http://purl.obolibrary.org/obo/FLOPO_0001110	flower fascicle female
http://purl.obolibrary.org/obo/FLOPO_0005473	flower fascicle hermaphrodite
http://purl.obolibrary.org/obo/FLOPO_0010767	flower fascicle male
http://purl.obolibrary.org/obo/FLOPO_0001111	flower fascicle phenotypic sex
http://purl.obolibrary.org/obo/FLOPO_0000220	flower female
http://purl.obolibrary.org/obo/FLOPO_0000256	flower hermaphrodite
http://purl.obolibrary.org/obo/FLOPO_0001632	flower male
http://purl.obolibrary.org/obo/FLOPO_0016807	flower occurrence
http://purl.obolibrary.org/obo/FLOPO_0012686	flower offset quality
http://purl.obolibrary.org/obo/FLOPO_0010455	flower onset quality
http://purl.obolibrary.org/obo/FLOPO_0000221	flower phenotypic sex
http://purl.obolibrary.org/obo/FLOPO_0010454	flower premature
http://purl.obolibrary.org/obo/FLOPO_0014148	flower subacute
http://purl.obolibrary.org/obo/FLOPO_0016806	flower synchronous
http://purl.obolibrary.org/obo/FLOPO_0002262	flower up
http://purl.obolibrary.org/obo/FLOPO_0011166	flower variability
http://purl.obolibrary.org/obo/FLOPO_0022847	free sepal male
http://purl.obolibrary.org/obo/FLOPO_0022848	free sepal phenotypic sex
http://purl.obolibrary.org/obo/FLOPO_0020621	free tepal female
http://purl.obolibrary.org/obo/FLOPO_0020622	free tepal phenotypic sex
http://purl.obolibrary.org/obo/FLOPO_0022508	free tepal up
http://purl.obolibrary.org/obo/FLOPO_0002954	fruit acute
http://purl.obolibrary.org/obo/FLOPO_0005124	fruit arrested
http://purl.obolibrary.org/obo/FLOPO_0016776	fruit continuous
http://purl.obolibrary.org/obo/FLOPO_0008841	fruit down
http://purl.obolibrary.org/obo/FLOPO_0002955	fruit duration
http://purl.obolibrary.org/obo/FLOPO_0002546	fruit female
http://purl.obolibrary.org/obo/FLOPO_0008129	fruit hermaphrodite
http://purl.obolibrary.org/obo/FLOPO_0002356	fruit male
http://purl.obolibrary.org/obo/FLOPO_0016777	fruit occurrence
http://purl.obolibrary.org/obo/FLOPO_0005125	fruit offset quality
http://purl.obolibrary.org/obo/FLOPO_0014155	fruit onset quality
http://purl.obolibrary.org/obo/FLOPO_0002357	fruit phenotypic sex
http://purl.obolibrary.org/obo/FLOPO_0014154	fruit premature
http://purl.obolibrary.org/obo/FLOPO_0009753	fruit subacute
http://purl.obolibrary.org/obo/FLOPO_0001311	fruit up
http://purl.obolibrary.org/obo/FLOPO_0007525	funicle up
http://purl.obolibrary.org/obo/FLOPO_0021390	gamete male
http://purl.obolibrary.org/obo/FLOPO_0021391	gamete phenotypic sex
http://purl.obolibrary.org/obo/FLOPO_0900061	glandular trichome present
http://purl.obolibrary.org/obo/FLOPO_0002420	glume acute
http://purl.obolibrary.org/obo/FLOPO_0002421	glume duration
http://purl.obolibrary.org/obo/FLOPO_0002326	glume female
http://purl.obolibrary.org/obo/FLOPO_0017943	glume hermaphrodite
http://purl.obolibrary.org/obo/FLOPO_0003841	glume male
http://purl.obolibrary.org/obo/FLOPO_0014632	glume onset quality
http://purl.obolibrary.org/obo/FLOPO_0002327	glume phenotypic sex
http://purl.obolibrary.org/obo/FLOPO_0014631	glume premature
http://purl.obolibrary.org/obo/FLOPO_0008641	glume subacute
http://purl.obolibrary.org/obo/FLOPO_0001846	glume up
http://purl.obolibrary.org/obo/FLOPO_0007714	gynoecium arrested
http://purl.obolibrary.org/obo/FLOPO_0007397	gynoecium female
http://purl.obolibrary.org/obo/FLOPO_0013582	gynoecium hermaphrodite
http://purl.obolibrary.org/obo/FLOPO_0018634	gynoecium male
http://purl.obolibrary.org/obo/FLOPO_0007715	gynoecium offset quality
http://purl.obolibrary.org/obo/FLOPO_0007398	gynoecium phenotypic sex
http://purl.obolibrary.org/obo/FLOPO_0022272	gynoecium up
http://purl.obolibrary.org/obo/FLOPO_0014916	gynophore continuous
http://purl.obolibrary.org/obo/FLOPO_0023624	gynophore male
http://purl.obolibrary.org/obo/FLOPO_0014917	gynophore occurrence
http://purl.obolibrary.org/obo/FLOPO_0023625	gynophore phenotypic sex
http://purl.obolibrary.org/obo/FLOPO_0003043	gynophore up
http://purl.obolibrary.org/obo/FLOPO_0013230	heartwood female
http://purl.obolibrary.org/obo/FLOPO_0013231	heartwood phenotypic sex
http://purl.obolibrary.org/obo/FLOPO_0012942	hilum onset quality
http://purl.obolibrary.org/obo/FLOPO_0012941	hilum premature
http://purl.obolibrary.org/obo/FLOPO_0008943	hilum up
http://purl.obolibrary.org/obo/FLOPO_0021837	hydathode acute
http://purl.obolibrary.org/obo/FLOPO_0021838	hydathode duration
http://purl.obolibrary.org/obo/FLOPO_0013643	hydathode occurrence
http://purl.obolibrary.org/obo/FLOPO_0013642	hydathode recurrent
http://purl.obolibrary.org/obo/FLOPO_0017509	hypanthium acute
http://purl.obolibrary.org/obo/FLOPO_0017930	hypanthium continuous
http://purl.obolibrary.org/obo/FLOPO_0017510	hypanthium duration
http://purl.obolibrary.org/obo/FLOPO_0023548	hypanthium female
http://purl.obolibrary.org/obo/FLOPO_0022981	hypanthium hermaphrodite
http://purl.obolibrary.org/obo/FLOPO_0015559	hypanthium male
http://purl.obolibrary.org/obo/FLOPO_0017931	hypanthium occurrence
http://purl.obolibrary.org/obo/FLOPO_0015560	hypanthium phenotypic sex
http://purl.obolibrary.org/obo/FLOPO_0021234	hypanthium subacute
http://purl.obolibrary.org/obo/FLOPO_0005935	hypanthium up
http://purl.obolibrary.org/obo/FLOPO_0020522	hypocotyl up
http://purl.obolibrary.org/obo/FLOPO_0002626	inflorescence acute
http://purl.obolibrary.org/obo/FLOPO_0018749	inflorescence area
http://purl.obolibrary.org/obo/FLOPO_0018536	inflorescence arrested
http://purl.obolibrary.org/obo/FLOPO_0011330	inflorescence articulated with
http://purl.obolibrary.org/obo/FLOPO_0013227	inflorescence associated with
http://purl.obolibrary.org/obo/FLOPO_0016982	inflorescence axis hermaphrodite
http://purl.obolibrary.org/obo/FLOPO_0022154	inflorescence axis male
http://purl.obolibrary.org/obo/FLOPO_0016983	inflorescence axis phenotypic sex
http://purl.obolibrary.org/obo/FLOPO_0009769	inflorescence axis up
http://purl.obolibrary.org/obo/FLOPO_0023643	inflorescence back
http://purl.obolibrary.org/obo/FLOPO_0002692	inflorescence cellularity
http://purl.obolibrary.org/obo/FLOPO_0018324	inflorescence continuous
http://purl.obolibrary.org/obo/FLOPO_0002364	inflorescence direction
http://purl.obolibrary.org/obo/FLOPO_0006321	inflorescence down
http://purl.obolibrary.org/obo/FLOPO_0002627	inflorescence duration
http://purl.obolibrary.org/obo/FLOPO_0004286	inflorescence female
http://purl.obolibrary.org/obo/FLOPO_0023667	inflorescence frequency
http://purl.obolibrary.org/obo/FLOPO_0002202	inflorescence hermaphrodite
http://purl.obolibrary.org/obo/FLOPO_0018911	inflorescence left
http://purl.obolibrary.org/obo/FLOPO_0002980	inflorescence male
http://purl.obolibrary.org/obo/FLOPO_0002691	inflorescence multicellular
http://purl.obolibrary.org/obo/FLOPO_0018166	inflorescence occurrence
http://purl.obolibrary.org/obo/FLOPO_0018537	inflorescence offset quality
http://purl.obolibrary.org/obo/FLOPO_0009421	inflorescence onset quality
http://purl.obolibrary.org/obo/FLOPO_0002203	inflorescence phenotypic sex
http://purl.obolibrary.org/obo/FLOPO_0009420	inflorescence premature
http://purl.obolibrary.org/obo/FLOPO_0000897	inflorescence pubescent
http://purl.obolibrary.org/obo/FLOPO_0018501	inflorescence right
http://purl.obolibrary.org/obo/FLOPO_0005692	inflorescence subacute
http://purl.obolibrary.org/obo/FLOPO_0018165	inflorescence synchronous
http://purl.obolibrary.org/obo/FLOPO_0023989	inflorescence unicellular
http://purl.obolibrary.org/obo/FLOPO_0002363	inflorescence up
http://purl.obolibrary.org/obo/FLOPO_0018427	inflorescence variability
http://purl.obolibrary.org/obo/FLOPO_0006447	infructescence acute
http://purl.obolibrary.org/obo/FLOPO_0006448	infructescence duration
http://purl.obolibrary.org/obo/FLOPO_0014132	infructescence female
http://purl.obolibrary.org/obo/FLOPO_0013487	infructescence male
http://purl.obolibrary.org/obo/FLOPO_0013488	infructescence phenotypic sex
http://purl.obolibrary.org/obo/FLOPO_0010596	infructescence subacute
http://purl.obolibrary.org/obo/FLOPO_0004614	infructescence up
http://purl.obolibrary.org/obo/FLOPO_0006087	involucre acute
http://purl.obolibrary.org/obo/FLOPO_0010541	involucre continuous
http://purl.obolibrary.org/obo/FLOPO_0014470	involucre down
http://purl.obolibrary.org/obo/FLOPO_0006088	involucre duration
http://purl.obolibrary.org/obo/FLOPO_0005123	involucre female
http://purl.obolibrary.org/obo/FLOPO_0000712	involucre hermaphrodite
http://purl.obolibrary.org/obo/FLOPO_0004453	involucre male
http://purl.obolibrary.org/obo/FLOPO_0010542	involucre occurrence
http://purl.obolibrary.org/obo/FLOPO_0016088	involucre onset quality
http://purl.obolibrary.org/obo/FLOPO_0000713	involucre phenotypic sex
http://purl.obolibrary.org/obo/FLOPO_0016087	involucre premature
http://purl.obolibrary.org/obo/FLOPO_0006578	involucre up
http://purl.obolibrary.org/obo/FLOPO_0002247	keel acute
http://purl.obolibrary.org/obo/FLOPO_0017903	keel down
http://purl.obolibrary.org/obo/FLOPO_0002248	keel duration
http://purl.obolibrary.org/obo/FLOPO_0010018	keel female
http://purl.obolibrary.org/obo/FLOPO_0013588	keel male
http://purl.obolibrary.org/obo/FLOPO_0010019	keel phenotypic sex
http://purl.obolibrary.org/obo/FLOPO_0007551	keel subacute
http://purl.obolibrary.org/obo/FLOPO_0006909	keel up
http://purl.obolibrary.org/obo/FLOPO_0002510	lamina acute
http://purl.obolibrary.org/obo/FLOPO_0019962	lamina continuous
http://purl.obolibrary.org/obo/FLOPO_0011780	lamina down
http://purl.obolibrary.org/obo/FLOPO_0002511	lamina duration
http://purl.obolibrary.org/obo/FLOPO_0016952	lamina hermaphrodite
http://purl.obolibrary.org/obo/FLOPO_0019963	lamina occurrence
http://purl.obolibrary.org/obo/FLOPO_0016953	lamina phenotypic sex
http://purl.obolibrary.org/obo/FLOPO_0007382	lamina subacute
http://purl.obolibrary.org/obo/FLOPO_0001556	lamina up
http://purl.obolibrary.org/obo/FLOPO_0010017	lamina variability
http://purl.obolibrary.org/obo/FLOPO_0010016	lamina variant
http://purl.obolibrary.org/obo/FLOPO_0002011	leaf acute
http://purl.obolibrary.org/obo/FLOPO_0015683	leaf apex acute
http://purl.obolibrary.org/obo/FLOPO_0007378	leaf apex duration
http://purl.obolibrary.org/obo/FLOPO_0007377	leaf apex subacute
http://purl.obolibrary.org/obo/FLOPO_0013982	leaf apex up
http://purl.obolibrary.org/obo/FLOPO_0016094	leaf arrested
http://purl.obolibrary.org/obo/FLOPO_0023829	leaf axil acute
http://purl.obolibrary.org/obo/FLOPO_0023830	leaf axil duration
http://purl.obolibrary.org/obo/FLOPO_0010368	leaf axil female
http://purl.obolibrary.org/obo/FLOPO_0012326	leaf axil male
http://purl.obolibrary.org/obo/FLOPO_0010369	leaf axil phenotypic sex
http://purl.obolibrary.org/obo/FLOPO_0005274	leaf axil up
http://purl.obolibrary.org/obo/FLOPO_0019272	leaf base acute
http://purl.obolibrary.org/obo/FLOPO_0022454	leaf base continuous
http://purl.obolibrary.org/obo/FLOPO_0019273	leaf base duration
http://purl.obolibrary.org/obo/FLOPO_0022455	leaf base occurrence
http://purl.obolibrary.org/obo/FLOPO_0980051	leaf base round
http://purl.obolibrary.org/obo/FLOPO_0016297	leaf base up
http://purl.obolibrary.org/obo/FLOPO_0018934	leaf continuous
http://purl.obolibrary.org/obo/FLOPO_0018499	leaf digitate
http://purl.obolibrary.org/obo/FLOPO_0007950	leaf down
http://purl.obolibrary.org/obo/FLOPO_0002012	leaf duration
http://purl.obolibrary.org/obo/FLOPO_0005552	leaf female
http://purl.obolibrary.org/obo/FLOPO_0004277	leaf hermaphrodite
http://purl.obolibrary.org/obo/FLOPO_0002178	leaf lamina acute
http://purl.obolibrary.org/obo/FLOPO_0002179	leaf lamina duration
http://purl.obolibrary.org/obo/FLOPO_0019258	leaf lamina subacute
http://purl.obolibrary.org/obo/FLOPO_0003451	leaf lamina up
http://purl.obolibrary.org/obo/FLOPO_0010401	leaf male
http://purl.obolibrary.org/obo/FLOPO_0014094	leaf margin absent
http://purl.obolibrary.org/obo/FLOPO_0011256	leaf margin acute
http://purl.obolibrary.org/obo/FLOPO_0011257	leaf margin duration
http://purl.obolibrary.org/obo/FLOPO_0023794	leaf midvein onset quality
http://purl.obolibrary.org/obo/FLOPO_0023793	leaf midvein premature
http://purl.obolibrary.org/obo/FLOPO_0018935	leaf occurrence
http://purl.obolibrary.org/obo/FLOPO_0016095	leaf offset quality
http://purl.obolibrary.org/obo/FLOPO_0007108	leaf onset quality
http://purl.obolibrary.org/obo/FLOPO_0004278	leaf phenotypic sex
http://purl.obolibrary.org/obo/FLOPO_0007107	leaf premature
http://purl.obolibrary.org/obo/FLOPO_0020644	leaf rachis acute
http://purl.obolibrary.org/obo/FLOPO_0020645	leaf rachis duration
http://purl.obolibrary.org/obo/FLOPO_0012336	leaf rachis up
http://purl.obolibrary.org/obo/FLOPO_0014328	leaf sheath hermaphrodite
http://purl.obolibrary.org/obo/FLOPO_0014329	leaf sheath phenotypic sex
http://purl.obolibrary.org/obo/FLOPO_0011011	leaf sheath up
http://purl.obolibrary.org/obo/FLOPO_0004871	leaf subacute
http://purl.obolibrary.org/obo/FLOPO_0018893	leaf tip acute
http://purl.obolibrary.org/obo/FLOPO_0018894	leaf tip duration
http://purl.obolibrary.org/obo/FLOPO_0018295	leaf tip up
http://purl.obolibrary.org/obo/FLOPO_0000833	leaf up
http://purl.obolibrary.org/obo/FLOPO_0024065	leaf vascular system arrested
http://purl.obolibrary.org/obo/FLOPO_0009472	leaf vascular system female
http://purl.obolibrary.org/obo/FLOPO_0016164	leaf vascular system hermaphrodite
http://purl.obolibrary.org/obo/FLOPO_0024066	leaf vascular system offset quality
http://purl.obolibrary.org/obo/FLOPO_0004116	leaf vascular system onset quality
http://purl.obolibrary.org/obo/FLOPO_0009473	leaf vascular system phenotypic sex
http://purl.obolibrary.org/obo/FLOPO_0004115	leaf vascular system premature
http://purl.obolibrary.org/obo/FLOPO_0005156	leaflet acute
http://purl.obolibrary.org/obo/FLOPO_0005157	leaflet duration
http://purl.obolibrary.org/obo/FLOPO_0014359	leaflet margin absent
http://purl.obolibrary.org/obo/FLOPO_0022031	leaflet onset quality
http://purl.obolibrary.org/obo/FLOPO_0022030	leaflet premature
http://purl.obolibrary.org/obo/FLOPO_0007902	leaflet subacute
http://purl.obolibrary.org/obo/FLOPO_0003727	leaflet up
http://purl.obolibrary.org/obo/FLOPO_0016744	leaflet variability
http://purl.obolibrary.org/obo/FLOPO_0007154	lemma acute
http://purl.obolibrary.org/obo/FLOPO_0019315	lemma continuous
http://purl.obolibrary.org/obo/FLOPO_0011048	lemma down
http://purl.obolibrary.org/obo/FLOPO_0007155	lemma duration
http://purl.obolibrary.org/obo/FLOPO_0015692	lemma female
http://purl.obolibrary.org/obo/FLOPO_0005229	lemma hermaphrodite
http://purl.obolibrary.org/obo/FLOPO_0019316	lemma occurrence
http://purl.obolibrary.org/obo/FLOPO_0005230	lemma phenotypic sex
http://purl.obolibrary.org/obo/FLOPO_0011469	lemma subacute
http://purl.obolibrary.org/obo/FLOPO_0008949	lemma up
http://purl.obolibrary.org/obo/FLOPO_0021326	lenticel acute
http://purl.obolibrary.org/obo/FLOPO_0021327	lenticel duration
http://purl.obolibrary.org/obo/FLOPO_0004715	lenticel onset quality
http://purl.obolibrary.org/obo/FLOPO_0004714	lenticel premature
http://purl.obolibrary.org/obo/FLOPO_0008411	ligule acute
http://purl.obolibrary.org/obo/FLOPO_0008412	ligule duration
http://purl.obolibrary.org/obo/FLOPO_0002580	ligule female
http://purl.obolibrary.org/obo/FLOPO_0002581	ligule phenotypic sex
http://purl.obolibrary.org/obo/FLOPO_0015821	ligule subacute
http://purl.obolibrary.org/obo/FLOPO_0007881	ligule up
http://purl.obolibrary.org/obo/FLOPO_0005866	locule acute
http://purl.obolibrary.org/obo/FLOPO_0005867	locule duration
http://purl.obolibrary.org/obo/FLOPO_0012667	locule female
http://purl.obolibrary.org/obo/FLOPO_0009457	locule hermaphrodite
http://purl.obolibrary.org/obo/FLOPO_0019396	locule male
http://purl.obolibrary.org/obo/FLOPO_0009458	locule phenotypic sex
http://purl.obolibrary.org/obo/FLOPO_0001812	locule up
http://purl.obolibrary.org/obo/FLOPO_0014856	lodicule male
http://purl.obolibrary.org/obo/FLOPO_0014857	lodicule phenotypic sex
http://purl.obolibrary.org/obo/FLOPO_0023496	long shoot up
http://purl.obolibrary.org/obo/FLOPO_0001337	lower glume acute
http://purl.obolibrary.org/obo/FLOPO_0011456	lower glume arrested
http://purl.obolibrary.org/obo/FLOPO_0000181	lower glume duration
http://purl.obolibrary.org/obo/FLOPO_0015789	lower glume female
http://purl.obolibrary.org/obo/FLOPO_0015745	lower glume male
http://purl.obolibrary.org/obo/FLOPO_0011457	lower glume offset quality
http://purl.obolibrary.org/obo/FLOPO_0015746	lower glume phenotypic sex
http://purl.obolibrary.org/obo/FLOPO_0000180	lower glume subacute
http://purl.obolibrary.org/obo/FLOPO_0006804	lower glume up
http://purl.obolibrary.org/obo/FLOPO_0018767	megaspore up
http://purl.obolibrary.org/obo/FLOPO_0018974	mesocarp up
http://purl.obolibrary.org/obo/FLOPO_0022168	mesophyll acute
http://purl.obolibrary.org/obo/FLOPO_0022169	mesophyll duration
http://purl.obolibrary.org/obo/FLOPO_0023529	mesophyll up
http://purl.obolibrary.org/obo/FLOPO_0018516	nectary duration
http://purl.obolibrary.org/obo/FLOPO_0018515	nectary subacute
http://purl.obolibrary.org/obo/FLOPO_0019400	nectary up
http://purl.obolibrary.org/obo/FLOPO_0012916	oil gland acute
http://purl.obolibrary.org/obo/FLOPO_0012917	oil gland duration
http://purl.obolibrary.org/obo/FLOPO_0010556	ovary wall arrested
http://purl.obolibrary.org/obo/FLOPO_0010875	ovary wall female
http://purl.obolibrary.org/obo/FLOPO_0008452	ovary wall hermaphrodite
http://purl.obolibrary.org/obo/FLOPO_0010194	ovary wall male
http://purl.obolibrary.org/obo/FLOPO_0010557	ovary wall offset quality
http://purl.obolibrary.org/obo/FLOPO_0005638	ovary wall onset quality
http://purl.obolibrary.org/obo/FLOPO_0008453	ovary wall phenotypic sex
http://purl.obolibrary.org/obo/FLOPO_0005637	ovary wall premature
http://purl.obolibrary.org/obo/FLOPO_0021751	ovary wall up
http://purl.obolibrary.org/obo/FLOPO_0010043	ovule primordium arrested
http://purl.obolibrary.org/obo/FLOPO_0022911	ovule primordium female
http://purl.obolibrary.org/obo/FLOPO_0002817	ovule primordium hermaphrodite
http://purl.obolibrary.org/obo/FLOPO_0010044	ovule primordium offset quality
http://purl.obolibrary.org/obo/FLOPO_0002818	ovule primordium phenotypic sex
http://purl.obolibrary.org/obo/FLOPO_0004523	palea acute
http://purl.obolibrary.org/obo/FLOPO_0004524	palea duration
http://purl.obolibrary.org/obo/FLOPO_0002675	palea hermaphrodite
http://purl.obolibrary.org/obo/FLOPO_0002676	palea phenotypic sex
http://purl.obolibrary.org/obo/FLOPO_0017110	palea subacute
http://purl.obolibrary.org/obo/FLOPO_0001400	palea up
http://purl.obolibrary.org/obo/FLOPO_0008884	palmate leaf onset quality
http://purl.obolibrary.org/obo/FLOPO_0008883	palmate leaf premature
http://purl.obolibrary.org/obo/FLOPO_0009440	papilla cell female
http://purl.obolibrary.org/obo/FLOPO_0009441	papilla cell phenotypic sex
http://purl.obolibrary.org/obo/FLOPO_0015625	pappus acute
http://purl.obolibrary.org/obo/FLOPO_0015626	pappus duration
http://purl.obolibrary.org/obo/FLOPO_0016755	pappus female
http://purl.obolibrary.org/obo/FLOPO_0010094	pappus hermaphrodite
http://purl.obolibrary.org/obo/FLOPO_0013725	pappus male
http://purl.obolibrary.org/obo/FLOPO_0010095	pappus phenotypic sex
http://purl.obolibrary.org/obo/FLOPO_0015023	pappus up
http://purl.obolibrary.org/obo/FLOPO_0001138	pedicel acute
http://purl.obolibrary.org/obo/FLOPO_0023337	pedicel down
http://purl.obolibrary.org/obo/FLOPO_0001139	pedicel duration
http://purl.obolibrary.org/obo/FLOPO_0003574	pedicel female
http://purl.obolibrary.org/obo/FLOPO_0000956	pedicel hermaphrodite
http://purl.obolibrary.org/obo/FLOPO_0000302	pedicel male
http://purl.obolibrary.org/obo/FLOPO_0009562	pedicel onset quality
http://purl.obolibrary.org/obo/FLOPO_0000303	pedicel phenotypic sex
http://purl.obolibrary.org/obo/FLOPO_0009561	pedicel premature
http://purl.obolibrary.org/obo/FLOPO_0014955	pedicel subacute
http://purl.obolibrary.org/obo/FLOPO_0000503	pedicel up
http://purl.obolibrary.org/obo/FLOPO_0012925	peduncle acute
http://purl.obolibrary.org/obo/FLOPO_0022349	peduncle arrested
http://purl.obolibrary.org/obo/FLOPO_0013784	peduncle down
http://purl.obolibrary.org/obo/FLOPO_0012926	peduncle duration
http://purl.obolibrary.org/obo/FLOPO_0005716	peduncle female
http://purl.obolibrary.org/obo/FLOPO_0023270	peduncle frequency
http://purl.obolibrary.org/obo/FLOPO_0023055	peduncle hermaphrodite
http://purl.obolibrary.org/obo/FLOPO_0001551	peduncle male
http://purl.obolibrary.org/obo/FLOPO_0022350	peduncle offset quality
http://purl.obolibrary.org/obo/FLOPO_0019324	peduncle onset quality
http://purl.obolibrary.org/obo/FLOPO_0001552	peduncle phenotypic sex
http://purl.obolibrary.org/obo/FLOPO_0019323	peduncle premature
http://purl.obolibrary.org/obo/FLOPO_0017457	peduncle subacute
http://purl.obolibrary.org/obo/FLOPO_0000639	peduncle up
http://purl.obolibrary.org/obo/FLOPO_0011436	perianth acute
http://purl.obolibrary.org/obo/FLOPO_0015224	perianth down
http://purl.obolibrary.org/obo/FLOPO_0005155	perianth duration
http://purl.obolibrary.org/obo/FLOPO_0004599	perianth female
http://purl.obolibrary.org/obo/FLOPO_0009208	perianth hermaphrodite
http://purl.obolibrary.org/obo/FLOPO_0001880	perianth male
http://purl.obolibrary.org/obo/FLOPO_0002784	perianth onset quality
http://purl.obolibrary.org/obo/FLOPO_0001881	perianth phenotypic sex
http://purl.obolibrary.org/obo/FLOPO_0002783	perianth premature
http://purl.obolibrary.org/obo/FLOPO_0005154	perianth subacute
http://purl.obolibrary.org/obo/FLOPO_0005938	perianth up
http://purl.obolibrary.org/obo/FLOPO_0009502	pericarp acute
http://purl.obolibrary.org/obo/FLOPO_0020499	pericarp arrested
http://purl.obolibrary.org/obo/FLOPO_0009503	pericarp duration
http://purl.obolibrary.org/obo/FLOPO_0020500	pericarp offset quality
http://purl.obolibrary.org/obo/FLOPO_0015087	pericarp onset quality
http://purl.obolibrary.org/obo/FLOPO_0015086	pericarp premature
http://purl.obolibrary.org/obo/FLOPO_0016427	pericarp subacute
http://purl.obolibrary.org/obo/FLOPO_0009197	pericarp up
http://purl.obolibrary.org/obo/FLOPO_0010066	periderm acute
http://purl.obolibrary.org/obo/FLOPO_0010067	periderm duration
http://purl.obolibrary.org/obo/FLOPO_0020150	periderm subacute
http://purl.obolibrary.org/obo/FLOPO_0017655	peristome acute
http://purl.obolibrary.org/obo/FLOPO_0017656	peristome duration
http://purl.obolibrary.org/obo/FLOPO_0009193	peristome up
http://purl.obolibrary.org/obo/FLOPO_0021436	persistent sepal arrested
http://purl.obolibrary.org/obo/FLOPO_0011789	persistent sepal female
http://purl.obolibrary.org/obo/FLOPO_0015647	persistent sepal hermaphrodite
http://purl.obolibrary.org/obo/FLOPO_0018272	persistent sepal male
http://purl.obolibrary.org/obo/FLOPO_0021437	persistent sepal offset quality
http://purl.obolibrary.org/obo/FLOPO_0007727	persistent sepal onset quality
http://purl.obolibrary.org/obo/FLOPO_0011790	persistent sepal phenotypic sex
http://purl.obolibrary.org/obo/FLOPO_0007726	persistent sepal premature
http://purl.obolibrary.org/obo/FLOPO_0010338	petal acute
http://purl.obolibrary.org/obo/FLOPO_0020359	petal arrested
http://purl.obolibrary.org/obo/FLOPO_0019432	petal continuous
http://purl.obolibrary.org/obo/FLOPO_0010339	petal duration
http://purl.obolibrary.org/obo/FLOPO_0022093	petal evergreen
http://purl.obolibrary.org/obo/FLOPO_0012127	petal female
http://purl.obolibrary.org/obo/FLOPO_0012405	petal hermaphrodite
http://purl.obolibrary.org/obo/FLOPO_0014250	petal left
http://purl.obolibrary.org/obo/FLOPO_0008380	petal male
http://purl.obolibrary.org/obo/FLOPO_0019433	petal occurrence
http://purl.obolibrary.org/obo/FLOPO_0020360	petal offset quality
http://purl.obolibrary.org/obo/FLOPO_0008479	petal onset quality
http://purl.obolibrary.org/obo/FLOPO_0008381	petal phenotypic sex
http://purl.obolibrary.org/obo/FLOPO_0008478	petal premature
http://purl.obolibrary.org/obo/FLOPO_0019937	petal radial symmetry
http://purl.obolibrary.org/obo/FLOPO_0021167	petal sexually dimorphic
http://purl.obolibrary.org/obo/FLOPO_0012711	petal sterile
http://purl.obolibrary.org/obo/FLOPO_0009594	petal up
http://purl.obolibrary.org/obo/FLOPO_0001199	petiole acute
http://purl.obolibrary.org/obo/FLOPO_0020041	petiole continuous
http://purl.obolibrary.org/obo/FLOPO_0009146	petiole down
http://purl.obolibrary.org/obo/FLOPO_0001200	petiole duration
http://purl.obolibrary.org/obo/FLOPO_0015108	petiole male
http://purl.obolibrary.org/obo/FLOPO_0014124	petiole margin acute
http://purl.obolibrary.org/obo/FLOPO_0014125	petiole margin duration
http://purl.obolibrary.org/obo/FLOPO_0020042	petiole occurrence
http://purl.obolibrary.org/obo/FLOPO_0011693	petiole onset quality
http://purl.obolibrary.org/obo/FLOPO_0019022	petiole phase
http://purl.obolibrary.org/obo/FLOPO_0015109	petiole phenotypic sex
http://purl.obolibrary.org/obo/FLOPO_0011692	petiole premature
http://purl.obolibrary.org/obo/FLOPO_0010581	petiole rate
http://purl.obolibrary.org/obo/FLOPO_0003445	petiole subacute
http://purl.obolibrary.org/obo/FLOPO_0001308	petiole up
http://purl.obolibrary.org/obo/FLOPO_0005682	petiolule acute
http://purl.obolibrary.org/obo/FLOPO_0005683	petiolule duration
http://purl.obolibrary.org/obo/FLOPO_0009604	petiolule onset quality
http://purl.obolibrary.org/obo/FLOPO_0009603	petiolule premature
http://purl.obolibrary.org/obo/FLOPO_0008375	petiolule subacute
http://purl.obolibrary.org/obo/FLOPO_0006297	petiolule up
http://purl.obolibrary.org/obo/FLOPO_0007628	phyllome sinus onset quality
http://purl.obolibrary.org/obo/FLOPO_0007627	phyllome sinus premature
http://purl.obolibrary.org/obo/FLOPO_0023852	pinnate leaf up
http://purl.obolibrary.org/obo/FLOPO_0019941	pistillode acute
http://purl.obolibrary.org/obo/FLOPO_0019994	pistillode down
http://purl.obolibrary.org/obo/FLOPO_0019942	pistillode duration
http://purl.obolibrary.org/obo/FLOPO_0003467	pistillode female
http://purl.obolibrary.org/obo/FLOPO_0009359	pistillode male
http://purl.obolibrary.org/obo/FLOPO_0003468	pistillode phenotypic sex
http://purl.obolibrary.org/obo/FLOPO_0010956	pistillode up
http://purl.obolibrary.org/obo/FLOPO_0014471	pith up
http://purl.obolibrary.org/obo/FLOPO_0011511	placenta continuous
http://purl.obolibrary.org/obo/FLOPO_0016890	placenta down
http://purl.obolibrary.org/obo/FLOPO_0021747	placenta female
http://purl.obolibrary.org/obo/FLOPO_0012507	placenta hermaphrodite
http://purl.obolibrary.org/obo/FLOPO_0023072	placenta male
http://purl.obolibrary.org/obo/FLOPO_0011512	placenta occurrence
http://purl.obolibrary.org/obo/FLOPO_0012508	placenta phenotypic sex
http://purl.obolibrary.org/obo/FLOPO_0013904	plant callus hermaphrodite
http://purl.obolibrary.org/obo/FLOPO_0013905	plant callus phenotypic sex
http://purl.obolibrary.org/obo/FLOPO_0022307	plant embryo arrested
http://purl.obolibrary.org/obo/FLOPO_0022308	plant embryo offset quality
http://purl.obolibrary.org/obo/FLOPO_0021558	plant sap curvature
http://purl.obolibrary.org/obo/FLOPO_0014610	plant sap decreased thickness
http://purl.obolibrary.org/obo/FLOPO_0021557	plant sap flattened
http://purl.obolibrary.org/obo/FLOPO_0017995	plant sap increased thickness
http://purl.obolibrary.org/obo/FLOPO_0021811	plant sap inflated
http://purl.obolibrary.org/obo/FLOPO_0019302	plant sap maturity
http://purl.obolibrary.org/obo/FLOPO_0019301	plant sap pubescent
http://purl.obolibrary.org/obo/FLOPO_0022197	plant sap spongy
http://purl.obolibrary.org/obo/FLOPO_0021812	plant sap structure, cavities
http://purl.obolibrary.org/obo/FLOPO_0021856	plant sap swollen
http://purl.obolibrary.org/obo/FLOPO_0014611	plant sap thickness
http://purl.obolibrary.org/obo/FLOPO_0018580	plant structure quality
http://purl.obolibrary.org/obo/FLOPO_0023433	plumule up
http://purl.obolibrary.org/obo/FLOPO_0022812	pollen female
http://purl.obolibrary.org/obo/FLOPO_0021216	pollen hermaphrodite
http://purl.obolibrary.org/obo/FLOPO_0016301	pollen male
http://purl.obolibrary.org/obo/FLOPO_0009660	pollen onset quality
http://purl.obolibrary.org/obo/FLOPO_0016302	pollen phenotypic sex
http://purl.obolibrary.org/obo/FLOPO_0009659	pollen recent
http://purl.obolibrary.org/obo/FLOPO_0010135	portion of secretory tissue female
http://purl.obolibrary.org/obo/FLOPO_0022537	portion of secretory tissue male
http://purl.obolibrary.org/obo/FLOPO_0011339	portion of secretory tissue onset quality
http://purl.obolibrary.org/obo/FLOPO_0010136	portion of secretory tissue phenotypic sex
http://purl.obolibrary.org/obo/FLOPO_0011338	portion of secretory tissue premature
http://purl.obolibrary.org/obo/FLOPO_0019253	prickle acute
http://purl.obolibrary.org/obo/FLOPO_0019254	prickle duration
http://purl.obolibrary.org/obo/FLOPO_0013896	prickle up
http://purl.obolibrary.org/obo/FLOPO_0016140	primary parietal cell arrested
http://purl.obolibrary.org/obo/FLOPO_0016141	primary parietal cell offset quality
http://purl.obolibrary.org/obo/FLOPO_0010470	prophyll female
http://purl.obolibrary.org/obo/FLOPO_0010638	prophyll male
http://purl.obolibrary.org/obo/FLOPO_0010471	prophyll phenotypic sex
http://purl.obolibrary.org/obo/FLOPO_0020101	prophyll up
http://purl.obolibrary.org/obo/FLOPO_0008816	pseudostem up
http://purl.obolibrary.org/obo/FLOPO_0016501	pulvinus up
http://purl.obolibrary.org/obo/FLOPO_0010428	radicle acute
http://purl.obolibrary.org/obo/FLOPO_0010429	radicle duration
http://purl.obolibrary.org/obo/FLOPO_0013708	receptacle acute
http://purl.obolibrary.org/obo/FLOPO_0018465	receptacle down
http://purl.obolibrary.org/obo/FLOPO_0012844	receptacle duration
http://purl.obolibrary.org/obo/FLOPO_0015837	receptacle female
http://purl.obolibrary.org/obo/FLOPO_0015245	receptacle hermaphrodite
http://purl.obolibrary.org/obo/FLOPO_0008475	receptacle male
http://purl.obolibrary.org/obo/FLOPO_0008476	receptacle phenotypic sex
http://purl.obolibrary.org/obo/FLOPO_0012843	receptacle subacute
http://purl.obolibrary.org/obo/FLOPO_0003915	receptacle up
http://purl.obolibrary.org/obo/FLOPO_0002696	rhizome acute
http://purl.obolibrary.org/obo/FLOPO_0019748	rhizome down
http://purl.obolibrary.org/obo/FLOPO_0002697	rhizome duration
http://purl.obolibrary.org/obo/FLOPO_0019487	rhizome hermaphrodite
http://purl.obolibrary.org/obo/FLOPO_0013888	rhizome iridescent
http://purl.obolibrary.org/obo/FLOPO_0019488	rhizome phenotypic sex
http://purl.obolibrary.org/obo/FLOPO_0019013	rhizome rate
http://purl.obolibrary.org/obo/FLOPO_0000854	rhizome up
http://purl.obolibrary.org/obo/FLOPO_0013889	rhizome variability of color
http://purl.obolibrary.org/obo/FLOPO_0005957	root acute
http://purl.obolibrary.org/obo/FLOPO_0006361	root cap acute
http://purl.obolibrary.org/obo/FLOPO_0006362	root cap duration
http://purl.obolibrary.org/obo/FLOPO_0005958	root duration
http://purl.obolibrary.org/obo/FLOPO_0023921	root female
http://purl.obolibrary.org/obo/FLOPO_0019440	root male
http://purl.obolibrary.org/obo/FLOPO_0019167	root onset quality
http://purl.obolibrary.org/obo/FLOPO_0019441	root phenotypic sex
http://purl.obolibrary.org/obo/FLOPO_0019166	root premature
http://purl.obolibrary.org/obo/FLOPO_0005001	root tip male
http://purl.obolibrary.org/obo/FLOPO_0016900	root tip onset quality
http://purl.obolibrary.org/obo/FLOPO_0005002	root tip phenotypic sex
http://purl.obolibrary.org/obo/FLOPO_0016899	root tip premature
http://purl.obolibrary.org/obo/FLOPO_0005905	root up
http://purl.obolibrary.org/obo/FLOPO_0016284	sapwood up
http://purl.obolibrary.org/obo/FLOPO_0019858	sclerenchyma acute
http://purl.obolibrary.org/obo/FLOPO_0020318	sclerenchyma continuous
http://purl.obolibrary.org/obo/FLOPO_0019859	sclerenchyma duration
http://purl.obolibrary.org/obo/FLOPO_0020319	sclerenchyma occurrence
http://purl.obolibrary.org/obo/FLOPO_0006419	sclerenchyma up
http://purl.obolibrary.org/obo/FLOPO_0014675	scutellar node onset quality
http://purl.obolibrary.org/obo/FLOPO_0014674	scutellar node premature
http://purl.obolibrary.org/obo/FLOPO_0018654	seed acute
http://purl.obolibrary.org/obo/FLOPO_0011156	seed arrested
http://purl.obolibrary.org/obo/FLOPO_0020589	seed coat up
http://purl.obolibrary.org/obo/FLOPO_0023557	seed continuous
http://purl.obolibrary.org/obo/FLOPO_0014676	seed down
http://purl.obolibrary.org/obo/FLOPO_0018655	seed duration
http://purl.obolibrary.org/obo/FLOPO_0015771	seed female
http://purl.obolibrary.org/obo/FLOPO_0020806	seed male
http://purl.obolibrary.org/obo/FLOPO_0023558	seed occurrence
http://purl.obolibrary.org/obo/FLOPO_0011157	seed offset quality
http://purl.obolibrary.org/obo/FLOPO_0022461	seed onset quality
http://purl.obolibrary.org/obo/FLOPO_0021742	seed operculum onset quality
http://purl.obolibrary.org/obo/FLOPO_0021741	seed operculum premature
http://purl.obolibrary.org/obo/FLOPO_0015772	seed phenotypic sex
http://purl.obolibrary.org/obo/FLOPO_0022460	seed premature
http://purl.obolibrary.org/obo/FLOPO_0007653	seed trichome arrested
http://purl.obolibrary.org/obo/FLOPO_0022634	seed trichome female
http://purl.obolibrary.org/obo/FLOPO_0007654	seed trichome offset quality
http://purl.obolibrary.org/obo/FLOPO_0007481	seed trichome onset quality
http://purl.obolibrary.org/obo/FLOPO_0022635	seed trichome phenotypic sex
http://purl.obolibrary.org/obo/FLOPO_0007480	seed trichome premature
http://purl.obolibrary.org/obo/FLOPO_0006373	seed up
http://purl.obolibrary.org/obo/FLOPO_0001461	sepal acute
http://purl.obolibrary.org/obo/FLOPO_0021834	sepal arrested
http://purl.obolibrary.org/obo/FLOPO_0001462	sepal duration
http://purl.obolibrary.org/obo/FLOPO_0000695	sepal female
http://purl.obolibrary.org/obo/FLOPO_0019023	sepal hermaphrodite
http://purl.obolibrary.org/obo/FLOPO_0005761	sepal male
http://purl.obolibrary.org/obo/FLOPO_0018994	sepal margin female
http://purl.obolibrary.org/obo/FLOPO_0018995	sepal margin phenotypic sex
http://purl.obolibrary.org/obo/FLOPO_0021835	sepal offset quality
http://purl.obolibrary.org/obo/FLOPO_0011378	sepal onset quality
http://purl.obolibrary.org/obo/FLOPO_0000696	sepal phenotypic sex
http://purl.obolibrary.org/obo/FLOPO_0011377	sepal premature
http://purl.obolibrary.org/obo/FLOPO_0002225	sepal subacute
http://purl.obolibrary.org/obo/FLOPO_0010461	sepal up
http://purl.obolibrary.org/obo/FLOPO_0009764	septum up
http://purl.obolibrary.org/obo/FLOPO_0006039	seta acute
http://purl.obolibrary.org/obo/FLOPO_0019555	seta down
http://purl.obolibrary.org/obo/FLOPO_0006040	seta duration
http://purl.obolibrary.org/obo/FLOPO_0016818	seta up
http://purl.obolibrary.org/obo/FLOPO_0022502	sheath cell hermaphrodite
http://purl.obolibrary.org/obo/FLOPO_0018541	sheath cell onset quality
http://purl.obolibrary.org/obo/FLOPO_0022503	sheath cell phenotypic sex
http://purl.obolibrary.org/obo/FLOPO_0018540	sheath cell premature
http://purl.obolibrary.org/obo/FLOPO_0002160	shoot apex arrested
http://purl.obolibrary.org/obo/FLOPO_0023897	shoot apex down
http://purl.obolibrary.org/obo/FLOPO_0007577	shoot apex female
http://purl.obolibrary.org/obo/FLOPO_0008497	shoot apex hermaphrodite
http://purl.obolibrary.org/obo/FLOPO_0007877	shoot apex male
http://purl.obolibrary.org/obo/FLOPO_0002161	shoot apex offset quality
http://purl.obolibrary.org/obo/FLOPO_0000647	shoot apex onset quality
http://purl.obolibrary.org/obo/FLOPO_0007578	shoot apex phenotypic sex
http://purl.obolibrary.org/obo/FLOPO_0000646	shoot apex premature
http://purl.obolibrary.org/obo/FLOPO_0021499	shoot apex up
http://purl.obolibrary.org/obo/FLOPO_0022984	shoot axis up
http://purl.obolibrary.org/obo/FLOPO_0018464	shoot internode onset quality
http://purl.obolibrary.org/obo/FLOPO_0018463	shoot internode premature
http://purl.obolibrary.org/obo/FLOPO_0005564	shoot system hermaphrodite
http://purl.obolibrary.org/obo/FLOPO_0003031	shoot system onset quality
http://purl.obolibrary.org/obo/FLOPO_0005565	shoot system phenotypic sex
http://purl.obolibrary.org/obo/FLOPO_0003030	shoot system premature
http://purl.obolibrary.org/obo/FLOPO_0006597	short shoot acute
http://purl.obolibrary.org/obo/FLOPO_0006598	short shoot duration
http://purl.obolibrary.org/obo/FLOPO_0007951	short shoot female
http://purl.obolibrary.org/obo/FLOPO_0010692	short shoot male
http://purl.obolibrary.org/obo/FLOPO_0007952	short shoot phenotypic sex
http://purl.obolibrary.org/obo/FLOPO_0015733	short shoot up
http://purl.obolibrary.org/obo/FLOPO_0018397	simple leaf up
http://purl.obolibrary.org/obo/FLOPO_0016635	sorus continuous
http://purl.obolibrary.org/obo/FLOPO_0016636	sorus occurrence
http://purl.obolibrary.org/obo/FLOPO_0017715	sorus up
http://purl.obolibrary.org/obo/FLOPO_0001529	spikelet acute
http://purl.obolibrary.org/obo/FLOPO_0022070	spikelet continuous
http://purl.obolibrary.org/obo/FLOPO_0011481	spikelet down
http://purl.obolibrary.org/obo/FLOPO_0001530	spikelet duration
http://purl.obolibrary.org/obo/FLOPO_0006153	spikelet female
http://purl.obolibrary.org/obo/FLOPO_0013229	spikelet hermaphrodite
http://purl.obolibrary.org/obo/FLOPO_0002368	spikelet male
http://purl.obolibrary.org/obo/FLOPO_0022071	spikelet occurrence
http://purl.obolibrary.org/obo/FLOPO_0002369	spikelet phenotypic sex
http://purl.obolibrary.org/obo/FLOPO_0011054	spikelet subacute
http://purl.obolibrary.org/obo/FLOPO_0009857	spikelet up
http://purl.obolibrary.org/obo/FLOPO_0020356	sporangium up
http://purl.obolibrary.org/obo/FLOPO_0007705	spore capsule annulus female
http://purl.obolibrary.org/obo/FLOPO_0020480	spore capsule annulus male
http://purl.obolibrary.org/obo/FLOPO_0007706	spore capsule annulus phenotypic sex
http://purl.obolibrary.org/obo/FLOPO_0008819	stalk acute
http://purl.obolibrary.org/obo/FLOPO_0010738	stalk down
http://purl.obolibrary.org/obo/FLOPO_0008820	stalk duration
http://purl.obolibrary.org/obo/FLOPO_0009145	stalk female
http://purl.obolibrary.org/obo/FLOPO_0019312	stalk hermaphrodite
http://purl.obolibrary.org/obo/FLOPO_0006520	stalk male
http://purl.obolibrary.org/obo/FLOPO_0006521	stalk phenotypic sex
http://purl.obolibrary.org/obo/FLOPO_0014401	stalk subacute
http://purl.obolibrary.org/obo/FLOPO_0005037	stalk up
http://purl.obolibrary.org/obo/FLOPO_0014864	stamen arrested
http://purl.obolibrary.org/obo/FLOPO_0018572	stamen down
http://purl.obolibrary.org/obo/FLOPO_0004552	stamen female
http://purl.obolibrary.org/obo/FLOPO_0007029	stamen hermaphrodite
http://purl.obolibrary.org/obo/FLOPO_0004924	stamen male
http://purl.obolibrary.org/obo/FLOPO_0014865	stamen offset quality
http://purl.obolibrary.org/obo/FLOPO_0013832	stamen onset quality
http://purl.obolibrary.org/obo/FLOPO_0004553	stamen phenotypic sex
http://purl.obolibrary.org/obo/FLOPO_0013831	stamen premature
http://purl.obolibrary.org/obo/FLOPO_0007086	stamen up
http://purl.obolibrary.org/obo/FLOPO_0010844	staminode female
http://purl.obolibrary.org/obo/FLOPO_0007814	staminode hermaphrodite
http://purl.obolibrary.org/obo/FLOPO_0014858	staminode male
http://purl.obolibrary.org/obo/FLOPO_0019712	staminode onset quality
http://purl.obolibrary.org/obo/FLOPO_0007815	staminode phenotypic sex
http://purl.obolibrary.org/obo/FLOPO_0019711	staminode premature
http://purl.obolibrary.org/obo/FLOPO_0013246	stele hermaphrodite
http://purl.obolibrary.org/obo/FLOPO_0010500	stele onset quality
http://purl.obolibrary.org/obo/FLOPO_0013247	stele phenotypic sex
http://purl.obolibrary.org/obo/FLOPO_0010499	stele premature
http://purl.obolibrary.org/obo/FLOPO_0000268	stem acute
http://purl.obolibrary.org/obo/FLOPO_0003140	stem arrested
http://purl.obolibrary.org/obo/FLOPO_0023201	stem base acute
http://purl.obolibrary.org/obo/FLOPO_0023202	stem base duration
http://purl.obolibrary.org/obo/FLOPO_0022904	stem base up
http://purl.obolibrary.org/obo/FLOPO_0013458	stem continuous
http://purl.obolibrary.org/obo/FLOPO_0006682	stem down
http://purl.obolibrary.org/obo/FLOPO_0000269	stem duration
http://purl.obolibrary.org/obo/FLOPO_0006310	stem female
http://purl.obolibrary.org/obo/FLOPO_0012002	stem hermaphrodite
http://purl.obolibrary.org/obo/FLOPO_0006496	stem male
http://purl.obolibrary.org/obo/FLOPO_0013459	stem occurrence
http://purl.obolibrary.org/obo/FLOPO_0003141	stem offset quality
http://purl.obolibrary.org/obo/FLOPO_0018999	stem onset quality
http://purl.obolibrary.org/obo/FLOPO_0006311	stem phenotypic sex
http://purl.obolibrary.org/obo/FLOPO_0018998	stem premature
http://purl.obolibrary.org/obo/FLOPO_0010313	stem subacute
http://purl.obolibrary.org/obo/FLOPO_0001033	stem up
http://purl.obolibrary.org/obo/FLOPO_0008333	stereome acute
http://purl.obolibrary.org/obo/FLOPO_0008334	stereome duration
http://purl.obolibrary.org/obo/FLOPO_0012961	stigma acute
http://purl.obolibrary.org/obo/FLOPO_0012117	stigma down
http://purl.obolibrary.org/obo/FLOPO_0012962	stigma duration
http://purl.obolibrary.org/obo/FLOPO_0000108	stigma female
http://purl.obolibrary.org/obo/FLOPO_0009367	stigma hermaphrodite
http://purl.obolibrary.org/obo/FLOPO_0009691	stigma male
http://purl.obolibrary.org/obo/FLOPO_0000109	stigma phenotypic sex
http://purl.obolibrary.org/obo/FLOPO_0017076	stigma subacute
http://purl.obolibrary.org/obo/FLOPO_0008433	stigma up
http://purl.obolibrary.org/obo/FLOPO_0005885	stipel maturity
http://purl.obolibrary.org/obo/FLOPO_0015200	stipel onset quality
http://purl.obolibrary.org/obo/FLOPO_0900057	stipel persistence
http://purl.obolibrary.org/obo/FLOPO_0900058	stipel persistent
http://purl.obolibrary.org/obo/FLOPO_0015199	stipel premature
http://purl.obolibrary.org/obo/FLOPO_0005884	stipel pubescent
http://purl.obolibrary.org/obo/FLOPO_0006004	stipule acute
http://purl.obolibrary.org/obo/FLOPO_0019558	stipule arrested
http://purl.obolibrary.org/obo/FLOPO_0006005	stipule duration
http://purl.obolibrary.org/obo/FLOPO_0023228	stipule female
http://purl.obolibrary.org/obo/FLOPO_0019559	stipule offset quality
http://purl.obolibrary.org/obo/FLOPO_0003150	stipule onset quality
http://purl.obolibrary.org/obo/FLOPO_0023229	stipule phenotypic sex
http://purl.obolibrary.org/obo/FLOPO_0003149	stipule premature
http://purl.obolibrary.org/obo/FLOPO_0006157	stipule up
http://purl.obolibrary.org/obo/FLOPO_0023238	stolon down
http://purl.obolibrary.org/obo/FLOPO_0020852	stolon up
http://purl.obolibrary.org/obo/FLOPO_0015708	strobilus up
http://purl.obolibrary.org/obo/FLOPO_0012408	style acute
http://purl.obolibrary.org/obo/FLOPO_0010615	style continuous
http://purl.obolibrary.org/obo/FLOPO_0010712	style down
http://purl.obolibrary.org/obo/FLOPO_0006798	style duration
http://purl.obolibrary.org/obo/FLOPO_0008696	style female
http://purl.obolibrary.org/obo/FLOPO_0004350	style hermaphrodite
http://purl.obolibrary.org/obo/FLOPO_0002771	style male
http://purl.obolibrary.org/obo/FLOPO_0010616	style occurrence
http://purl.obolibrary.org/obo/FLOPO_0013713	style onset quality
http://purl.obolibrary.org/obo/FLOPO_0002772	style phenotypic sex
http://purl.obolibrary.org/obo/FLOPO_0013712	style premature
http://purl.obolibrary.org/obo/FLOPO_0006797	style subacute
http://purl.obolibrary.org/obo/FLOPO_0000514	style up
http://purl.obolibrary.org/obo/FLOPO_0021549	subterranean tuber up
http://purl.obolibrary.org/obo/FLOPO_0015410	tassel sessile spikelet female
http://purl.obolibrary.org/obo/FLOPO_0007657	tassel sessile spikelet hermaphrodite
http://purl.obolibrary.org/obo/FLOPO_0010124	tassel sessile spikelet male
http://purl.obolibrary.org/obo/FLOPO_0022728	tassel sessile spikelet occurrence
http://purl.obolibrary.org/obo/FLOPO_0019485	tassel sessile spikelet onset quality
http://purl.obolibrary.org/obo/FLOPO_0007658	tassel sessile spikelet phenotypic sex
http://purl.obolibrary.org/obo/FLOPO_0019484	tassel sessile spikelet premature
http://purl.obolibrary.org/obo/FLOPO_0022727	tassel sessile spikelet synchronous
http://purl.obolibrary.org/obo/FLOPO_0014435	tepal acute
http://purl.obolibrary.org/obo/FLOPO_0014436	tepal duration
http://purl.obolibrary.org/obo/FLOPO_0015488	tepal female
http://purl.obolibrary.org/obo/FLOPO_0018762	tepal hermaphrodite
http://purl.obolibrary.org/obo/FLOPO_0009842	tepal male
http://purl.obolibrary.org/obo/FLOPO_0009843	tepal phenotypic sex
http://purl.obolibrary.org/obo/FLOPO_0011540	tepal up
http://purl.obolibrary.org/obo/FLOPO_0015947	terminal bud female
http://purl.obolibrary.org/obo/FLOPO_0021434	terminal bud male
http://purl.obolibrary.org/obo/FLOPO_0015948	terminal bud phenotypic sex
http://purl.obolibrary.org/obo/FLOPO_0019277	terminal bud up
http://purl.obolibrary.org/obo/FLOPO_0012708	tertiary leaf vein onset quality
http://purl.obolibrary.org/obo/FLOPO_0012707	tertiary leaf vein premature
http://purl.obolibrary.org/obo/FLOPO_0004675	testa acute
http://purl.obolibrary.org/obo/FLOPO_0004676	testa duration
http://purl.obolibrary.org/obo/FLOPO_0010501	testa iridescent
http://purl.obolibrary.org/obo/FLOPO_0019443	testa subacute
http://purl.obolibrary.org/obo/FLOPO_0011901	testa up
http://purl.obolibrary.org/obo/FLOPO_0010502	testa variability of color
http://purl.obolibrary.org/obo/FLOPO_0020463	thallus up
http://purl.obolibrary.org/obo/FLOPO_0022238	thorn female
http://purl.obolibrary.org/obo/FLOPO_0013243	thorn onset quality
http://purl.obolibrary.org/obo/FLOPO_0022239	thorn phenotypic sex
http://purl.obolibrary.org/obo/FLOPO_0013242	thorn premature
http://purl.obolibrary.org/obo/FLOPO_0007687	trichome female
http://purl.obolibrary.org/obo/FLOPO_0006583	trichome hermaphrodite
http://purl.obolibrary.org/obo/FLOPO_0023372	trichome male
http://purl.obolibrary.org/obo/FLOPO_0013233	trichome onset quality
http://purl.obolibrary.org/obo/FLOPO_0006584	trichome phenotypic sex
http://purl.obolibrary.org/obo/FLOPO_0013232	trichome premature
http://purl.obolibrary.org/obo/FLOPO_0019647	tuber arrested
http://purl.obolibrary.org/obo/FLOPO_0019648	tuber offset quality
http://purl.obolibrary.org/obo/FLOPO_0003045	tuber up
http://purl.obolibrary.org/obo/FLOPO_0005436	tubercle acute
http://purl.obolibrary.org/obo/FLOPO_0023401	tubercle down
http://purl.obolibrary.org/obo/FLOPO_0005437	tubercle duration
http://purl.obolibrary.org/obo/FLOPO_0012709	tubercle female
http://purl.obolibrary.org/obo/FLOPO_0022136	tubercle male
http://purl.obolibrary.org/obo/FLOPO_0012710	tubercle phenotypic sex
http://purl.obolibrary.org/obo/FLOPO_0015002	tubercle subacute
http://purl.obolibrary.org/obo/FLOPO_0007925	tubercle up
http://purl.obolibrary.org/obo/FLOPO_0016683	tuberous root up
http://purl.obolibrary.org/obo/FLOPO_0004826	upper glume acute
http://purl.obolibrary.org/obo/FLOPO_0010297	upper glume arrested
http://purl.obolibrary.org/obo/FLOPO_0004827	upper glume duration
http://purl.obolibrary.org/obo/FLOPO_0010298	upper glume offset quality
http://purl.obolibrary.org/obo/FLOPO_0014887	upper glume subacute
http://purl.obolibrary.org/obo/FLOPO_0004227	upper glume up
http://purl.obolibrary.org/obo/FLOPO_0006224	valve arrested
http://purl.obolibrary.org/obo/FLOPO_0019816	valve down
http://purl.obolibrary.org/obo/FLOPO_0006225	valve offset quality
http://purl.obolibrary.org/obo/FLOPO_0010698	valve up
http://purl.obolibrary.org/obo/FLOPO_0021948	vascular bundle arrested
http://purl.obolibrary.org/obo/FLOPO_0014169	vascular bundle female
http://purl.obolibrary.org/obo/FLOPO_0004925	vascular bundle hermaphrodite
http://purl.obolibrary.org/obo/FLOPO_0009574	vascular bundle male
http://purl.obolibrary.org/obo/FLOPO_0021949	vascular bundle offset quality
http://purl.obolibrary.org/obo/FLOPO_0006380	vascular bundle onset quality
http://purl.obolibrary.org/obo/FLOPO_0004926	vascular bundle phenotypic sex
http://purl.obolibrary.org/obo/FLOPO_0006379	vascular bundle premature
http://purl.obolibrary.org/obo/FLOPO_0022446	vascular system acute
http://purl.obolibrary.org/obo/FLOPO_0022447	vascular system duration
http://purl.obolibrary.org/obo/FLOPO_0018457	vegetative bud male
http://purl.obolibrary.org/obo/FLOPO_0018458	vegetative bud phenotypic sex
http://purl.obolibrary.org/obo/FLOPO_0016499	whole plant arrested
http://purl.obolibrary.org/obo/FLOPO_0016500	whole plant offset quality
http://purl.obolibrary.org/obo/FLOPO_0007871	whole plant onset quality
http://purl.obolibrary.org/obo/FLOPO_0007870	whole plant premature
http://purl.obolibrary.org/obo/FLOPO_0012457	whole plant up
http://purl.obolibrary.org/obo/FLOPO_0011744	xylem vessel member hermaphrodite
http://purl.obolibrary.org/obo/FLOPO_0021572	xylem vessel member male
http://purl.obolibrary.org/obo/FLOPO_0011745	xylem vessel member phenotypic sex
