flopo_iri	flopo_num	label	signature	deprecated
http://purl.obolibrary.org/obo/FLOPO_0980611	980611	whole plant height	EQ|PO_0000003|PATO_0000119	0
http://purl.obolibrary.org/obo/FLOPO_0980612	980612	whole plant black	EQ|PO_0000003|PATO_0000317	0
http://purl.obolibrary.org/obo/FLOPO_0980613	980613	whole plant width	EQ|PO_0000003|PATO_0000921	0
http://purl.obolibrary.org/obo/FLOPO_0980614	980614	whole plant subspherical	EQ|PO_0000003|PATO_0005014	0
http://purl.obolibrary.org/obo/FLOPO_0980615	980615	whole plant coriaceous	EQ|PO_0000003|PATO_0104032	0
http://purl.obolibrary.org/obo/FLOPO_0980616	980616	bud coriaceous	EQ|PO_0000055|PATO_0104032	0
http://purl.obolibrary.org/obo/FLOPO_0980617	980617	flower bud height	EQ|PO_0000056|PATO_0000119	0
http://purl.obolibrary.org/obo/FLOPO_0980618	980618	flower bud length	EQ|PO_0000056|PATO_0000122	0
http://purl.obolibrary.org/obo/FLOPO_0980619	980619	flower bud green	EQ|PO_0000056|PATO_0000320	0
http://purl.obolibrary.org/obo/FLOPO_0980620	980620	flower bud red	EQ|PO_0000056|PATO_0000322	0
http://purl.obolibrary.org/obo/FLOPO_0980621	980621	flower bud yellow	EQ|PO_0000056|PATO_0000324	0
http://purl.obolibrary.org/obo/FLOPO_0980622	980622	flower bud smooth	EQ|PO_0000056|PATO_0000701	0
http://purl.obolibrary.org/obo/FLOPO_0980623	980623	flower bud width	EQ|PO_0000056|PATO_0000921	0
http://purl.obolibrary.org/obo/FLOPO_0980624	980624	flower bud elliptic	EQ|PO_0000056|PATO_0000947	0
http://purl.obolibrary.org/obo/FLOPO_0980625	980625	flower bud brown	EQ|PO_0000056|PATO_0000952	0
http://purl.obolibrary.org/obo/FLOPO_0980626	980626	flower bud linear	EQ|PO_0000056|PATO_0001199	0
http://purl.obolibrary.org/obo/FLOPO_0980627	980627	flower bud pubescent hair	EQ|PO_0000056|PATO_0001320	0
http://purl.obolibrary.org/obo/FLOPO_0980628	980628	flower bud diameter	EQ|PO_0000056|PATO_0001334	0
http://purl.obolibrary.org/obo/FLOPO_0980629	980629	flower bud sessile (sensu botany)	EQ|PO_0000056|PATO_0001436	0
http://purl.obolibrary.org/obo/FLOPO_0980630	980630	flower bud spherical	EQ|PO_0000056|PATO_0001499	0
http://purl.obolibrary.org/obo/FLOPO_0980631	980631	flower bud obtuse	EQ|PO_0000056|PATO_0001935	0
http://purl.obolibrary.org/obo/FLOPO_0980632	980632	flower bud attenuate	EQ|PO_0000056|PATO_0001982	0
http://purl.obolibrary.org/obo/FLOPO_0980633	980633	flower bud acuminate	EQ|PO_0000056|PATO_0002228	0
http://purl.obolibrary.org/obo/FLOPO_0980634	980634	flower bud tomentose	EQ|PO_0000056|PATO_0002341	0
http://purl.obolibrary.org/obo/FLOPO_0980635	980635	flower bud ridged	EQ|PO_0000056|PATO_0002358	0
http://purl.obolibrary.org/obo/FLOPO_0980636	980636	flower bud subspherical	EQ|PO_0000056|PATO_0005014	0
http://purl.obolibrary.org/obo/FLOPO_0980637	980637	flower bud coriaceous	EQ|PO_0000056|PATO_0104032	0
http://purl.obolibrary.org/obo/FLOPO_0980638	980638	trichome black	EQ|PO_0000282|PATO_0000317	0
http://purl.obolibrary.org/obo/FLOPO_0980639	980639	trichome green	EQ|PO_0000282|PATO_0000320	0
http://purl.obolibrary.org/obo/FLOPO_0980640	980640	trichome red	EQ|PO_0000282|PATO_0000322	0
http://purl.obolibrary.org/obo/FLOPO_0980641	980641	trichome white	EQ|PO_0000282|PATO_0000323	0
http://purl.obolibrary.org/obo/FLOPO_0980642	980642	trichome yellow	EQ|PO_0000282|PATO_0000324	0
http://purl.obolibrary.org/obo/FLOPO_0980643	980643	trichome brown	EQ|PO_0000282|PATO_0000952	0
http://purl.obolibrary.org/obo/FLOPO_0980644	980644	sapwood black	EQ|PO_0004513|PATO_0000317	0
http://purl.obolibrary.org/obo/FLOPO_0980645	980645	bark height	EQ|PO_0004518|PATO_0000119	0
http://purl.obolibrary.org/obo/FLOPO_0980646	980646	rhizome height	EQ|PO_0004542|PATO_0000119	0
http://purl.obolibrary.org/obo/FLOPO_0980647	980647	short shoot diameter	EQ|PO_0004701|PATO_0001334	0
http://purl.obolibrary.org/obo/FLOPO_0980648	980648	short shoot subspherical	EQ|PO_0004701|PATO_0005014	0
http://purl.obolibrary.org/obo/FLOPO_0980649	980649	secondary xylem phenotype	PHENO|PO_0005848	0
http://purl.obolibrary.org/obo/FLOPO_0980650	980650	secondary xylem height	EQ|PO_0005848|PATO_0000119	0
http://purl.obolibrary.org/obo/FLOPO_0980651	980651	secondary xylem length	EQ|PO_0005848|PATO_0000122	0
http://purl.obolibrary.org/obo/FLOPO_0980652	980652	secondary xylem red	EQ|PO_0005848|PATO_0000322	0
http://purl.obolibrary.org/obo/FLOPO_0980653	980653	secondary xylem white	EQ|PO_0005848|PATO_0000323	0
http://purl.obolibrary.org/obo/FLOPO_0980654	980654	secondary xylem yellow	EQ|PO_0005848|PATO_0000324	0
http://purl.obolibrary.org/obo/FLOPO_0980655	980655	secondary xylem erect	EQ|PO_0005848|PATO_0000622	0
http://purl.obolibrary.org/obo/FLOPO_0980656	980656	secondary xylem brown	EQ|PO_0005848|PATO_0000952	0
http://purl.obolibrary.org/obo/FLOPO_0980657	980657	secondary xylem diameter	EQ|PO_0005848|PATO_0001334	0
http://purl.obolibrary.org/obo/FLOPO_0980658	980658	lower glume sessile (sensu botany)	EQ|PO_0006002|PATO_0001436	0
http://purl.obolibrary.org/obo/FLOPO_0980659	980659	lower glume coriaceous	EQ|PO_0006002|PATO_0104032	0
http://purl.obolibrary.org/obo/FLOPO_0980660	980660	upper glume red	EQ|PO_0006004|PATO_0000322	0
http://purl.obolibrary.org/obo/FLOPO_0980661	980661	infructescence width	EQ|PO_0006342|PATO_0000921	0
http://purl.obolibrary.org/obo/FLOPO_0980662	980662	infructescence subspherical	EQ|PO_0006342|PATO_0005014	0
http://purl.obolibrary.org/obo/FLOPO_0980663	980663	infructescence coriaceous	EQ|PO_0006342|PATO_0104032	0
http://purl.obolibrary.org/obo/FLOPO_0980664	980664	seedling phenotype	PHENO|PO_0008037	0
http://purl.obolibrary.org/obo/FLOPO_0980665	980665	seedling length	EQ|PO_0008037|PATO_0000122	0
http://purl.obolibrary.org/obo/FLOPO_0980666	980666	seedling glabrous	EQ|PO_0008037|PATO_0000453	0
http://purl.obolibrary.org/obo/FLOPO_0980667	980667	seedling erect	EQ|PO_0008037|PATO_0000622	0
http://purl.obolibrary.org/obo/FLOPO_0980668	980668	seedling oblong	EQ|PO_0008037|PATO_0000946	0
http://purl.obolibrary.org/obo/FLOPO_0980669	980669	seedling pubescent hair	EQ|PO_0008037|PATO_0001320	0
http://purl.obolibrary.org/obo/FLOPO_0980670	980670	seedling obtuse	EQ|PO_0008037|PATO_0001935	0
http://purl.obolibrary.org/obo/FLOPO_0980671	980671	seedling acuminate	EQ|PO_0008037|PATO_0002228	0
http://purl.obolibrary.org/obo/FLOPO_0980672	980672	seedling tomentose	EQ|PO_0008037|PATO_0002341	0
http://purl.obolibrary.org/obo/FLOPO_0980673	980673	seedling ridged	EQ|PO_0008037|PATO_0002358	0
http://purl.obolibrary.org/obo/FLOPO_0980674	980674	fruit height	EQ|PO_0009001|PATO_0000119	0
http://purl.obolibrary.org/obo/FLOPO_0980675	980675	fruit sessile (sensu botany)	EQ|PO_0009001|PATO_0001436	0
http://purl.obolibrary.org/obo/FLOPO_0980676	980676	fruit subspherical	EQ|PO_0009001|PATO_0005014	0
http://purl.obolibrary.org/obo/FLOPO_0980677	980677	fruit coriaceous	EQ|PO_0009001|PATO_0104032	0
http://purl.obolibrary.org/obo/FLOPO_0980678	980678	seed sessile (sensu botany)	EQ|PO_0009010|PATO_0001436	0
http://purl.obolibrary.org/obo/FLOPO_0980679	980679	seed subspherical	EQ|PO_0009010|PATO_0005014	0
http://purl.obolibrary.org/obo/FLOPO_0980680	980680	seed coriaceous	EQ|PO_0009010|PATO_0104032	0
http://purl.obolibrary.org/obo/FLOPO_0980681	980681	vascular leaf height	EQ|PO_0009025|PATO_0000119	0
http://purl.obolibrary.org/obo/FLOPO_0980682	980682	vascular leaf black	EQ|PO_0009025|PATO_0000317	0
http://purl.obolibrary.org/obo/FLOPO_0980683	980683	vascular leaf green	EQ|PO_0009025|PATO_0000320	0
http://purl.obolibrary.org/obo/FLOPO_0980684	980684	vascular leaf red	EQ|PO_0009025|PATO_0000322	0
http://purl.obolibrary.org/obo/FLOPO_0980685	980685	vascular leaf white	EQ|PO_0009025|PATO_0000323	0
http://purl.obolibrary.org/obo/FLOPO_0980686	980686	vascular leaf yellow	EQ|PO_0009025|PATO_0000324	0
http://purl.obolibrary.org/obo/FLOPO_0980687	980687	vascular leaf smooth	EQ|PO_0009025|PATO_0000701	0
http://purl.obolibrary.org/obo/FLOPO_0980688	980688	vascular leaf width	EQ|PO_0009025|PATO_0000921	0
http://purl.obolibrary.org/obo/FLOPO_0980689	980689	vascular leaf elliptic	EQ|PO_0009025|PATO_0000947	0
http://purl.obolibrary.org/obo/FLOPO_0980690	980690	vascular leaf brown	EQ|PO_0009025|PATO_0000952	0
http://purl.obolibrary.org/obo/FLOPO_0980691	980691	vascular leaf diameter	EQ|PO_0009025|PATO_0001334	0
http://purl.obolibrary.org/obo/FLOPO_0980692	980692	vascular leaf sessile (sensu botany)	EQ|PO_0009025|PATO_0001436	0
http://purl.obolibrary.org/obo/FLOPO_0980693	980693	vascular leaf attenuate	EQ|PO_0009025|PATO_0001982	0
http://purl.obolibrary.org/obo/FLOPO_0980694	980694	vascular leaf subspherical	EQ|PO_0009025|PATO_0005014	0
http://purl.obolibrary.org/obo/FLOPO_0980695	980695	vascular leaf coriaceous	EQ|PO_0009025|PATO_0104032	0
http://purl.obolibrary.org/obo/FLOPO_0980696	980696	sporophyll phenotype	PHENO|PO_0009026	0
http://purl.obolibrary.org/obo/FLOPO_0980697	980697	sporophyll length	EQ|PO_0009026|PATO_0000122	0
http://purl.obolibrary.org/obo/FLOPO_0980698	980698	sporophyll green	EQ|PO_0009026|PATO_0000320	0
http://purl.obolibrary.org/obo/FLOPO_0980699	980699	sporophyll oblong	EQ|PO_0009026|PATO_0000946	0
http://purl.obolibrary.org/obo/FLOPO_0980700	980700	sporophyll lanceolate	EQ|PO_0009026|PATO_0001877	0
http://purl.obolibrary.org/obo/FLOPO_0980701	980701	sporophyll acuminate	EQ|PO_0009026|PATO_0002228	0
http://purl.obolibrary.org/obo/FLOPO_0980702	980702	sporophyll coriaceous	EQ|PO_0009026|PATO_0104032	0
http://purl.obolibrary.org/obo/FLOPO_0980703	980703	stamen height	EQ|PO_0009029|PATO_0000119	0
http://purl.obolibrary.org/obo/FLOPO_0980704	980704	stamen width	EQ|PO_0009029|PATO_0000921	0
http://purl.obolibrary.org/obo/FLOPO_0980705	980705	stamen sessile (sensu botany)	EQ|PO_0009029|PATO_0001436	0
http://purl.obolibrary.org/obo/FLOPO_0980706	980706	carpel brown	EQ|PO_0009030|PATO_0000952	0
http://purl.obolibrary.org/obo/FLOPO_0980707	980707	carpel sessile (sensu botany)	EQ|PO_0009030|PATO_0001436	0
http://purl.obolibrary.org/obo/FLOPO_0980708	980708	carpel ridged	EQ|PO_0009030|PATO_0002358	0
http://purl.obolibrary.org/obo/FLOPO_0980709	980709	carpel subspherical	EQ|PO_0009030|PATO_0005014	0
http://purl.obolibrary.org/obo/FLOPO_0980710	980710	sepal height	EQ|PO_0009031|PATO_0000119	0
http://purl.obolibrary.org/obo/FLOPO_0980711	980711	sepal ridged	EQ|PO_0009031|PATO_0002358	0
http://purl.obolibrary.org/obo/FLOPO_0980712	980712	sepal coriaceous	EQ|PO_0009031|PATO_0104032	0
http://purl.obolibrary.org/obo/FLOPO_0980713	980713	petal height	EQ|PO_0009032|PATO_0000119	0
http://purl.obolibrary.org/obo/FLOPO_0980714	980714	petal width	EQ|PO_0009032|PATO_0000921	0
http://purl.obolibrary.org/obo/FLOPO_0980715	980715	petal sessile (sensu botany)	EQ|PO_0009032|PATO_0001436	0
http://purl.obolibrary.org/obo/FLOPO_0980716	980716	petal coriaceous	EQ|PO_0009032|PATO_0104032	0
http://purl.obolibrary.org/obo/FLOPO_0980717	980717	tepal height	EQ|PO_0009033|PATO_0000119	0
http://purl.obolibrary.org/obo/FLOPO_0980718	980718	lemma coriaceous	EQ|PO_0009037|PATO_0104032	0
http://purl.obolibrary.org/obo/FLOPO_0980719	980719	glume coriaceous	EQ|PO_0009039|PATO_0104032	0
http://purl.obolibrary.org/obo/FLOPO_0980720	980720	sterile lemma pubescent hair	EQ|PO_0009040|PATO_0001320	0
http://purl.obolibrary.org/obo/FLOPO_0980721	980721	fertile lemma white	EQ|PO_0009041|PATO_0000323	0
http://purl.obolibrary.org/obo/FLOPO_0980722	980722	fertile lemma oblong	EQ|PO_0009041|PATO_0000946	0
http://purl.obolibrary.org/obo/FLOPO_0980723	980723	fertile lemma linear	EQ|PO_0009041|PATO_0001199	0
http://purl.obolibrary.org/obo/FLOPO_0980724	980724	bracteole height	EQ|PO_0009043|PATO_0000119	0
http://purl.obolibrary.org/obo/FLOPO_0980725	980725	bracteole black	EQ|PO_0009043|PATO_0000317	0
http://purl.obolibrary.org/obo/FLOPO_0980726	980726	bracteole red	EQ|PO_0009043|PATO_0000322	0
http://purl.obolibrary.org/obo/FLOPO_0980727	980727	bracteole width	EQ|PO_0009043|PATO_0000921	0
http://purl.obolibrary.org/obo/FLOPO_0980728	980728	bracteole sessile (sensu botany)	EQ|PO_0009043|PATO_0001436	0
http://purl.obolibrary.org/obo/FLOPO_0980729	980729	bracteole coriaceous	EQ|PO_0009043|PATO_0104032	0
http://purl.obolibrary.org/obo/FLOPO_0980730	980730	involucral bract phenotype	PHENO|PO_0009045	0
http://purl.obolibrary.org/obo/FLOPO_0980731	980731	involucral bract glabrous	EQ|PO_0009045|PATO_0000453	0
http://purl.obolibrary.org/obo/FLOPO_0980732	980732	flower width	EQ|PO_0009046|PATO_0000921	0
http://purl.obolibrary.org/obo/FLOPO_0980733	980733	flower sessile (sensu botany)	EQ|PO_0009046|PATO_0001436	0
http://purl.obolibrary.org/obo/FLOPO_0980734	980734	flower subspherical	EQ|PO_0009046|PATO_0005014	0
http://purl.obolibrary.org/obo/FLOPO_0980735	980735	flower coriaceous	EQ|PO_0009046|PATO_0104032	0
http://purl.obolibrary.org/obo/FLOPO_0980736	980736	stem sessile (sensu botany)	EQ|PO_0009047|PATO_0001436	0
http://purl.obolibrary.org/obo/FLOPO_0980737	980737	stem coriaceous	EQ|PO_0009047|PATO_0104032	0
http://purl.obolibrary.org/obo/FLOPO_0980738	980738	inflorescence pubescent hair	EQ|PO_0009049|PATO_0001320	0
http://purl.obolibrary.org/obo/FLOPO_0980739	980739	inflorescence sessile (sensu botany)	EQ|PO_0009049|PATO_0001436	0
http://purl.obolibrary.org/obo/FLOPO_0980740	980740	spikelet sessile (sensu botany)	EQ|PO_0009051|PATO_0001436	0
http://purl.obolibrary.org/obo/FLOPO_0980741	980741	peduncle width	EQ|PO_0009053|PATO_0000921	0
http://purl.obolibrary.org/obo/FLOPO_0980742	980742	peduncle sessile (sensu botany)	EQ|PO_0009053|PATO_0001436	0
http://purl.obolibrary.org/obo/FLOPO_0980743	980743	peduncle subspherical	EQ|PO_0009053|PATO_0005014	0
http://purl.obolibrary.org/obo/FLOPO_0980744	980744	bract height	EQ|PO_0009055|PATO_0000119	0
http://purl.obolibrary.org/obo/FLOPO_0980745	980745	bract black	EQ|PO_0009055|PATO_0000317	0
http://purl.obolibrary.org/obo/FLOPO_0980746	980746	bract width	EQ|PO_0009055|PATO_0000921	0
http://purl.obolibrary.org/obo/FLOPO_0980747	980747	bract sessile (sensu botany)	EQ|PO_0009055|PATO_0001436	0
http://purl.obolibrary.org/obo/FLOPO_0980748	980748	bract subspherical	EQ|PO_0009055|PATO_0005014	0
http://purl.obolibrary.org/obo/FLOPO_0980749	980749	bract coriaceous	EQ|PO_0009055|PATO_0104032	0
http://purl.obolibrary.org/obo/FLOPO_0980750	980750	corolla height	EQ|PO_0009059|PATO_0000119	0
http://purl.obolibrary.org/obo/FLOPO_0980751	980751	corolla width	EQ|PO_0009059|PATO_0000921	0
http://purl.obolibrary.org/obo/FLOPO_0980752	980752	corolla sessile (sensu botany)	EQ|PO_0009059|PATO_0001436	0
http://purl.obolibrary.org/obo/FLOPO_0980753	980753	corolla coriaceous	EQ|PO_0009059|PATO_0104032	0
http://purl.obolibrary.org/obo/FLOPO_0980754	980754	calyx height	EQ|PO_0009060|PATO_0000119	0
http://purl.obolibrary.org/obo/FLOPO_0980755	980755	calyx sessile (sensu botany)	EQ|PO_0009060|PATO_0001436	0
http://purl.obolibrary.org/obo/FLOPO_0980756	980756	calyx ridged	EQ|PO_0009060|PATO_0002358	0
http://purl.obolibrary.org/obo/FLOPO_0980757	980757	calyx coriaceous	EQ|PO_0009060|PATO_0104032	0
http://purl.obolibrary.org/obo/FLOPO_0980758	980758	androecium height	EQ|PO_0009061|PATO_0000119	0
http://purl.obolibrary.org/obo/FLOPO_0980759	980759	androecium white	EQ|PO_0009061|PATO_0000323	0
http://purl.obolibrary.org/obo/FLOPO_0980760	980760	androecium sessile (sensu botany)	EQ|PO_0009061|PATO_0001436	0
http://purl.obolibrary.org/obo/FLOPO_0980761	980761	androecium ridged	EQ|PO_0009061|PATO_0002358	0
http://purl.obolibrary.org/obo/FLOPO_0980762	980762	gynoecium sessile (sensu botany)	EQ|PO_0009062|PATO_0001436	0
http://purl.obolibrary.org/obo/FLOPO_0980763	980763	receptacle height	EQ|PO_0009064|PATO_0000119	0
http://purl.obolibrary.org/obo/FLOPO_0980764	980764	receptacle width	EQ|PO_0009064|PATO_0000921	0
http://purl.obolibrary.org/obo/FLOPO_0980765	980765	receptacle subspherical	EQ|PO_0009064|PATO_0005014	0
http://purl.obolibrary.org/obo/FLOPO_0980766	980766	receptacle coriaceous	EQ|PO_0009064|PATO_0104032	0
http://purl.obolibrary.org/obo/FLOPO_0980767	980767	hypanthium attenuate	EQ|PO_0009065|PATO_0001982	0
http://purl.obolibrary.org/obo/FLOPO_0980768	980768	anther sessile (sensu botany)	EQ|PO_0009066|PATO_0001436	0
http://purl.obolibrary.org/obo/FLOPO_0980769	980769	filament height	EQ|PO_0009067|PATO_0000119	0
http://purl.obolibrary.org/obo/FLOPO_0980770	980770	filament sessile (sensu botany)	EQ|PO_0009067|PATO_0001436	0
http://purl.obolibrary.org/obo/FLOPO_0980771	980771	connective height	EQ|PO_0009068|PATO_0000119	0
http://purl.obolibrary.org/obo/FLOPO_0980772	980772	connective width	EQ|PO_0009068|PATO_0000921	0
http://purl.obolibrary.org/obo/FLOPO_0980773	980773	connective sessile (sensu botany)	EQ|PO_0009068|PATO_0001436	0
http://purl.obolibrary.org/obo/FLOPO_0980774	980774	connective attenuate	EQ|PO_0009068|PATO_0001982	0
http://purl.obolibrary.org/obo/FLOPO_0980775	980775	connective coriaceous	EQ|PO_0009068|PATO_0104032	0
http://purl.obolibrary.org/obo/FLOPO_0980776	980776	plant ovary phenotype	PHENO|PO_0009072	0
http://purl.obolibrary.org/obo/FLOPO_0980777	980777	plant ovary height	EQ|PO_0009072|PATO_0000119	0
http://purl.obolibrary.org/obo/FLOPO_0980778	980778	plant ovary length	EQ|PO_0009072|PATO_0000122	0
http://purl.obolibrary.org/obo/FLOPO_0980779	980779	plant ovary black	EQ|PO_0009072|PATO_0000317	0
http://purl.obolibrary.org/obo/FLOPO_0980780	980780	plant ovary green	EQ|PO_0009072|PATO_0000320	0
http://purl.obolibrary.org/obo/FLOPO_0980781	980781	plant ovary red	EQ|PO_0009072|PATO_0000322	0
http://purl.obolibrary.org/obo/FLOPO_0980782	980782	plant ovary white	EQ|PO_0009072|PATO_0000323	0
http://purl.obolibrary.org/obo/FLOPO_0980783	980783	plant ovary yellow	EQ|PO_0009072|PATO_0000324	0
http://purl.obolibrary.org/obo/FLOPO_0980784	980784	plant ovary glabrous	EQ|PO_0009072|PATO_0000453	0
http://purl.obolibrary.org/obo/FLOPO_0980785	980785	plant ovary erect	EQ|PO_0009072|PATO_0000622	0
http://purl.obolibrary.org/obo/FLOPO_0980786	980786	plant ovary smooth	EQ|PO_0009072|PATO_0000701	0
http://purl.obolibrary.org/obo/FLOPO_0980787	980787	plant ovary thickness	EQ|PO_0009072|PATO_0000915	0
http://purl.obolibrary.org/obo/FLOPO_0980788	980788	plant ovary width	EQ|PO_0009072|PATO_0000921	0
http://purl.obolibrary.org/obo/FLOPO_0980789	980789	plant ovary oblong	EQ|PO_0009072|PATO_0000946	0
http://purl.obolibrary.org/obo/FLOPO_0980790	980790	plant ovary elliptic	EQ|PO_0009072|PATO_0000947	0
http://purl.obolibrary.org/obo/FLOPO_0980791	980791	plant ovary brown	EQ|PO_0009072|PATO_0000952	0
http://purl.obolibrary.org/obo/FLOPO_0980792	980792	plant ovary linear	EQ|PO_0009072|PATO_0001199	0
http://purl.obolibrary.org/obo/FLOPO_0980793	980793	plant ovary pubescent hair	EQ|PO_0009072|PATO_0001320	0
http://purl.obolibrary.org/obo/FLOPO_0980794	980794	plant ovary diameter	EQ|PO_0009072|PATO_0001334	0
http://purl.obolibrary.org/obo/FLOPO_0980795	980795	plant ovary sessile (sensu botany)	EQ|PO_0009072|PATO_0001436	0
http://purl.obolibrary.org/obo/FLOPO_0980796	980796	plant ovary spherical	EQ|PO_0009072|PATO_0001499	0
http://purl.obolibrary.org/obo/FLOPO_0980797	980797	plant ovary lanceolate	EQ|PO_0009072|PATO_0001877	0
http://purl.obolibrary.org/obo/FLOPO_0980798	980798	plant ovary obtuse	EQ|PO_0009072|PATO_0001935	0
http://purl.obolibrary.org/obo/FLOPO_0980799	980799	plant ovary attenuate	EQ|PO_0009072|PATO_0001982	0
http://purl.obolibrary.org/obo/FLOPO_0980800	980800	plant ovary acuminate	EQ|PO_0009072|PATO_0002228	0
http://purl.obolibrary.org/obo/FLOPO_0980801	980801	plant ovary tomentose	EQ|PO_0009072|PATO_0002341	0
http://purl.obolibrary.org/obo/FLOPO_0980802	980802	plant ovary ridged	EQ|PO_0009072|PATO_0002358	0
http://purl.obolibrary.org/obo/FLOPO_0980803	980803	plant ovary subspherical	EQ|PO_0009072|PATO_0005014	0
http://purl.obolibrary.org/obo/FLOPO_0980804	980804	stigma width	EQ|PO_0009073|PATO_0000921	0
http://purl.obolibrary.org/obo/FLOPO_0980805	980805	stigma sessile (sensu botany)	EQ|PO_0009073|PATO_0001436	0
http://purl.obolibrary.org/obo/FLOPO_0980806	980806	stigma subspherical	EQ|PO_0009073|PATO_0005014	0
http://purl.obolibrary.org/obo/FLOPO_0980807	980807	style width	EQ|PO_0009074|PATO_0000921	0
http://purl.obolibrary.org/obo/FLOPO_0980808	980808	style sessile (sensu botany)	EQ|PO_0009074|PATO_0001436	0
http://purl.obolibrary.org/obo/FLOPO_0980809	980809	staminode height	EQ|PO_0009077|PATO_0000119	0
http://purl.obolibrary.org/obo/FLOPO_0980810	980810	staminode white	EQ|PO_0009077|PATO_0000323	0
http://purl.obolibrary.org/obo/FLOPO_0980811	980811	staminode width	EQ|PO_0009077|PATO_0000921	0
http://purl.obolibrary.org/obo/FLOPO_0980812	980812	staminode sessile (sensu botany)	EQ|PO_0009077|PATO_0001436	0
http://purl.obolibrary.org/obo/FLOPO_0980813	980813	staminode subspherical	EQ|PO_0009077|PATO_0005014	0
http://purl.obolibrary.org/obo/FLOPO_0980814	980814	pistillode height	EQ|PO_0009078|PATO_0000119	0
http://purl.obolibrary.org/obo/FLOPO_0980815	980815	pericarp width	EQ|PO_0009084|PATO_0000921	0
http://purl.obolibrary.org/obo/FLOPO_0980816	980816	pericarp coriaceous	EQ|PO_0009084|PATO_0104032	0
http://purl.obolibrary.org/obo/FLOPO_0980817	980817	exocarp coriaceous	EQ|PO_0009085|PATO_0104032	0
http://purl.obolibrary.org/obo/FLOPO_0980818	980818	endocarp coriaceous	EQ|PO_0009086|PATO_0104032	0
http://purl.obolibrary.org/obo/FLOPO_0980819	980819	aril height	EQ|PO_0009090|PATO_0000119	0
http://purl.obolibrary.org/obo/FLOPO_0980820	980820	aril width	EQ|PO_0009090|PATO_0000921	0
http://purl.obolibrary.org/obo/FLOPO_0980821	980821	aril coriaceous	EQ|PO_0009090|PATO_0104032	0
http://purl.obolibrary.org/obo/FLOPO_0980822	980822	funicle length	EQ|PO_0020006|PATO_0000122	0
http://purl.obolibrary.org/obo/FLOPO_0980823	980823	funicle pubescent hair	EQ|PO_0020006|PATO_0001320	0
http://purl.obolibrary.org/obo/FLOPO_0980824	980824	megaspore white	EQ|PO_0020019|PATO_0000323	0
http://purl.obolibrary.org/obo/FLOPO_0980825	980825	megaspore yellow	EQ|PO_0020019|PATO_0000324	0
http://purl.obolibrary.org/obo/FLOPO_0980826	980826	megaspore smooth	EQ|PO_0020019|PATO_0000701	0
http://purl.obolibrary.org/obo/FLOPO_0980827	980827	megaspore brown	EQ|PO_0020019|PATO_0000952	0
http://purl.obolibrary.org/obo/FLOPO_0980828	980828	megaspore diameter	EQ|PO_0020019|PATO_0001334	0
http://purl.obolibrary.org/obo/FLOPO_0980829	980829	cotyledon white	EQ|PO_0020030|PATO_0000323	0
http://purl.obolibrary.org/obo/FLOPO_0980830	980830	cotyledon yellow	EQ|PO_0020030|PATO_0000324	0
http://purl.obolibrary.org/obo/FLOPO_0980831	980831	radicle diameter	EQ|PO_0020031|PATO_0001334	0
http://purl.obolibrary.org/obo/FLOPO_0980832	980832	petiole width	EQ|PO_0020038|PATO_0000921	0
http://purl.obolibrary.org/obo/FLOPO_0980833	980833	petiole sessile (sensu botany)	EQ|PO_0020038|PATO_0001436	0
http://purl.obolibrary.org/obo/FLOPO_0980834	980834	petiole coriaceous	EQ|PO_0020038|PATO_0104032	0
http://purl.obolibrary.org/obo/FLOPO_0980835	980835	leaf lamina height	EQ|PO_0020039|PATO_0000119	0
http://purl.obolibrary.org/obo/FLOPO_0980836	980836	leaf lamina black	EQ|PO_0020039|PATO_0000317	0
http://purl.obolibrary.org/obo/FLOPO_0980837	980837	leaf lamina red	EQ|PO_0020039|PATO_0000322	0
http://purl.obolibrary.org/obo/FLOPO_0980838	980838	leaf lamina white	EQ|PO_0020039|PATO_0000323	0
http://purl.obolibrary.org/obo/FLOPO_0980839	980839	leaf lamina yellow	EQ|PO_0020039|PATO_0000324	0
http://purl.obolibrary.org/obo/FLOPO_0980840	980840	leaf lamina erect	EQ|PO_0020039|PATO_0000622	0
http://purl.obolibrary.org/obo/FLOPO_0980841	980841	leaf lamina smooth	EQ|PO_0020039|PATO_0000701	0
http://purl.obolibrary.org/obo/FLOPO_0980842	980842	leaf lamina thickness	EQ|PO_0020039|PATO_0000915	0
http://purl.obolibrary.org/obo/FLOPO_0980843	980843	leaf lamina width	EQ|PO_0020039|PATO_0000921	0
http://purl.obolibrary.org/obo/FLOPO_0980844	980844	leaf lamina brown	EQ|PO_0020039|PATO_0000952	0
http://purl.obolibrary.org/obo/FLOPO_0980845	980845	leaf lamina diameter	EQ|PO_0020039|PATO_0001334	0
http://purl.obolibrary.org/obo/FLOPO_0980846	980846	leaf lamina sessile (sensu botany)	EQ|PO_0020039|PATO_0001436	0
http://purl.obolibrary.org/obo/FLOPO_0980847	980847	leaf lamina spherical	EQ|PO_0020039|PATO_0001499	0
http://purl.obolibrary.org/obo/FLOPO_0980848	980848	leaf lamina coriaceous	EQ|PO_0020039|PATO_0104032	0
http://purl.obolibrary.org/obo/FLOPO_0980849	980849	stipule height	EQ|PO_0020041|PATO_0000119	0
http://purl.obolibrary.org/obo/FLOPO_0980850	980850	stipule red	EQ|PO_0020041|PATO_0000322	0
http://purl.obolibrary.org/obo/FLOPO_0980851	980851	stipule diameter	EQ|PO_0020041|PATO_0001334	0
http://purl.obolibrary.org/obo/FLOPO_0980852	980852	stipule coriaceous	EQ|PO_0020041|PATO_0104032	0
http://purl.obolibrary.org/obo/FLOPO_0980853	980853	leaflet sessile (sensu botany)	EQ|PO_0020049|PATO_0001436	0
http://purl.obolibrary.org/obo/FLOPO_0980854	980854	leaflet coriaceous	EQ|PO_0020049|PATO_0104032	0
http://purl.obolibrary.org/obo/FLOPO_0980855	980855	testa width	EQ|PO_0020057|PATO_0000921	0
http://purl.obolibrary.org/obo/FLOPO_0980856	980856	testa coriaceous	EQ|PO_0020057|PATO_0104032	0
http://purl.obolibrary.org/obo/FLOPO_0980857	980857	mericarp phenotype	PHENO|PO_0020075	0
http://purl.obolibrary.org/obo/FLOPO_0980858	980858	mericarp length	EQ|PO_0020075|PATO_0000122	0
http://purl.obolibrary.org/obo/FLOPO_0980859	980859	mericarp green	EQ|PO_0020075|PATO_0000320	0
http://purl.obolibrary.org/obo/FLOPO_0980860	980860	mericarp red	EQ|PO_0020075|PATO_0000322	0
http://purl.obolibrary.org/obo/FLOPO_0980861	980861	mericarp yellow	EQ|PO_0020075|PATO_0000324	0
http://purl.obolibrary.org/obo/FLOPO_0980862	980862	mericarp glabrous	EQ|PO_0020075|PATO_0000453	0
http://purl.obolibrary.org/obo/FLOPO_0980863	980863	mericarp smooth	EQ|PO_0020075|PATO_0000701	0
http://purl.obolibrary.org/obo/FLOPO_0980864	980864	mericarp thickness	EQ|PO_0020075|PATO_0000915	0
http://purl.obolibrary.org/obo/FLOPO_0980865	980865	mericarp width	EQ|PO_0020075|PATO_0000921	0
http://purl.obolibrary.org/obo/FLOPO_0980866	980866	mericarp oblong	EQ|PO_0020075|PATO_0000946	0
http://purl.obolibrary.org/obo/FLOPO_0980867	980867	mericarp elliptic	EQ|PO_0020075|PATO_0000947	0
http://purl.obolibrary.org/obo/FLOPO_0980868	980868	mericarp brown	EQ|PO_0020075|PATO_0000952	0
http://purl.obolibrary.org/obo/FLOPO_0980869	980869	mericarp pubescent hair	EQ|PO_0020075|PATO_0001320	0
http://purl.obolibrary.org/obo/FLOPO_0980870	980870	mericarp diameter	EQ|PO_0020075|PATO_0001334	0
http://purl.obolibrary.org/obo/FLOPO_0980871	980871	mericarp sessile (sensu botany)	EQ|PO_0020075|PATO_0001436	0
http://purl.obolibrary.org/obo/FLOPO_0980872	980872	mericarp spherical	EQ|PO_0020075|PATO_0001499	0
http://purl.obolibrary.org/obo/FLOPO_0980873	980873	mericarp tomentose	EQ|PO_0020075|PATO_0002341	0
http://purl.obolibrary.org/obo/FLOPO_0980874	980874	mericarp ridged	EQ|PO_0020075|PATO_0002358	0
http://purl.obolibrary.org/obo/FLOPO_0980875	980875	mericarp subspherical	EQ|PO_0020075|PATO_0005014	0
http://purl.obolibrary.org/obo/FLOPO_0980876	980876	branch black	EQ|PO_0025073|PATO_0000317	0
http://purl.obolibrary.org/obo/FLOPO_0980877	980877	branch sessile (sensu botany)	EQ|PO_0025073|PATO_0001436	0
http://purl.obolibrary.org/obo/FLOPO_0980878	980878	branch coriaceous	EQ|PO_0025073|PATO_0104032	0
http://purl.obolibrary.org/obo/FLOPO_0980879	980879	placenta height	EQ|PO_0025078|PATO_0000119	0
http://purl.obolibrary.org/obo/FLOPO_0980880	980880	placenta elliptic	EQ|PO_0025078|PATO_0000947	0
http://purl.obolibrary.org/obo/FLOPO_0980881	980881	placenta linear	EQ|PO_0025078|PATO_0001199	0
http://purl.obolibrary.org/obo/FLOPO_0980882	980882	placenta sessile (sensu botany)	EQ|PO_0025078|PATO_0001436	0
http://purl.obolibrary.org/obo/FLOPO_0980883	980883	placenta spherical	EQ|PO_0025078|PATO_0001499	0
http://purl.obolibrary.org/obo/FLOPO_0980884	980884	placenta tomentose	EQ|PO_0025078|PATO_0002341	0
http://purl.obolibrary.org/obo/FLOPO_0980885	980885	placenta subspherical	EQ|PO_0025078|PATO_0005014	0
http://purl.obolibrary.org/obo/FLOPO_0980886	980886	strobilus diameter	EQ|PO_0025083|PATO_0001334	0
http://purl.obolibrary.org/obo/FLOPO_0980887	980887	sporangium yellow	EQ|PO_0025094|PATO_0000324	0
http://purl.obolibrary.org/obo/FLOPO_0980888	980888	valve height	EQ|PO_0025228|PATO_0000119	0
http://purl.obolibrary.org/obo/FLOPO_0980889	980889	valve width	EQ|PO_0025228|PATO_0000921	0
http://purl.obolibrary.org/obo/FLOPO_0980890	980890	valve subspherical	EQ|PO_0025228|PATO_0005014	0
http://purl.obolibrary.org/obo/FLOPO_0980891	980891	valve coriaceous	EQ|PO_0025228|PATO_0104032	0
http://purl.obolibrary.org/obo/FLOPO_0980892	980892	pollen length	EQ|PO_0025281|PATO_0000122	0
http://purl.obolibrary.org/obo/FLOPO_0980893	980893	pollen green	EQ|PO_0025281|PATO_0000320	0
http://purl.obolibrary.org/obo/FLOPO_0980894	980894	pollen white	EQ|PO_0025281|PATO_0000323	0
http://purl.obolibrary.org/obo/FLOPO_0980895	980895	pollen lanceolate	EQ|PO_0025281|PATO_0001877	0
http://purl.obolibrary.org/obo/FLOPO_0980896	980896	pollen attenuate	EQ|PO_0025281|PATO_0001982	0
http://purl.obolibrary.org/obo/FLOPO_0980897	980897	sorus length	EQ|PO_0025359|PATO_0000122	0
http://purl.obolibrary.org/obo/FLOPO_0980898	980898	sorus glabrous	EQ|PO_0025359|PATO_0000453	0
http://purl.obolibrary.org/obo/FLOPO_0980899	980899	samara fruit phenotype	PHENO|PO_0030099	0
http://purl.obolibrary.org/obo/FLOPO_0980900	980900	samara fruit length	EQ|PO_0030099|PATO_0000122	0
http://purl.obolibrary.org/obo/FLOPO_0980901	980901	samara fruit red	EQ|PO_0030099|PATO_0000322	0
http://purl.obolibrary.org/obo/FLOPO_0980902	980902	loment fruit phenotype	PHENO|PO_0030101	0
http://purl.obolibrary.org/obo/FLOPO_0980903	980903	loment fruit length	EQ|PO_0030101|PATO_0000122	0
http://purl.obolibrary.org/obo/FLOPO_0980904	980904	loment fruit glabrous	EQ|PO_0030101|PATO_0000453	0
http://purl.obolibrary.org/obo/FLOPO_0980905	980905	loment fruit oblong	EQ|PO_0030101|PATO_0000946	0
http://purl.obolibrary.org/obo/FLOPO_0980906	980906	loment fruit obtuse	EQ|PO_0030101|PATO_0001935	0
http://purl.obolibrary.org/obo/FLOPO_0980907	980907	loment fruit attenuate	EQ|PO_0030101|PATO_0001982	0
http://purl.obolibrary.org/obo/FLOPO_0980908	980908	nut fruit phenotype	PHENO|PO_0030102	0
http://purl.obolibrary.org/obo/FLOPO_0980909	980909	nut fruit height	EQ|PO_0030102|PATO_0000119	0
http://purl.obolibrary.org/obo/FLOPO_0980910	980910	nut fruit diameter	EQ|PO_0030102|PATO_0001334	0
http://purl.obolibrary.org/obo/FLOPO_0980911	980911	silique fruit phenotype	PHENO|PO_0030106	0
http://purl.obolibrary.org/obo/FLOPO_0980912	980912	silique fruit length	EQ|PO_0030106|PATO_0000122	0
http://purl.obolibrary.org/obo/FLOPO_0980913	980913	silique fruit elliptic	EQ|PO_0030106|PATO_0000947	0
http://purl.obolibrary.org/obo/FLOPO_0980914	980914	silique fruit linear	EQ|PO_0030106|PATO_0001199	0
http://purl.obolibrary.org/obo/FLOPO_0980915	980915	silique fruit attenuate	EQ|PO_0030106|PATO_0001982	0
http://purl.obolibrary.org/obo/FLOPO_0980916	980916	achene fruit phenotype	PHENO|PO_0030107	0
http://purl.obolibrary.org/obo/FLOPO_0980917	980917	achene fruit height	EQ|PO_0030107|PATO_0000119	0
http://purl.obolibrary.org/obo/FLOPO_0980918	980918	achene fruit length	EQ|PO_0030107|PATO_0000122	0
http://purl.obolibrary.org/obo/FLOPO_0980919	980919	achene fruit black	EQ|PO_0030107|PATO_0000317	0
http://purl.obolibrary.org/obo/FLOPO_0980920	980920	achene fruit white	EQ|PO_0030107|PATO_0000323	0
http://purl.obolibrary.org/obo/FLOPO_0980921	980921	achene fruit branched	EQ|PO_0030107|PATO_0000402	0
http://purl.obolibrary.org/obo/FLOPO_0980922	980922	achene fruit glabrous	EQ|PO_0030107|PATO_0000453	0
http://purl.obolibrary.org/obo/FLOPO_0980923	980923	achene fruit smooth	EQ|PO_0030107|PATO_0000701	0
http://purl.obolibrary.org/obo/FLOPO_0980924	980924	achene fruit oblong	EQ|PO_0030107|PATO_0000946	0
http://purl.obolibrary.org/obo/FLOPO_0980925	980925	achene fruit elliptic	EQ|PO_0030107|PATO_0000947	0
http://purl.obolibrary.org/obo/FLOPO_0980926	980926	achene fruit brown	EQ|PO_0030107|PATO_0000952	0
http://purl.obolibrary.org/obo/FLOPO_0980927	980927	achene fruit diameter	EQ|PO_0030107|PATO_0001334	0
http://purl.obolibrary.org/obo/FLOPO_0980928	980928	achene fruit sessile (sensu botany)	EQ|PO_0030107|PATO_0001436	0
http://purl.obolibrary.org/obo/FLOPO_0980929	980929	achene fruit lanceolate	EQ|PO_0030107|PATO_0001877	0
http://purl.obolibrary.org/obo/FLOPO_0980930	980930	achene fruit acuminate	EQ|PO_0030107|PATO_0002228	0
http://purl.obolibrary.org/obo/FLOPO_0980931	980931	achene fruit ridged	EQ|PO_0030107|PATO_0002358	0
http://purl.obolibrary.org/obo/FLOPO_0980932	980932	pedicel phenotype	PHENO|PO_0030112	0
http://purl.obolibrary.org/obo/FLOPO_0980933	980933	pedicel height	EQ|PO_0030112|PATO_0000119	0
http://purl.obolibrary.org/obo/FLOPO_0980934	980934	pedicel length	EQ|PO_0030112|PATO_0000122	0
http://purl.obolibrary.org/obo/FLOPO_0980935	980935	pedicel black	EQ|PO_0030112|PATO_0000317	0
http://purl.obolibrary.org/obo/FLOPO_0980936	980936	pedicel green	EQ|PO_0030112|PATO_0000320	0
http://purl.obolibrary.org/obo/FLOPO_0980937	980937	pedicel red	EQ|PO_0030112|PATO_0000322	0
http://purl.obolibrary.org/obo/FLOPO_0980938	980938	pedicel white	EQ|PO_0030112|PATO_0000323	0
http://purl.obolibrary.org/obo/FLOPO_0980939	980939	pedicel yellow	EQ|PO_0030112|PATO_0000324	0
http://purl.obolibrary.org/obo/FLOPO_0980940	980940	pedicel glabrous	EQ|PO_0030112|PATO_0000453	0
http://purl.obolibrary.org/obo/FLOPO_0980941	980941	pedicel erect	EQ|PO_0030112|PATO_0000622	0
http://purl.obolibrary.org/obo/FLOPO_0980942	980942	pedicel smooth	EQ|PO_0030112|PATO_0000701	0
http://purl.obolibrary.org/obo/FLOPO_0980943	980943	pedicel thickness	EQ|PO_0030112|PATO_0000915	0
http://purl.obolibrary.org/obo/FLOPO_0980944	980944	pedicel width	EQ|PO_0030112|PATO_0000921	0
http://purl.obolibrary.org/obo/FLOPO_0980945	980945	pedicel oblong	EQ|PO_0030112|PATO_0000946	0
http://purl.obolibrary.org/obo/FLOPO_0980946	980946	pedicel brown	EQ|PO_0030112|PATO_0000952	0
http://purl.obolibrary.org/obo/FLOPO_0980947	980947	pedicel linear	EQ|PO_0030112|PATO_0001199	0
http://purl.obolibrary.org/obo/FLOPO_0980948	980948	pedicel pubescent hair	EQ|PO_0030112|PATO_0001320	0
http://purl.obolibrary.org/obo/FLOPO_0980949	980949	pedicel diameter	EQ|PO_0030112|PATO_0001334	0
http://purl.obolibrary.org/obo/FLOPO_0980950	980950	pedicel sessile (sensu botany)	EQ|PO_0030112|PATO_0001436	0
http://purl.obolibrary.org/obo/FLOPO_0980951	980951	pedicel spherical	EQ|PO_0030112|PATO_0001499	0
http://purl.obolibrary.org/obo/FLOPO_0980952	980952	pedicel lanceolate	EQ|PO_0030112|PATO_0001877	0
http://purl.obolibrary.org/obo/FLOPO_0980953	980953	pedicel obtuse	EQ|PO_0030112|PATO_0001935	0
http://purl.obolibrary.org/obo/FLOPO_0980954	980954	pedicel attenuate	EQ|PO_0030112|PATO_0001982	0
http://purl.obolibrary.org/obo/FLOPO_0980955	980955	pedicel tomentose	EQ|PO_0030112|PATO_0002341	0
http://purl.obolibrary.org/obo/FLOPO_0980956	980956	pedicel ridged	EQ|PO_0030112|PATO_0002358	0
http://purl.obolibrary.org/obo/FLOPO_0980957	980957	pedicel subspherical	EQ|PO_0030112|PATO_0005014	0
http://purl.obolibrary.org/obo/FLOPO_0980958	980958	raceme inflorescence phenotype	PHENO|PO_0030115	0
http://purl.obolibrary.org/obo/FLOPO_0980959	980959	raceme inflorescence length	EQ|PO_0030115|PATO_0000122	0
http://purl.obolibrary.org/obo/FLOPO_0980960	980960	raceme inflorescence glabrous	EQ|PO_0030115|PATO_0000453	0
http://purl.obolibrary.org/obo/FLOPO_0980961	980961	raceme inflorescence pubescent hair	EQ|PO_0030115|PATO_0001320	0
http://purl.obolibrary.org/obo/FLOPO_0980962	980962	raceme inflorescence tomentose	EQ|PO_0030115|PATO_0002341	0
http://purl.obolibrary.org/obo/FLOPO_0980963	980963	spike inflorescence phenotype	PHENO|PO_0030117	0
http://purl.obolibrary.org/obo/FLOPO_0980964	980964	spike inflorescence length	EQ|PO_0030117|PATO_0000122	0
http://purl.obolibrary.org/obo/FLOPO_0980965	980965	spike inflorescence glabrous	EQ|PO_0030117|PATO_0000453	0
http://purl.obolibrary.org/obo/FLOPO_0980966	980966	spike inflorescence pubescent hair	EQ|PO_0030117|PATO_0001320	0
http://purl.obolibrary.org/obo/FLOPO_0980967	980967	spike inflorescence sessile (sensu botany)	EQ|PO_0030117|PATO_0001436	0
http://purl.obolibrary.org/obo/FLOPO_0980968	980968	spike inflorescence lanceolate	EQ|PO_0030117|PATO_0001877	0
http://purl.obolibrary.org/obo/FLOPO_0980969	980969	spike inflorescence ridged	EQ|PO_0030117|PATO_0002358	0
http://purl.obolibrary.org/obo/FLOPO_0980970	980970	capitulum inflorescence phenotype	PHENO|PO_0030121	0
http://purl.obolibrary.org/obo/FLOPO_0980971	980971	capitulum inflorescence length	EQ|PO_0030121|PATO_0000122	0
http://purl.obolibrary.org/obo/FLOPO_0980972	980972	panicle inflorescence phenotype	PHENO|PO_0030123	0
http://purl.obolibrary.org/obo/FLOPO_0980973	980973	panicle inflorescence length	EQ|PO_0030123|PATO_0000122	0
http://purl.obolibrary.org/obo/FLOPO_0980974	980974	panicle inflorescence glabrous	EQ|PO_0030123|PATO_0000453	0
http://purl.obolibrary.org/obo/FLOPO_0980975	980975	panicle inflorescence pubescent hair	EQ|PO_0030123|PATO_0001320	0
http://purl.obolibrary.org/obo/FLOPO_0980976	980976	panicle inflorescence ridged	EQ|PO_0030123|PATO_0002358	0
