proposal_key	flopo_id	label	eq_signature	signature_sha256	campaign_id	item_id	consensus_signature_sha256	reviewer_ids	adjudicator_id	occurrence_count	admission_rule	curator_override
eqgap_029fe7220d4aad4714891dee	FLOPO_0980979	achene fruit red brown	EQ|PO_0030107|PATO_0001287	d2f4cb02610a760ff09792fc058bbb88d840266db70b1aaa44c6a50d5f283d18	campaign_b85f53253d0219787f3c0e40	cluster_05b6dcb2652f7cb80e328594	9d06954bed8bea458406939568e484787581319eccf2f39ba435a19aacd62b6b	reviewer_kimi_k3|reviewer_qwen_3_7_max	adversary_gpt_5_6_sol	3	two_family_exact_agreement_adversarial_no_blocker	
eqgap_05135e32ead6dec729d5fbed	FLOPO_0980980	leaf lamina yellowish green	EQ|PO_0020039|PATO_0104114	7e100cf3a288cb1f9c80c24f0e7b798d6fc80114db6858657e514dd4f8323960	campaign_b85f53253d0219787f3c0e40	cluster_dbc85f1e695349d9ceadf7fe	f7134745dc726d94b8a514d0dd9879401af39aab22559d503fd9edf5f7e72834	reviewer_kimi_k3|reviewer_qwen_3_7_max	adversary_gpt_5_6_sol	2	two_family_exact_agreement_adversarial_no_blocker	
eqgap_06740bc43c8572677afb668d	FLOPO_0980981	flower chocolate brown	EQ|PO_0009046|PATO_0104333	1b02efa4f6d325868c319a99be1948176226a28927e2b72d1d9530c43cc91982	campaign_b85f53253d0219787f3c0e40	cluster_b6c8c6da33a1ef807035d042	c7758ff7f1991aa0805f7b43f5cdec30026fb774136f1e0f9059cd7453de43ea	reviewer_kimi_k3|reviewer_qwen_3_7_max	adversary_gpt_5_6_sol	1	two_family_exact_agreement_adversarial_no_blocker	
eqgap_118ee0bc2cab6f91646c3089	FLOPO_0980982	seed yellow green	EQ|PO_0009010|PATO_0001941	09c386314d0b88a2d4ade15f3a700c0a642fc06c06b36b6ab3bcc70a429d0108	campaign_b85f53253d0219787f3c0e40	cluster_42a9e1ac7cdd3f7cad04d62f	76f7d6399c5fa4ad0d3200245e8003261fe169e8ac30eb5af263b64cf7d3a991	reviewer_kimi_k3|reviewer_qwen_3_7_max	adversary_gpt_5_6_sol	1	two_family_exact_agreement_adversarial_no_blocker	
eqgap_15ef576c431f095277b3d1b7	FLOPO_0980983	petal greyish green	EQ|PO_0009032|PATO_0104007	d87c2faae2234161759eac1c5ca26e9b5c7409eb88b7c534b9d6fca3fc0ef595	campaign_b85f53253d0219787f3c0e40	cluster_f13d86db010e7ea296fd42a4	79b810d49c54ca617fa0f8c285b2b5f1b2dc8f2e4ac849843ba9efebe968653e	reviewer_kimi_k3|reviewer_qwen_3_7_max	adversary_gpt_5_6_sol	1	two_family_exact_agreement_adversarial_no_blocker	
eqgap_185c0e8614fac2b467164fb9	FLOPO_0980984	fruit greenish yellow	EQ|PO_0009001|PATO_0104013	d66b116d1d546926843d33deb301cb4fa8999b727fe5dcd0bfcc598701a26725	campaign_b85f53253d0219787f3c0e40	cluster_f5e2562b64980f6f672e5b74	d2ddc15e8fdd1d2423453f0c46602dcef4323781032e1c12165ed3327f0e7062	reviewer_kimi_k3|reviewer_qwen_3_7_max	adversary_gpt_5_6_sol	1	two_family_exact_agreement_adversarial_no_blocker	
eqgap_191b35256cf170b05fdee478	FLOPO_0980985	petal purplish red	EQ|PO_0009032|PATO_0104311	e3708c982325c567fed7a232e04f1a358061cd702f770c9e2c955a38dba8d0a1	campaign_b85f53253d0219787f3c0e40	cluster_b738e2ab3c849587a9dad477	3509318cb0816efd5b1622f024df0138e676cd31d2705b8b8d60d8af66844395	reviewer_kimi_k3|reviewer_qwen_3_7_max	adversary_gpt_5_6_sol	1	two_family_exact_agreement_adversarial_no_blocker	
eqgap_19686990392aa11c515b4cfc	FLOPO_0980986	filament greenish white	EQ|PO_0009067|PATO_0104067	3d820659a8cacdcadf0637126aa6555fea3cecf2bd348c6a46bc8c4f6fde6777	campaign_b85f53253d0219787f3c0e40	cluster_ed1f639f19682d5c420861b3	52ddd6b159a289c92cf121c1d107e6d0027fd651295d9163b7293678cd85e12e	reviewer_kimi_k3|reviewer_qwen_3_7_max	adversary_gpt_5_6_sol	1	two_family_exact_agreement_adversarial_no_blocker	
eqgap_19ef6d920db51bf2d5899554	FLOPO_0980987	calyx greenish white	EQ|PO_0009060|PATO_0104067	6a1cf0993ceed86d4a53e6f60e762caaedec91c22575cf903f7a2c8583d15da2	campaign_b85f53253d0219787f3c0e40	cluster_e3ab6db7f7ce0c25f97984f6	f9676360a4f194cee8fa50d293c2b89f38703fbb625ebd2e98e87b6e8b88253a	reviewer_kimi_k3|reviewer_qwen_3_7_max	adversary_gpt_5_6_sol	1	two_family_exact_agreement_adversarial_no_blocker	
eqgap_1a1b1d030c467c9a2a3bdd25	FLOPO_0980988	bract greenish yellow	EQ|PO_0009055|PATO_0104013	62ce182e6f8395cb4325b07688ee4274a95dd4271a83f12884f3dbd2ff82071b	campaign_b85f53253d0219787f3c0e40	cluster_e1d2744310ae0d14756a1ad6	22c5d24b72c738528a74ae5b48e207bb2f123464fa20e5c62375819206bd052e	reviewer_kimi_k3|reviewer_qwen_3_7_max	adversary_gpt_5_6_sol	1	two_family_exact_agreement_adversarial_no_blocker	
eqgap_1eb6afa3a9ce94c7b1384ce2	FLOPO_0980989	corolla greenish white	EQ|PO_0009059|PATO_0104067	d6b3d5d99e701e275fb552031c66b5088ca729c3d205b0a95fa6581e0464a46f	campaign_b85f53253d0219787f3c0e40	cluster_544d6be1071935cd226681f8	1823e083bcc399ecd8b0c0d3af897ba150c5708529d9cd897c8c856c118102f0	reviewer_kimi_k3|reviewer_qwen_3_7_max	adversary_gpt_5_6_sol	6	two_family_exact_agreement_adversarial_no_blocker	
eqgap_227402d10aeee351a1c95d93	FLOPO_0980990	filament orange red	EQ|PO_0009067|PATO_0104112	3d4d4d8a525960681c2ddaba2b8118cf43b8e1882053f2d922a40cdd8380d1c4	campaign_b85f53253d0219787f3c0e40	cluster_e4f19cd8d1c78b82b00832cf	e743fbf0f7bf2aa44272ece6c79a480f0ad0f36fe358d7efdc21501dbe77193b	reviewer_kimi_k3|reviewer_qwen_3_7_max	adversary_gpt_5_6_sol	1	two_family_exact_agreement_adversarial_no_blocker	
eqgap_293112dbe92f61b7da416c1e	FLOPO_0980991	petal yellowish green	EQ|PO_0009032|PATO_0104114	b797fff59dbcf5f5edc93d7be0f05046971f7d26fc1f20e28076b745811f0e59	campaign_b85f53253d0219787f3c0e40	cluster_e7aaa0a2aef696762e5f5b85	441c2e2a419e906a12fda3e96090b99867489913a35e7ffba7dc33e0226a4c26	reviewer_kimi_k3|reviewer_qwen_3_7_max	adversary_gpt_5_6_sol	4	two_family_exact_agreement_adversarial_no_blocker	
eqgap_29acedd9516be84b4493d5e2	FLOPO_0980992	inflorescence greenish white	EQ|PO_0009049|PATO_0104067	c08545ba0b65c34394ee884a137f65b648204aa660dc81e6a913a1b683f5fb5d	campaign_b85f53253d0219787f3c0e40	cluster_42792ef16aa354f9c8fbb491	5fffad4b3de0a8a3ced20ac56f842732e0bde897df2d2dc8fbb1d0115ec26830	reviewer_kimi_k3|reviewer_qwen_3_7_max	adversary_gpt_5_6_sol	1	two_family_exact_agreement_adversarial_no_blocker	
eqgap_3048b807bdd52981e8131261	FLOPO_0980993	tepal greenish white	EQ|PO_0009033|PATO_0104067	ee2d2783fe71085a58562ec5047bd8174262ef740e75a4ff4a8bda115a4c77d2	campaign_b85f53253d0219787f3c0e40	cluster_41bd59eaed9e8147be6d294d	7c0df716028a9e0f8c9fbfcbe7c97a883e1a693c0cecf8e1e2c4782f6cb93fa5	reviewer_kimi_k3|reviewer_qwen_3_7_max	adversary_gpt_5_6_sol	1	two_family_exact_agreement_adversarial_no_blocker	
eqgap_36d63c65bac3a637dc6a2520	FLOPO_0980994	corolla blue green	EQ|PO_0009059|PATO_0104020	0782aa92571865b33d2e047e3d0c65c7d2455724c1f54673c5efe24860fe5da9	campaign_b85f53253d0219787f3c0e40	cluster_74bfe9a50c286ef45dfcaf56	5c232907c99b6159a7f299169351a6a783cce896cdf40341c7e84775c7c304ae	reviewer_kimi_k3|reviewer_qwen_3_7_max	adversary_gpt_5_6_sol	1	two_family_exact_agreement_adversarial_no_blocker	
eqgap_3896749fcc0304d16e7ba13c	FLOPO_0980995	sepal yellow green	EQ|PO_0009031|PATO_0001941	165fc37a271cbf77c24504514fe6165fc6cec2d96425d0ae8ef04828406707ee	campaign_b85f53253d0219787f3c0e40	cluster_78f10c720fd0ab92a63d77fc	785c49fd237e2f3d3d0905ef6ad6a4da0da11a240ac2091a149d6661aaca2550	reviewer_kimi_k3|reviewer_qwen_3_7_max	adversary_gpt_5_6_sol	7	two_family_exact_agreement_adversarial_no_blocker	
eqgap_3bf2bc90022d8de53f60f7ad	FLOPO_0980996	petal olive colour	EQ|PO_0009032|PATO_0104336	39cd5d00af41d7acfed5222baddcb88f8872adca46237b856a59a56d2af61894	campaign_b85f53253d0219787f3c0e40	cluster_54685ed3b6c2a48420c0ef18	eaa09540bf882f1e1e099f0c97fae87bd5a7417b951f0849f420d81596d707d6	reviewer_kimi_k3|reviewer_qwen_3_7_max	adversary_gpt_5_6_sol	3	two_family_exact_agreement_adversarial_no_blocker	
eqgap_3e9074b0004fb46a6a374396	FLOPO_0980997	filament greenish yellow	EQ|PO_0009067|PATO_0104013	92e8c41155b8d800db9d543d66c5f008530a19b590bff5d62d7a660035530927	campaign_b85f53253d0219787f3c0e40	cluster_e22a1e811a541f6258b0ca9d	932e0db0c1468ecb2a13c2f2419802799c5bf146f20442421ab44d04bab4082d	reviewer_kimi_k3|reviewer_qwen_3_7_max	adversary_gpt_5_6_sol	1	two_family_exact_agreement_adversarial_no_blocker	
eqgap_49ca22d49d88bff625af3608	FLOPO_0980998	bract chestnut colour	EQ|PO_0009055|PATO_0104329	ec12a6e6f75cfd107c3d0ac0c33e907e792aef7bb87af08de3996c25ca20728d	campaign_b85f53253d0219787f3c0e40	cluster_ea8104e53d22a314b0edab73	3b434ab0675c793ff0a1180d1fc58f13d0227f156be63612f0fd932a2ff11138	reviewer_kimi_k3|reviewer_qwen_3_7_max	adversary_gpt_5_6_sol	2	two_family_exact_agreement_adversarial_no_blocker	
eqgap_4b5899fcdf07b7024ed4ee21	FLOPO_0980999	petiole purplish black	EQ|PO_0020038|PATO_0104157	3dbbaea4195eaa8294b03447140c3d39b123592a22f570515a7e0f6ae592b327	campaign_b85f53253d0219787f3c0e40	cluster_97e1e007b27ad512c168b268	5a34ee9f434ac79797953b2ad23aa0654a09ed8bfa31ff0556aa857ca3885569	reviewer_kimi_k3|reviewer_qwen_3_7_max	adversary_gpt_5_6_sol	1	two_family_exact_agreement_adversarial_no_blocker	
eqgap_5536c080c76f857c6c1e8136	FLOPO_0981000	leaf lamina blue green	EQ|PO_0020039|PATO_0104020	28e47aa2e4e19814310f0bdfba3b86e5b62bfe4a9d1f8069873796cb573e4f0b	campaign_b85f53253d0219787f3c0e40	cluster_13385d4e18536df5b05bc8b1	5892173f9d365eaf35879d4fb34a873b03712b2d2acdf0b2c8367b252c126b3b	reviewer_kimi_k3|reviewer_qwen_3_7_max	adversary_gpt_5_6_sol	5	two_family_exact_agreement_adversarial_no_blocker	
eqgap_5ae9d5bbdf39f2e812faf8a7	FLOPO_0981001	stem blue green	EQ|PO_0009047|PATO_0104020	9fac1bb443594f7926a88b1385e15920e568e63bef9fdb2156b463c528a685e8	campaign_b85f53253d0219787f3c0e40	cluster_79a855a88182a54586241045	34fbee0e075934bbd776b8c4a67bd0aacef6f4e174580dc77d679c7e0cb6918c	reviewer_kimi_k3|reviewer_qwen_3_7_max	adversary_gpt_5_6_sol	1	two_family_exact_agreement_adversarial_no_blocker	
eqgap_5b97a1077d683b4d315fbc5f	FLOPO_0981002	whole plant olive colour	EQ|PO_0000003|PATO_0104336	5d087627a617b8f021ca083f356cb3876f2fbe5770aa38557a86f0e0e67473d3	campaign_b85f53253d0219787f3c0e40	cluster_c9e939949c92f9f8a6b24ef0	6758dfd627ce55e59e408d837e5b96c8657e8f8d3ebdc545fcc91c05c195e0bd	reviewer_kimi_k3|reviewer_qwen_3_7_max	adversary_gpt_5_6_sol	2	two_family_exact_agreement_adversarial_no_blocker	
eqgap_5feca21464a52252524fd5ab	FLOPO_0981003	drupe fruit orange red	EQ|PO_0030103|PATO_0104112	7c7961aa6c5f298e049131c669b3c809bedab06bd73b5905bcc88277b157d036	campaign_b85f53253d0219787f3c0e40	cluster_484ae01f7b6c1dadebf6e7d7	2a782223e0dd1170a59e5167f57a4a5ce09b422002eebcf760bf1aac0e1a5e7a	reviewer_kimi_k3|reviewer_qwen_3_7_max	adversary_gpt_5_6_sol	2	two_family_exact_agreement_adversarial_no_blocker	
eqgap_648520894c279bf3ea45c8f0	FLOPO_0981004	seed orange yellow	EQ|PO_0009010|PATO_0104054	0d0390e4ca507b69704beb3e99cd398961b8d9b9a1946a77c7a63f67636eb52d	campaign_b85f53253d0219787f3c0e40	cluster_0d646a2caa87cb90beec8e35	586e4ba5d9abd3d3ff11930e0c773f2e366b0e88016f59b3f62cdb1f4146f711	reviewer_kimi_k3|reviewer_qwen_3_7_max	adversary_gpt_5_6_sol	2	two_family_exact_agreement_adversarial_no_blocker	
eqgap_652be062e476bf992e444b2a	FLOPO_0981005	berry fruit olive colour	EQ|PO_0030108|PATO_0104336	078f6836c8788e11a35af8e74cfaa364dda7d1ab4e46c4b1aa9ab647f5b5f226	campaign_b85f53253d0219787f3c0e40	cluster_26136547bffe24c05c347b49	a8a419047338acde1b8ef9abc8eabb4ba1917deb2c94b2585306a744fd662ee8	reviewer_kimi_k3|reviewer_qwen_3_7_max	adversary_gpt_5_6_sol	3	two_family_exact_agreement_adversarial_no_blocker	
eqgap_6970bda6d7b6bf4b29083f0e	FLOPO_0981006	bark yellowish green	EQ|PO_0004518|PATO_0104114	afed449bfc8d8db0ed4e0404971be58ff2f9372218845a9b3345f0501dad6610	campaign_b85f53253d0219787f3c0e40	cluster_d930b3b17d69183f05e24b06	06c4254e6937749759bc4a7a772f7ac238c8880ca3aaa667fc13f748054eee47	reviewer_kimi_k3|reviewer_qwen_3_7_max	adversary_gpt_5_6_sol	1	two_family_exact_agreement_adversarial_no_blocker	
eqgap_6bf34d7a45ea45cc71fc4067	FLOPO_0981007	anther chocolate brown	EQ|PO_0009066|PATO_0104333	042cae9cbbcca27ae759714d8ff423445062d1418847a4e1d04c0181f564c9fd	campaign_b85f53253d0219787f3c0e40	cluster_8f355d74d0a97cf4e10f1140	125d93d387f31b82847706a10fee12f9976adba21fc12cd737b45b52ba40f341	reviewer_kimi_k3|reviewer_qwen_3_7_max	adversary_gpt_5_6_sol	1	two_family_exact_agreement_adversarial_no_blocker	
eqgap_6cfe30a62fcbd97279561ffc	FLOPO_0981008	sepal yellowish green	EQ|PO_0009031|PATO_0104114	a2b3010025c005f2bd68397c6702bb11f7f1b2308e605210615728ef7379a269	campaign_b85f53253d0219787f3c0e40	cluster_b05929087446f51a02bc2a85	5f5b9c55785fa676e761eadeb3ed4db7ec71478c9c7c912f7079ccbc10791a25	reviewer_kimi_k3|reviewer_qwen_3_7_max	adversary_gpt_5_6_sol	3	two_family_exact_agreement_adversarial_no_blocker	
eqgap_6ec59d56f68ea5d88f4678d2	FLOPO_0981009	sepal orange yellow	EQ|PO_0009031|PATO_0104054	812b60a6134be9604f1856b3db4ba0bb4d5614ef6904af82c2ad9191cb8e87ce	campaign_b85f53253d0219787f3c0e40	cluster_866bf5983cc82738754de524	89378c05b09e10c74ed71cba0185af60915dec50dcf2f99089b1be7c80dbabf9	reviewer_kimi_k3|reviewer_qwen_3_7_max	adversary_gpt_5_6_sol	1	two_family_exact_agreement_adversarial_no_blocker	
eqgap_7af7872e2e0ca13e9957588c	FLOPO_0981010	corolla yellowish green	EQ|PO_0009059|PATO_0104114	ce479718e2103f6fac6e3a979a9eb06713f4edd2f4290caf841a12ae8eb3682f	campaign_b85f53253d0219787f3c0e40	cluster_ddce68ab2d20a0b5717fa218	1a115f59bedfe82a5fbb796361a9aafb019658251975465712f79df51c98b036	reviewer_kimi_k3|reviewer_qwen_3_7_max	adversary_gpt_5_6_sol	3	two_family_exact_agreement_adversarial_no_blocker	
eqgap_7ed732a0f1f5c7ea4a2a3c3e	FLOPO_0981011	whole plant greyish green	EQ|PO_0000003|PATO_0104007	efe44629955a6608f22f5469a150734fe4127d3b45a1f82928d022d5f03f86fd	campaign_b85f53253d0219787f3c0e40	cluster_c50c26e00e7a3f2c48a4a3d6	b765142b0c75f89d03eecc292e507e12a726bff0151ba28cd29753358be6ab2e	reviewer_kimi_k3|reviewer_qwen_3_7_max	adversary_gpt_5_6_sol	7	two_family_exact_agreement_adversarial_no_blocker	
eqgap_7f431c0f390fae030b800af5	FLOPO_0981012	petal lemon yellow	EQ|PO_0009032|PATO_0104321	1a9423e1e92f1a0479b5f6f6376c27a28a1cf5668f39dac5380dd5fb2e5fc30a	campaign_b85f53253d0219787f3c0e40	cluster_428776404a30c25bd7707780	201da486783c74844509b6f245529cadbb900da9eaa3fd2166cd1fbe3c58fe3e	reviewer_kimi_k3|reviewer_qwen_3_7_max	adversary_gpt_5_6_sol	6	two_family_exact_agreement_adversarial_no_blocker	
eqgap_8846fbe8b28a61bf7f7859bf	FLOPO_0981013	lamina blue green	EQ|PO_0025060|PATO_0104020	6ffc7a3cd7e51932f9f72f5e0c49e17a9cb7667a31632153e986e970c21c167a	campaign_b85f53253d0219787f3c0e40	cluster_f4eac0a55170450e886ffd70	2605e3776942d10174a008ad2918ecd0034986179c5b52c7629841ad6ff239b5	reviewer_kimi_k3|reviewer_qwen_3_7_max	adversary_gpt_5_6_sol	1	two_family_exact_agreement_adversarial_no_blocker	
eqgap_8c48da3eaa711e4f315f88a6	FLOPO_0981014	bark chocolate brown	EQ|PO_0004518|PATO_0104333	54664db71fc0c3fa3eddf0999a5f9852b4bcc4f8f25ee455a36c43bee7cac3ce	campaign_b85f53253d0219787f3c0e40	cluster_e9544e331fb8e5e039316983	1a5a57e050195b019278bf15fd36691400548bd68f8b1f5e3e84d3bb4d89f2d5	reviewer_kimi_k3|reviewer_qwen_3_7_max	adversary_gpt_5_6_sol	1	two_family_exact_agreement_adversarial_no_blocker	
eqgap_8d906ec7a15bc9079a69a9b5	FLOPO_0981015	plant ovary yellow green	EQ|PO_0009072|PATO_0001941	652111f95d9d064d895860a8240cbc6bd81de509280f210d8695e106485ef74b	campaign_b85f53253d0219787f3c0e40	cluster_c5d0a8d8a2f7a30b6235308d	d9995ca889b88982fca9e9977f0558b1cfba84254c36e86a8cb694f55ae90ef2	reviewer_kimi_k3|reviewer_qwen_3_7_max	adversary_gpt_5_6_sol	2	two_family_exact_agreement_adversarial_no_blocker	
eqgap_9433385af737f5143d947d29	FLOPO_0981016	vascular leaf yellow green	EQ|PO_0009025|PATO_0001941	2c37759a906162e78ead3ca4f7e238668a8c64b3cb93b3bf7c8c77d773e0260a	campaign_b85f53253d0219787f3c0e40	cluster_31a2acb8a06d489b0d75508c	518d09455764291355d308e93fb6323392531a611db9bffcab76cbbac864f457	reviewer_kimi_k3|reviewer_qwen_3_7_max	adversary_gpt_5_6_sol	3	two_family_exact_agreement_adversarial_no_blocker	
eqgap_97a13ecb4d9de1b9034e0af2	FLOPO_0981017	corolla lemon yellow	EQ|PO_0009059|PATO_0104321	aa801e52c2d28876e1ffb825c93156c87e34f6ac0ba925e29b1e8237ad6bc326	campaign_b85f53253d0219787f3c0e40	cluster_6c955867e897d307a90ac437	eda662644239cbbb482919fea3f86f13b37cf95d9db074b2404dad1b569026a0	reviewer_kimi_k3|reviewer_qwen_3_7_max	adversary_gpt_5_6_sol	3	two_family_exact_agreement_adversarial_no_blocker	
eqgap_99a02ed194568c8afc5e7215	FLOPO_0981018	stem greyish green	EQ|PO_0009047|PATO_0104007	a386e84910666ada454916b13baa35e21e628159c562ccf093b3ff2f0174a97b	campaign_b85f53253d0219787f3c0e40	cluster_7c43ad063f91877567c7fcd9	98e82f35dc7c3cfe1341e9e886f5cb774825965b91d4c2c71dfd87dd111bcc6c	reviewer_kimi_k3|reviewer_qwen_3_7_max	adversary_gpt_5_6_sol	7	two_family_exact_agreement_adversarial_no_blocker	
eqgap_99aade3ea548a1e8192cbb81	FLOPO_0981019	calyx orange red	EQ|PO_0009060|PATO_0104112	ec9990a6e00d3be136b5a2bd2543c746c9f38be9117c8846bc6222a0e12b7086	campaign_b85f53253d0219787f3c0e40	cluster_2a142c1701189e1c3df44da3	8454999efd800eb7f5c70edc62962fa7ebe52e039d22dc4feda26ac8c09c7ef7	reviewer_kimi_k3|reviewer_qwen_3_7_max	adversary_gpt_5_6_sol	2	two_family_exact_agreement_adversarial_no_blocker	
eqgap_a28d0b70cf0a8628da2dd120	FLOPO_0981020	seed greenish yellow	EQ|PO_0009010|PATO_0104013	4d774a558f7eb5e30dba8a61f6d1206099665aa0859693f3ca155f2c7b66e90a	campaign_b85f53253d0219787f3c0e40	cluster_7033219e02c23c4b802af85f	8d51c82439c310ed8b9c4484f20aa4593671ba3061c296e2a0a88392015125e7	reviewer_kimi_k3|reviewer_qwen_3_7_max	adversary_gpt_5_6_sol	1	two_family_exact_agreement_adversarial_no_blocker	
eqgap_a9f40fa46ec398f6351df332	FLOPO_0981021	drupe fruit orange yellow	EQ|PO_0030103|PATO_0104054	dcda3674370593083fd984a9530d57b7108373a6033e1e7da2bdc8c9362433b2	campaign_b85f53253d0219787f3c0e40	cluster_4c9f7a6a95923334d255d591	704979ad5d60439347a7cd679ae1c633efbf9223e6d71c057db64c0a9e1d369c	reviewer_kimi_k3|reviewer_qwen_3_7_max	adversary_gpt_5_6_sol	1	two_family_exact_agreement_adversarial_no_blocker	
eqgap_abbb561a6ef76de1c1f11cf6	FLOPO_0981022	filament yellow green	EQ|PO_0009067|PATO_0001941	655e0cc86f15c7209cd91019233627b606d8d9260f5aa3e01bb1ca81310ee9e7	campaign_b85f53253d0219787f3c0e40	cluster_3df3d533e617bb94e18a0f14	a8a7da341b9cf0414ef22eddd51c6e84ca9690742736efcb708ab33860a35392	reviewer_kimi_k3|reviewer_qwen_3_7_max	adversary_gpt_5_6_sol	3	two_family_exact_agreement_adversarial_no_blocker	
eqgap_ae2d638229c311e40cf42f8d	FLOPO_0981023	perianth olive colour	EQ|PO_0009058|PATO_0104336	1d32cd5e0bfdd534c3d3973e37095641309ead1aa2cdcee05cd1c01fd6514261	campaign_b85f53253d0219787f3c0e40	cluster_eb0a3bdc714fb6e98b3372a9	0c41a7cfa4e3d2b68d0e65759e305da4a7749cae916d85c0ac1ee71341617e70	reviewer_kimi_k3|reviewer_qwen_3_7_max	adversary_gpt_5_6_sol	1	two_family_exact_agreement_adversarial_no_blocker	
eqgap_b76c5b8194e87f9f7d7dbcdb	FLOPO_0981024	inflorescence yellowish green	EQ|PO_0009049|PATO_0104114	60d15aa2e008a34c3889a47aa9047d98377e25f38334650c89e5223443f08beb	campaign_b85f53253d0219787f3c0e40	cluster_dffa58a3b8f506bc27b5dfe8	644d9b0f47d69eee4720c319af4da3156f511c2cecb8283ac685c54335fd2773	reviewer_kimi_k3|reviewer_qwen_3_7_max	adversary_gpt_5_6_sol	1	two_family_exact_agreement_adversarial_no_blocker	
eqgap_ba43d9c10b5c3f03f2e67fc2	FLOPO_0981025	sepal blue green	EQ|PO_0009031|PATO_0104020	ee8ea09a718261d458d5043a334feb3f2ac6f1783dad81580f0fa25c4bb90f33	campaign_b85f53253d0219787f3c0e40	cluster_bccd6dcac2ca643cbedca671	c9e3e3d7d11e1ae20e087f5ef3a89d022f2fa35305fd62706cad35bdfb635826	reviewer_kimi_k3|reviewer_qwen_3_7_max	adversary_gpt_5_6_sol	1	two_family_exact_agreement_adversarial_no_blocker	
eqgap_c35b7c982967bd11de09bc5b	FLOPO_0981026	stem greenish white	EQ|PO_0009047|PATO_0104067	4c8ca1f425ec25eac5ed1175635242f5c3c643654c2e6e80209f225af09838bd	campaign_b85f53253d0219787f3c0e40	cluster_6dedb117b84c3d7c5d6a62ec	4136be0babfb9fc98ef1e27832ce39781b2f8edc286e585a5a4dd90c7b3983a8	reviewer_kimi_k3|reviewer_qwen_3_7_max	adversary_gpt_5_6_sol	1	two_family_exact_agreement_adversarial_no_blocker	
eqgap_c58c1805623a4594c62bbe7d	FLOPO_0981027	bracteole red brown	EQ|PO_0009043|PATO_0001287	837ab6551cd71348e6d34836aa6d80153f28636d0a34bd0f8329a63fc0febb92	campaign_b85f53253d0219787f3c0e40	cluster_e40eb668c4b313ae1a1e08ca	e59eec4f68a850ce1fe84c42465f29f5cabb47a18523487e9594062aa3156893	reviewer_kimi_k3|reviewer_qwen_3_7_max	adversary_gpt_5_6_sol	3	two_family_exact_agreement_adversarial_no_blocker	
eqgap_cc8472af0a5d9f70d33bcffc	FLOPO_0981028	berry fruit blue green	EQ|PO_0030108|PATO_0104020	8f84cfe7e566b18df80f0ad996edc751000256658539662032b38b2d12012eb1	campaign_b85f53253d0219787f3c0e40	cluster_e53d8a5dc3aa1b979aa200be	b58c2ec54448b8ca7c92c664f54110f642c8476614f91ab1350d67d73a21a500	reviewer_kimi_k3|reviewer_qwen_3_7_max	adversary_gpt_5_6_sol	3	two_family_exact_agreement_adversarial_no_blocker	
eqgap_cd3deabd2b35c54900f9fec7	FLOPO_0981029	bark blue green	EQ|PO_0004518|PATO_0104020	60a440d3f9299f8d357aba45e4aba260b6bfe68cdfdfbef28d6015bfb7515c9a	campaign_b85f53253d0219787f3c0e40	cluster_3d1f0cc03358732539c2cbea	52114a8ff10880e944f9be18d186d8322f88de64004cb3d030cff91227b4d9af	reviewer_kimi_k3|reviewer_qwen_3_7_max	adversary_gpt_5_6_sol	5	two_family_exact_agreement_adversarial_no_blocker	
eqgap_d068e39d13ac8afe44c70ccc	FLOPO_0981030	seed orange red	EQ|PO_0009010|PATO_0104112	8c68cff8bf16bbd28021f71220ee1024f447e258b5fc148e14495304a165ee06	campaign_b85f53253d0219787f3c0e40	cluster_09931658c9c1d831bb41f313	f629d321fbb0be45d4cee656ae51ad04ff0843b19d19273795a47b09642235c4	reviewer_kimi_k3|reviewer_qwen_3_7_max	adversary_gpt_5_6_sol	5	two_family_exact_agreement_adversarial_no_blocker	
eqgap_d1699101be421221ca09873a	FLOPO_0981031	bark orange red	EQ|PO_0004518|PATO_0104112	924e9988948216ac85465b2760ecc7b2988a1778ddee651ecf998f314bf7080d	campaign_b85f53253d0219787f3c0e40	cluster_eec49844c5ef1ddda64a78c1	c743cecd91e1c93eb7f756abb517b94e2d31b9581bf3e65b80a6efd67aeedd53	reviewer_kimi_k3|reviewer_qwen_3_7_max	adversary_gpt_5_6_sol	2	two_family_exact_agreement_adversarial_no_blocker	
eqgap_d2b6e3b92d4a147def524085	FLOPO_0981032	anther yellow brown	EQ|PO_0009066|PATO_0002411	54d4751e1166f18c188c7a407f2e49e11b42bbdfddb7a5e2384fd1175308164d	campaign_b85f53253d0219787f3c0e40	cluster_75051b992975e085fa397c2b	daa301e82d2dbd9c0c5c14159f0d4401f90a8278a3541e241ccd8ad5971f65fc	reviewer_kimi_k3|reviewer_qwen_3_7_max	adversary_gpt_5_6_sol	1	two_family_exact_agreement_adversarial_no_blocker	
eqgap_d3a304668751ee64b0006824	FLOPO_0981033	anther red brown	EQ|PO_0009066|PATO_0001287	bd6869eee521128aad3444407706b32435a963a9e0308049a45815fe15e00124	campaign_b85f53253d0219787f3c0e40	cluster_8e46203b1560bf1a4eaf33e6	894c4456f18ad8e13487c76853eff806e20046015bc392e3796f386578b6d194	reviewer_kimi_k3|reviewer_qwen_3_7_max	adversary_gpt_5_6_sol	1	two_family_exact_agreement_adversarial_no_blocker	
eqgap_d4a9497044cec73521cf0721	FLOPO_0981034	anther orange yellow	EQ|PO_0009066|PATO_0104054	8e37f70ca76f59e3d38372393cdb14aa3f05b7114dab564212c30249b23c741d	campaign_b85f53253d0219787f3c0e40	cluster_fe4d476891c84fe9d82c8056	0f18e900e637524391e1e5987b9956bf58d56e4718ba19c9a369beafd02baddb	reviewer_kimi_k3|reviewer_qwen_3_7_max	adversary_gpt_5_6_sol	3	two_family_exact_agreement_adversarial_no_blocker	
eqgap_d7c1fdb4544aafe922aef447	FLOPO_0981035	petal yellow brown	EQ|PO_0009032|PATO_0002411	c126063898b0c26ad9dc15ceed924818857f22eac6c095a9807b8da8c26368a1	campaign_b85f53253d0219787f3c0e40	cluster_c234ad1b920fa2b6d62737f3	bb406bc3b98ecd225860480c490963e68344384170da8654e04e4436c31ee869	reviewer_kimi_k3|reviewer_qwen_3_7_max	adversary_gpt_5_6_sol	2	two_family_exact_agreement_adversarial_no_blocker	
eqgap_dbab7263b59af131226d35db	FLOPO_0981036	stipule red brown	EQ|PO_0020041|PATO_0001287	7e6832a5eb4d79504d7e4241674ddec6b280f769719c034d78969e66ff8994be	campaign_b85f53253d0219787f3c0e40	cluster_34c52962b14880478d4cc881	d0e6136125ca6f92e123a914cb34a12faac4c560019cac8a6c9360a21a16a11c	reviewer_kimi_k3|reviewer_qwen_3_7_max	adversary_gpt_5_6_sol	6	two_family_exact_agreement_adversarial_no_blocker	
eqgap_dc4073f119e05c56db084eea	FLOPO_0981037	branch yellowish green	EQ|PO_0025073|PATO_0104114	002c7db4adc52c377f24cb1e44d2441ff6a7fc38a826ce0fda3d2d39a442db72	campaign_b85f53253d0219787f3c0e40	cluster_d1ec175c880054dd1209c500	691ecc85966732ce9a2293623af87e03ef1c3487d7154cfe535d64dcf8b0a2ef	reviewer_kimi_k3|reviewer_qwen_3_7_max	adversary_gpt_5_6_sol	1	two_family_exact_agreement_adversarial_no_blocker	
eqgap_df896f030951d3cb720289f0	FLOPO_0981038	calyx olive colour	EQ|PO_0009060|PATO_0104336	cb499d1a6cd194efdb23dce7c23b25c0173ba961ac0341baeae36ecd7069731c	campaign_b85f53253d0219787f3c0e40	cluster_7280bb8bf2ce353f7214b5f9	6f3cd983e1a9c87cea2079445c8de17d0eb9258242b7ec29680eb7f19a006104	reviewer_kimi_k3|reviewer_qwen_3_7_max	adversary_gpt_5_6_sol	1	two_family_exact_agreement_adversarial_no_blocker	
eqgap_e5ff02820be3f1ebce0e1adc	FLOPO_0981039	aril orange yellow	EQ|PO_0009090|PATO_0104054	68f0a11f8752e4dabfbaed0b0e1a1e26f1f01d447b49634f257ddf23063e6688	campaign_b85f53253d0219787f3c0e40	cluster_3612b14500435f145585bead	018f47b7384dac1d1e7c0420c6db8dda2d2afa2f5439cd90c190dfcabde6acf7	reviewer_kimi_k3|reviewer_qwen_3_7_max	adversary_gpt_5_6_sol	1	two_family_exact_agreement_adversarial_no_blocker	
eqgap_edd72dfa2a2a687f6cb3e781	FLOPO_0981040	vascular leaf olive colour	EQ|PO_0009025|PATO_0104336	a91a64f98432393b71a84960aadb9c845bda1a84a9d7189a858a4fc63f9c5d08	campaign_b85f53253d0219787f3c0e40	cluster_e687993f00398589f275960d	42ca4f400587b06df3d908023ebe79885bdc669ca67652e021a926cf1f33c733	reviewer_kimi_k3|reviewer_qwen_3_7_max	adversary_gpt_5_6_sol	4	two_family_exact_agreement_adversarial_no_blocker	
eqgap_ee05bcd1398be1572d69cf4a	FLOPO_0981041	vascular leaf brown green	EQ|PO_0009025|PATO_0001942	82903a5e5e28475ea118609e9d969553cc20d7c60c040a26e69657e60b2217c2	campaign_b85f53253d0219787f3c0e40	cluster_f9f9efbbec473f8618645c18	523657f2c74862d69229b9d09b0582c8eba9630d25efef2024b93df21f7ebc5a	reviewer_kimi_k3|reviewer_qwen_3_7_max	adversary_gpt_5_6_sol	1	two_family_exact_agreement_adversarial_no_blocker	
eqgap_ef926f1bae6f17d83fe2b850	FLOPO_0981042	seed chocolate brown	EQ|PO_0009010|PATO_0104333	97ee3f4974a7b8848003dca3b3ba169f4c6c3378e754d0d49666cfbd295f4061	campaign_b85f53253d0219787f3c0e40	cluster_88269f132dd9dc313df38042	79adf31c662c663d98ab1b2ec677e459b89089c4201b4c2835ca86c90d09a10c	reviewer_kimi_k3|reviewer_qwen_3_7_max	adversary_gpt_5_6_sol	1	two_family_exact_agreement_adversarial_no_blocker	
eqgap_f88c4dcce501e3e774fce9a1	FLOPO_0981043	leaflet yellow green	EQ|PO_0020049|PATO_0001941	6c2cf88d38e700660c3267894409f63a7cccb62f24ee7a1b193d8e3b4e2ade54	campaign_b85f53253d0219787f3c0e40	cluster_73821e38359aae71a34c9dc8	bfbaa96a84294f2bb0cff99dbfb471400ef0b23f8054cd77aed30630245350d8	reviewer_kimi_k3|reviewer_qwen_3_7_max	adversary_gpt_5_6_sol	1	two_family_exact_agreement_adversarial_no_blocker	
eqgap_fa16ed2d358d765947b83e4c	FLOPO_0981044	stalk red brown	EQ|PO_0025066|PATO_0001287	c92b7147c15b3294dd74e5849020f608255889de6fb0e7dd2ce2078e93ec03be	campaign_b85f53253d0219787f3c0e40	cluster_cb024323cfa3498e7adda380	ea21884a82fe0b859b20c60c99aa974e44ccb420f9a6b1ed26dbcc6ed1de9493	reviewer_kimi_k3|reviewer_qwen_3_7_max	adversary_gpt_5_6_sol	2	two_family_exact_agreement_adversarial_no_blocker	
eqgap_01579cc522c604ec8db67e9b	FLOPO_0981045	corolla pale greenish yellow	EQ|PO_0009059|PATO_0104051	3359893d221791b14b64e45b953a709a7396595d860ae18b9f7926aa576b8d3a	campaign_b85f53253d0219787f3c0e40	cluster_0821346ce4b8054610ea3dba	b847c046d30bc03dbdf4ff59ceca033567e33627c6710e0cd9e410d967ac611f	reviewer_claude_opus_5|reviewer_kimi_k3|reviewer_qwen_3_7_max		1	two_of_three_exact_agreement	
eqgap_075452a298a90577b04fe8b5	FLOPO_0981046	fruit chestnut colour	EQ|PO_0009001|PATO_0104329	f4fa898c3a83fd83c9d3212b4f0ff7a6dc390b24c7e48d4e638fe7bca8bdf43b	campaign_b85f53253d0219787f3c0e40	cluster_6dc02ef16db0ae5a86d2cc5d	3acd0aa2e0e08037c5a326be074711e0947fa4e03f530cf970a7eb62db2bba82	reviewer_claude_opus_5|reviewer_kimi_k3|reviewer_qwen_3_7_max		1	two_of_three_exact_agreement	
eqgap_078a84ca8a502c8543859e0e	FLOPO_0981047	corolla greenish yellow	EQ|PO_0009059|PATO_0104013	b0129ed92a0fc1019ecc704980cc594e23fad82a288cd7e278c26b89b3a7b1dc	campaign_b85f53253d0219787f3c0e40	cluster_24f79c5d01f21a4b463c79f1	77c42b85f0977d282ea9f2ad4d91d386b582b4f36b213d771d66d29ce466ec22	reviewer_claude_opus_5|reviewer_kimi_k3|reviewer_qwen_3_7_max		9	two_of_three_exact_agreement	
eqgap_137acf5f1f861367b92f1472	FLOPO_0981048	fruit orange yellow	EQ|PO_0009001|PATO_0104054	b126695d597aeb6a1dd4ca65e871d1b2b8ca2f7a831df02699f2dc7987ded889	campaign_b85f53253d0219787f3c0e40	cluster_a71fb97afc1eeb6e69f37854	314ff809f4cc6e389d3671bd2dcc277a443b861536a07ceaf7f3a87d2291e4ef	reviewer_claude_opus_5|reviewer_kimi_k3|reviewer_qwen_3_7_max		4	two_of_three_exact_agreement	
eqgap_163e9a0bfcd83e6f637fa468	FLOPO_0981049	petal yellow orange	EQ|PO_0009032|PATO_0001944	227f589facde0524fc7c12b26b4103a1116b313b7c23f019cfcc5933dc318b62	campaign_b85f53253d0219787f3c0e40	cluster_041e93e66a72690a3bc07e74	f43641b3e748fc6686849fd7919397d83d7a777416b1f0f7cdac277b69998a87	reviewer_claude_opus_5|reviewer_kimi_k3|reviewer_qwen_3_7_max		1	two_of_three_exact_agreement	
eqgap_18812d65763d4206035e6e52	FLOPO_0981050	branch olive colour	EQ|PO_0025073|PATO_0104336	5bae0a53069fe014b711a15695e741afaed3fccbfd7f63ae707f226558bedaa9	campaign_b85f53253d0219787f3c0e40	cluster_a399349f8789fecbdd6940e1	0b0be9e298e96b5f031987f1c3b7e3aca9492926e83ae246e1840f062b5b37a3	reviewer_claude_opus_5|reviewer_kimi_k3|reviewer_qwen_3_7_max		2	two_of_three_exact_agreement	
eqgap_249ed9f91db97adc5d055df0	FLOPO_0981051	petal greenish white	EQ|PO_0009032|PATO_0104067	b1c32a931a4347f45482449f024dbfbf3f3276dbebcf67fc7a8ee4eb7aad6a7e	campaign_b85f53253d0219787f3c0e40	cluster_28e3a59f74736d1dac50f37c	f35969e6a7a2108467be2dcc04ddfa9ac5cd63d09138bb62091a4bb229f43a9f	reviewer_claude_opus_5|reviewer_kimi_k3|reviewer_qwen_3_7_max		7	two_of_three_exact_agreement	
eqgap_32a1f2a3fa4448ba1d18b610	FLOPO_0981052	stem dark red brown	EQ|PO_0009047|PATO_0001288	04881db5e87042b8f5fc40fef1c81f69a121740d0347069506bde849ca305b4a	campaign_b85f53253d0219787f3c0e40	cluster_5a99e2f10dc8c6a7cb5595ae	e700894e988a209eda69723533fcaa81c0e27a221d93427b0742b9bd41723b6c	reviewer_claude_opus_5|reviewer_kimi_k3|reviewer_qwen_3_7_max		1	two_of_three_exact_agreement	
eqgap_3604c6697d9a3484907a3afc	FLOPO_0981053	fruit greyish green	EQ|PO_0009001|PATO_0104007	078f859e8f6559859b7e8db2f9d9a58d3d5c04d0228a2e6286d09864b06a11e1	campaign_b85f53253d0219787f3c0e40	cluster_57f031b62d239218b60d8115	a6335c5245a4637b5e86a31926b83566a18edb2ceb92e5e2589b7606c3be837c	reviewer_claude_opus_5|reviewer_kimi_k3|reviewer_qwen_3_7_max		2	two_of_three_exact_agreement	
eqgap_36f797a5ef339a6e24a66a9b	FLOPO_0981054	flower greenish white	EQ|PO_0009046|PATO_0104067	0866ba44bcd10a73cb636aac177b68d0534ffcac70038239104ef65190d15b10	campaign_b85f53253d0219787f3c0e40	cluster_4e8a274f4f1a4fdb8038ddd3	11df60da2d94d5aede0fbd9b6e89f13b9fccd29048d7f989f2b475fe0e2a48c7	reviewer_claude_opus_5|reviewer_kimi_k3|reviewer_qwen_3_7_max		24	two_of_three_exact_agreement	
eqgap_39bc8cdf9a3a1cd0a153e058	FLOPO_0981055	flower orange yellow	EQ|PO_0009046|PATO_0104054	a870a7f9bb584ed399a55de2424c95c3bd257f658fa9a70ffed4d697f352fd61	campaign_b85f53253d0219787f3c0e40	cluster_37e67dbfa5ad9ffbef661d92	d2c8255e7f3afc9801745127212fc9547d1c96dbc17fbf66578c479847c66973	reviewer_claude_opus_5|reviewer_kimi_k3|reviewer_qwen_3_7_max		9	two_of_three_exact_agreement	
eqgap_3b15992dda21b718ad24be2f	FLOPO_0981056	vascular leaf greyish green	EQ|PO_0009025|PATO_0104007	d72bdcd08ed41d3e93634fdb1f0148b41c7b8aa21d843127eba0c23c197bee3c	campaign_b85f53253d0219787f3c0e40	cluster_84e1b3db47030a14acf89977	bbea023d6c967a67dbffe8fd8249877664311946e60f4d532e6bd5760ca4d170	reviewer_claude_opus_5|reviewer_kimi_k3|reviewer_qwen_3_7_max		29	two_of_three_exact_agreement	
eqgap_44cfe8ac1dd4fad1edb4a766	FLOPO_0981057	plant ovary red brown	EQ|PO_0009072|PATO_0001287	3708d5bdd619cedfbda49bbf512453837a2aa14021857e25b2f2322a80c5760f	campaign_b85f53253d0219787f3c0e40	cluster_5036d7c38f0d17d67a6b0841	e02bc7151be52ceb2f2c1db3e6b6b163d93ae83e77eaa2fe6dc3f84bad951421	reviewer_claude_opus_5|reviewer_kimi_k3|reviewer_qwen_3_7_max		4	two_of_three_exact_agreement	
eqgap_46c23be684180dd80be05817	FLOPO_0981058	corolla purplish red	EQ|PO_0009059|PATO_0104311	96a065cd276360a4473553127db8071db0279cefe4f1bb97c2d2f8152e3c5b9b	campaign_b85f53253d0219787f3c0e40	cluster_568fb659c98ad334e348a30e	0431b9184a661304dcfc448eb320fa8999a4e7d5250bb43e4106607c0d8e5851	reviewer_claude_opus_5|reviewer_kimi_k3|reviewer_qwen_3_7_max		1	two_of_three_exact_agreement	
eqgap_4dbc278ba535e04bd0e3d520	FLOPO_0981059	petal orange yellow	EQ|PO_0009032|PATO_0104054	e4c67fc00354d17cb6679c0d1d61ddf55c95710e58656893fa32a892418be22d	campaign_b85f53253d0219787f3c0e40	cluster_9aef5bb47baaa8263e4766e3	2503af5b12e85fffc59ff26726e887ae89f00f3ad2e65eab85d2b16c1f6cba7a	reviewer_claude_opus_5|reviewer_kimi_k3|reviewer_qwen_3_7_max		19	two_of_three_exact_agreement	
eqgap_4f7a53117df072c214cb30e1	FLOPO_0981060	stamen orange yellow	EQ|PO_0009029|PATO_0104054	1dda1eb727328810071999af79355a48aff34b3aef28469a39d4fdf8314bcd89	campaign_b85f53253d0219787f3c0e40	cluster_5b09dda805b175ff3d4dc351	c4f5606dbaad4fb8353889cbd47f3954dceed40b6a7016b7f3cb52dc2f078c05	reviewer_claude_opus_5|reviewer_kimi_k3|reviewer_qwen_3_7_max		2	two_of_three_exact_agreement	
eqgap_5566e8cbe59da8a27e5e1263	FLOPO_0981061	bark greenish yellow	EQ|PO_0004518|PATO_0104013	861d283e0cc0100625ea5edaa4f3f3902a1ca16b9388fa007f1092ea82b3199c	campaign_b85f53253d0219787f3c0e40	cluster_8d945015638ab6b4a3409e40	5ddba2f314d14e31fdc2126d74d226d794e143dc4869001e15302fe8197e1986	reviewer_claude_opus_5|reviewer_kimi_k3|reviewer_qwen_3_7_max		4	two_of_three_exact_agreement	
eqgap_592f40ba76e970b5b3293c55	FLOPO_0981062	leaf lamina yellow green	EQ|PO_0020039|PATO_0001941	4ee9ac7d38664568479d0210cb8d274f310574db9c6d033293fd37325871d50f	campaign_b85f53253d0219787f3c0e40	cluster_9ae275dacaf7c75b2d66f015	0d305742616eb94c057904ab47a098d0c914fc93d94a25f0c37ab53bf3853c95	reviewer_claude_opus_5|reviewer_kimi_k3|reviewer_qwen_3_7_max		10	two_of_three_exact_agreement	
eqgap_5e6edc3658553d1bff77de7e	FLOPO_0981063	corolla orange red	EQ|PO_0009059|PATO_0104112	141b8383c9b7b4df4545debb70923c12f705d00ce6cdc4b7f3859387b96e8c8e	campaign_b85f53253d0219787f3c0e40	cluster_de2e258e181f5c5bc443c9dd	48b62a8bedbf5fefc56afaa1efa4f25a14d9d0c6c148d0359de6986fe457f40a	reviewer_claude_opus_5|reviewer_kimi_k3|reviewer_qwen_3_7_max		20	two_of_three_exact_agreement	
eqgap_5f52cb962d0dc83491191b44	FLOPO_0981064	sepal yellow brown	EQ|PO_0009031|PATO_0002411	838be0d4a5812436a06ca1760dbe8c57a4db6214d51615694aaf26c1ce3551f0	campaign_b85f53253d0219787f3c0e40	cluster_b1448a459e56ad03b95b808e	875ae0ac9f608e9877b4910a0c1025a8a41cd711a8d86739217b015e46fe8cc6	reviewer_claude_opus_5|reviewer_kimi_k3|reviewer_qwen_3_7_max		4	two_of_three_exact_agreement	
eqgap_67b0c476e7c3d88b06156989	FLOPO_0981065	seed olive colour	EQ|PO_0009010|PATO_0104336	c326bdf03ac1682d9cf776cdc013bf8f078e93be4161ae93e6aaa0976dcdf4e8	campaign_b85f53253d0219787f3c0e40	cluster_899386576c1fb23573ccb10d	8d482b0171060c2ba5a020c2dfb04a2687ebb84f7e6593d2c2e580f022b8bf8f	reviewer_claude_opus_5|reviewer_kimi_k3|reviewer_qwen_3_7_max		1	two_of_three_exact_agreement	
eqgap_6bf13f3a86220a04a264bba3	FLOPO_0981066	seed chestnut colour	EQ|PO_0009010|PATO_0104329	fdd6a09dfc3b86550324af0135c9ba2d5da538f2d7641f0846c0db58284486e0	campaign_b85f53253d0219787f3c0e40	cluster_e00b9a71ce6d78ad71a26382	33e0d52ccfbce8da54f08f344d8810d32ddb0127002687dc73721877980bd3c6	reviewer_claude_opus_5|reviewer_kimi_k3|reviewer_qwen_3_7_max		10	two_of_three_exact_agreement	
eqgap_6de2dabbcb4bfc1d49b1b364	FLOPO_0981067	flower orange red	EQ|PO_0009046|PATO_0104112	9efae8682bdfb3d1cf49f64e6347193c1de3125eb5234e7c83f1a1ba95cdfee7	campaign_b85f53253d0219787f3c0e40	cluster_402fd607421f695e2b5bb2e3	6f6704b722c3f56fd638ad60831bc9b6251310334f71f8e32d4943235d0428c6	reviewer_claude_opus_5|reviewer_kimi_k3|reviewer_qwen_3_7_max		13	two_of_three_exact_agreement	
eqgap_722fea0e6ec653f180a48e7a	FLOPO_0981068	flower greenish yellow	EQ|PO_0009046|PATO_0104013	c8f55e5c957f26dc471afb658828cbe216952b025b477af0cff1c049d4b0d1af	campaign_b85f53253d0219787f3c0e40	cluster_1632666590004ee099c305c0	b3275d1659d12edc245d3f168490cbdf168daac86afe5123665c68dbe59dd92d	reviewer_claude_opus_5|reviewer_kimi_k3|reviewer_qwen_3_7_max		17	two_of_three_exact_agreement	
eqgap_7898cd83279dda8bd5c8d79b	FLOPO_0981069	flower olive colour	EQ|PO_0009046|PATO_0104336	b6533b8bd1e12566bd33fe016605347d78a339d8bf8bd991a1d9df3ca287405a	campaign_b85f53253d0219787f3c0e40	cluster_0bf1f6463915f3212438959c	f82d46b9e0486f4303a13219e0495240fcb0f5ef9b7cbeb628c175178d08c896	reviewer_claude_opus_5|reviewer_kimi_k3|reviewer_qwen_3_7_max		1	two_of_three_exact_agreement	
eqgap_7b3f446d245efedf5caeb2b0	FLOPO_0981070	flower lemon yellow	EQ|PO_0009046|PATO_0104321	d80e68cff79b297846441e2293921b6d197e80acda98695161f8b914a044b652	campaign_b85f53253d0219787f3c0e40	cluster_6e3903d6b701dd05adc2e50e	c15e89680f1189b0b0c1ec9f5f9ed99a465a9d60c43460df59ecd64763d9db9a	reviewer_claude_opus_5|reviewer_kimi_k3|reviewer_qwen_3_7_max		2	two_of_three_exact_agreement	
eqgap_84b3314a7105f4394ef34339	FLOPO_0981071	petal orange red	EQ|PO_0009032|PATO_0104112	d9d65671e3cfb97137da23d21379d44308c0eb036536e8b73e98b0a459a4c144	campaign_b85f53253d0219787f3c0e40	cluster_6a699a35b96ff9fff9abd754	fd95a06843c13195d31616edccbfb1734aa578eb5fd694a6d9d1ca383d039337	reviewer_claude_opus_5|reviewer_kimi_k3|reviewer_qwen_3_7_max		4	two_of_three_exact_agreement	
eqgap_88080078e2484762bcef4ea8	FLOPO_0981072	corolla orange yellow	EQ|PO_0009059|PATO_0104054	8c5878d1bf2baedf201bbe49e61fa94f07ba0f21eb37598a145e5b7cf50fd8b4	campaign_b85f53253d0219787f3c0e40	cluster_b9ad459acc62e9a668a57850	395014a7bb057cce63b5abd102ba018edb9645ed12f5566b078045812a48c958	reviewer_claude_opus_5|reviewer_kimi_k3|reviewer_qwen_3_7_max		20	two_of_three_exact_agreement	
eqgap_8b0c16eeffcee470c4bf3789	FLOPO_0981073	vascular leaf blue green	EQ|PO_0009025|PATO_0104020	32c40dcef60e0317b611f330ac2012ef003faa6af59e6607cc9f05364d38216e	campaign_b85f53253d0219787f3c0e40	cluster_02bc892ca56fff7c98508c32	49304190610782330a09059182f1380cdaea9b494b2aa467d8a3c9d813137010	reviewer_claude_opus_5|reviewer_kimi_k3|reviewer_qwen_3_7_max		1	two_of_three_exact_agreement	
eqgap_8c2e7156b9a90be06973f5cd	FLOPO_0981074	filament orange yellow	EQ|PO_0009067|PATO_0104054	d7bbb72bff702f6b5d2e429f89c28717b955280082c02d0fcd533999c2c5472c	campaign_b85f53253d0219787f3c0e40	cluster_5fa986f23c4711787db92ba6	6e43626fb3cd9a4b8bbc9512c51e495ecf156e501b193e9680cb805fccdc1663	reviewer_claude_opus_5|reviewer_kimi_k3|reviewer_qwen_3_7_max		1	two_of_three_exact_agreement	
eqgap_941e27f434eae2921de032af	FLOPO_0981075	flower yellowish green	EQ|PO_0009046|PATO_0104114	0754dae0651db2ed7c2c27cb338c63ccf7803e0c4b8b294185820fad9b1083be	campaign_b85f53253d0219787f3c0e40	cluster_5b10a06d10694c65ef53038b	b00ec746fa408c856ebb72870b3deade142e1d6ba7295f05df8d10d06f9c79fa	reviewer_claude_opus_5|reviewer_kimi_k3|reviewer_qwen_3_7_max		15	two_of_three_exact_agreement	
eqgap_943980cfe3915828231b8363	FLOPO_0981076	seed purplish red	EQ|PO_0009010|PATO_0104311	69bfc34c7c972481e6e92392277e876f5baa71d593d1c29b249c9f75f862e3c4	campaign_b85f53253d0219787f3c0e40	cluster_7b9c93a7af80c19677a9b850	77f89274cbfda36f56e77df6d0a3e618079935bdd4a5b04ab8980a3a38e2794d	reviewer_claude_opus_5|reviewer_kimi_k3|reviewer_qwen_3_7_max		2	two_of_three_exact_agreement	
eqgap_aad0cda2ca0675fc4ac3ffde	FLOPO_0981077	berry fruit desaturated green	EQ|PO_0030108|PATO_0001272	bb9822457e9739a7ec7b2604fa317784ed6d614e0a22f1e9f2443a37e21c03f0	campaign_b85f53253d0219787f3c0e40	cluster_3cd1231a4c4c1ea4ac9ab41a	918ef8c725751bd859d84780076256bf96d3780796a2b11715d623b116197786	reviewer_claude_opus_5|reviewer_kimi_k3|reviewer_qwen_3_7_max		1	two_of_three_exact_agreement	
eqgap_aeb2b80470c81b1a4cd5ae36	FLOPO_0981078	petal red brown	EQ|PO_0009032|PATO_0001287	9eeceb383bb1ae2701598c129131f878312e20e6ae4c39b5f3eb73571738be1e	campaign_b85f53253d0219787f3c0e40	cluster_08477017ae53d2526fdecf63	cebd04550aabf9fbfda39fadd9fac61740fbccda129347911d6f142080b017d2	reviewer_claude_opus_5|reviewer_kimi_k3|reviewer_qwen_3_7_max		4	two_of_three_exact_agreement	
eqgap_b28e2ccf93acb0bc7aeef509	FLOPO_0981079	leaflet olive colour	EQ|PO_0020049|PATO_0104336	a781ea3e65cddb51a2173c03f91a3c715eaae1433c038bf7399103f1f72ea747	campaign_b85f53253d0219787f3c0e40	cluster_4a4c9364f325118cfb064f9b	d1dc38af140ab91b4cfefe1a8ef00563039f99efb256667f997f34ee118ced45	reviewer_claude_opus_5|reviewer_kimi_k3|reviewer_qwen_3_7_max		2	two_of_three_exact_agreement	
eqgap_b45991b1201bd12b29650f36	FLOPO_0981080	seed greyish green	EQ|PO_0009010|PATO_0104007	d501f46abf2d8b06a4861965a6a3131f63235bf655245cb32aaa60fff21af97f	campaign_b85f53253d0219787f3c0e40	cluster_329ce8f9de84120a84fc856f	953aae179aa4825e6441bafe4e4fcf68265a3e02f44f1abee0ac21ee1911d536	reviewer_claude_opus_5|reviewer_kimi_k3|reviewer_qwen_3_7_max		1	two_of_three_exact_agreement	
eqgap_c80dbfdb642131e9f7125598	FLOPO_0981081	petal greenish yellow	EQ|PO_0009032|PATO_0104013	afffc3ac092217f4175cb83d26d66b1a539333d6899cc67d461995c46f377d29	campaign_b85f53253d0219787f3c0e40	cluster_90d0ddfe77a1db85ed3d3737	5ff8b2dd57636a4d7f4a7334f4b631044da9954845129ddcee6d79277ccb4d20	reviewer_claude_opus_5|reviewer_kimi_k3|reviewer_qwen_3_7_max		20	two_of_three_exact_agreement	
eqgap_c90a00b19fbe34848769e706	FLOPO_0981082	branch greyish green	EQ|PO_0025073|PATO_0104007	a46476172aecd1af63229bc2db459f9f9859a7feb90da29423fa0f51e58a3b23	campaign_b85f53253d0219787f3c0e40	cluster_91940a977d86ead365c0db8c	9c53c4f02b2cdab9d80823d59e6de1071b3dc4a073e62a5ed8482706ecb9d3de	reviewer_claude_opus_5|reviewer_kimi_k3|reviewer_qwen_3_7_max		8	two_of_three_exact_agreement	
eqgap_c95df84499d1e8d423e62c42	FLOPO_0981083	plant ovary blue green	EQ|PO_0009072|PATO_0104020	8dac06c3df4c6720fb9cc4fb804378ee7042d849d53ae85d14212fdca51f42b9	campaign_b85f53253d0219787f3c0e40	cluster_54839ee807e3fbaddec01b2c	c2dd93b176ef8de66bc0c5b14aa161a241ac535554df8b04e2c363b203d5a577	reviewer_claude_opus_5|reviewer_kimi_k3|reviewer_qwen_3_7_max		1	two_of_three_exact_agreement	
eqgap_cad3a7cada6c4f964aa374f2	FLOPO_0981084	aril orange red	EQ|PO_0009090|PATO_0104112	a11b51835476e9878faa4a1c643b4d984d8f38a2e9ad8e87491d35d03dd0b1ce	campaign_b85f53253d0219787f3c0e40	cluster_d5b360ada8543a6c198613a8	314f3c66c5d5f2e8e52992fe7687572e9e3891ab982c61b2a0f73ed23d85f975	reviewer_claude_opus_5|reviewer_kimi_k3|reviewer_qwen_3_7_max		4	two_of_three_exact_agreement	
eqgap_d5dd1e2851eb04c0b6bd0262	FLOPO_0981085	fruit orange red	EQ|PO_0009001|PATO_0104112	8f31fc4acc14424f3f61a95402a05c0192a6e68eab2722e734085432426dcb8c	campaign_b85f53253d0219787f3c0e40	cluster_d9871b07d9b1c1a3c96b4749	cbf6d13901e01b267457cd3c5480a34832ec1b3ea21cee72bafbab0a556d1fbb	reviewer_claude_opus_5|reviewer_kimi_k3|reviewer_qwen_3_7_max		16	two_of_three_exact_agreement	
eqgap_dd4ce2f61b76c277ed020bb0	FLOPO_0981086	fruit yellowish green	EQ|PO_0009001|PATO_0104114	d4249533f00c12422a1b8e9416fed821fc9b413f7a9f1ff719692d149288c024	campaign_b85f53253d0219787f3c0e40	cluster_9fb36b041a7671d2e623a143	1ce9eff5f8a244bf173c737e27c1ddc116c887f6928093bc6f400265041691f0	reviewer_claude_opus_5|reviewer_kimi_k3|reviewer_qwen_3_7_max		2	two_of_three_exact_agreement	
eqgap_e315b5376ef93af4c00f392d	FLOPO_0981087	bark greyish green	EQ|PO_0004518|PATO_0104007	f31fd4a4e7573c69dbf652d20fc3d1266afcf8299ef696b082b5a7b2e6899f7a	campaign_b85f53253d0219787f3c0e40	cluster_f8f77b6f1000d07d65bd7492	1c65d55a3f94504c82df41cc8ccd6b1b559f10fa503dc503b3b8f7fdefd4ba32	reviewer_claude_opus_5|reviewer_kimi_k3|reviewer_qwen_3_7_max		13	two_of_three_exact_agreement	
eqgap_e986c6fc11ad822ea629fc7a	FLOPO_0981088	leaf lamina greyish green	EQ|PO_0020039|PATO_0104007	955fd90d5c9990ac3927d21370f7418ba8213ee01a663ce08f54a79ccc4cefe5	campaign_b85f53253d0219787f3c0e40	cluster_6e2abef2d7065a9eb5175d22	8a2ea06636d23304fb08a90e25c9011cbcaf80b31aabcdfaa226045fc0778ff2	reviewer_claude_opus_5|reviewer_kimi_k3|reviewer_qwen_3_7_max		5	two_of_three_exact_agreement	
eqgap_edf9ffbbc0ae43820f22d5e1	FLOPO_0981089	petal yellow green	EQ|PO_0009032|PATO_0001941	68cdeebb8aff3132bd7727a9949c620c13992f3d21dad7f869a9e7dcd855b667	campaign_b85f53253d0219787f3c0e40	cluster_f6c4030e356672190cb10bf6	4ef988b39b0b7d1927e9f4dd566f3e0f41bf22b6eb00aae657a611cb9f9d296e	reviewer_claude_opus_5|reviewer_kimi_k3|reviewer_qwen_3_7_max		24	two_of_three_exact_agreement	
eqgap_f3df0c235a649ec0b67df50d	FLOPO_0981090	sepal olive colour	EQ|PO_0009031|PATO_0104336	4bc1d4f8ce498af3eb32bc39c66e383ca3a5bb7b9e36080d854c02fd03d36ae9	campaign_b85f53253d0219787f3c0e40	cluster_f03d8f07a4666fd75c133d0c	cd12e9e6231d790c3081c088ba67e0ac97d134fade7f4c61059bab9b777511a8	reviewer_claude_opus_5|reviewer_kimi_k3|reviewer_qwen_3_7_max		3	two_of_three_exact_agreement	
eqgap_fcd152a38ab29bbd95d174f6	FLOPO_0981091	lamina greyish green	EQ|PO_0025060|PATO_0104007	4bff40d253b664d2e311fcea536f62e01798d1eff5191a2cadfef8c5f19d15e7	campaign_b85f53253d0219787f3c0e40	cluster_72b7d14a4cb4429587b5993c	6da0259a7c80e584dbd1fbe7c9afaea6dbaa84cbfd25ed3a0867198ee9431cfb	reviewer_claude_opus_5|reviewer_kimi_k3|reviewer_qwen_3_7_max		10	two_of_three_exact_agreement	
eqgap_90dd260ae5d9e491fe514cde	FLOPO_0981092	bract light red brown	EQ|PO_0009055|PATO_0001289	aea88595a8251064d99fc6ed4af3d929cb0f7d02eba5eeee53e8f71cff7e2793	campaign_b85f53253d0219787f3c0e40	cluster_38d2ce2ac1cae254f01a28ce	f4e299e9640b5b90d9520c83475e99b70c7e03ea19b91feee8a7c59d58357f1e	reviewer_claude_opus_5|reviewer_kimi_k3|reviewer_qwen_3_7_max		1	two_of_three_exact_agreement	curator 2026-09-18
eqgap_d3a1bbe7be106fa4936c429a	FLOPO_0981093	perianth greenish white	EQ|PO_0009058|PATO_0104067	3d12c627def1bb19150ef3402c7b6961083a100264b911e5a11ae5885d217624	campaign_b85f53253d0219787f3c0e40	cluster_be23abe372d9b0a1997e5731	022f9eefaae5fef375241b9a9de34eba0f092df7e7b1dd2137cafeb423a70dea	reviewer_claude_opus_5|reviewer_kimi_k3|reviewer_qwen_3_7_max		1	two_of_three_exact_agreement	curator 2026-09-18
