candidate_id	value_label	frequency	status	suggested_parent_pato_ids	suggested_parent_pato_labels	quality_contexts	examples	notes
FLOPO_VALUE_creamy	creamy	38	candidate	PATO_0000323|PATO_0000324	white|yellow	flower color (30)|corolla color (2)|bark color (2)|anther color (2)|stem color (1)	Acacia etbaica ssp. uncinata: creamy flowers || Aloe sp. aff. tomentosa: creamy flowers || Andrachne aspera: creamy flowers || Andrachne aspera var. glandulosa: creamy flowers	""
FLOPO_VALUE_greenish	greenish	24	candidate	PATO_0000320	green	flower color (22)|stem color (1)|petal color (1)	Alternanthera pungens: tiny greenish flowers || Amaranthus graecizans: greenish or pinkish flowers || Amaranthus spinosus: tiny greenish flowers || An erect slender narrow-leaved branching: tiny greenish flowers 2 mm wide	""
FLOPO_VALUE_reddish	reddish	21	candidate	PATO_0000322	red	flower color (5)|stem color (4)|leaf color (2)|fruit color (2)|calyx color (2)	Allophylus rubifolius: some of them reddish coloured || Ammannia baccifera: tiny round reddish fruits || Asphodelus refractus: a reddish line down the centre of each tepal || Asphodelus refractus: stems are reddish	""
FLOPO_VALUE_pale_lilac	pale lilac	18	candidate	PATO_0001943	lilac	flower color (18)	An erect bushy leafy shrublet: pale lilac flowers || An erect woody shrublet: pale lilac flowers || Aptosimum pumilum: pale lilac flowers || Astragalus tribuloides var. minutus: pale lilac flowers	""
FLOPO_VALUE_deep_yellow	deep yellow	13	candidate	PATO_0000324	yellow	flower color (11)|petal color (1)|anther color (1)	Abutilon figarianum: deep yellow flowers || Achillea biebersteinii: tiny deep yellow flowers || Argemone mexicana: deep yellow flowers || Biscutella didyma: deep yellow flowers	""
FLOPO_VALUE_greyish	greyish	13	candidate	PATO_0000950	grey	leaf color (9)|stem color (4)	An erect many-stemmed: downy greyish leaves || Bassia eriophora: small greyish leaves || Bupieriiy glosierifers: greyish leaves || Euphorbia schimperi: greyish stems	""
FLOPO_VALUE_grey_green	grey-green	12	candidate	PATO_0000950|PATO_0000320	grey|green	leaf color (8)|stem color (3)|whole plant color (1)	Achillea biebersteinii: feathery grey-green leaves || An erect bushy leafy shrublet: grey-green velvety leaves || Anthemis deserti: downy grey-green leaves || Caralluma edulis: grey-green stems	""
FLOPO_VALUE_rosy_lilac	rosy-lilac	12	candidate	PATO_0001425|PATO_0000954|PATO_0000322|PATO_0001943	rosy|pink|red|lilac	flower color (12)	An erect herb branching from the base with: deep rosy-lilac flowers || Astragalus abyssinicus ssp. abyssinicus: rosy-lilac || Commicarpus grandiflorus: rosy-lilac flowers || Dolichos trilobus: rosy-lilac flowers	""
FLOPO_VALUE_silvery	silvery	11	candidate	PATO_0000950	grey	leaf color (10)|stem color (1)	Argyrolobium confertum: silvery leaves || Astragalus schimperi: leaves are sometimes narrow and silvery || Astragalus trachoniticus: silvery leaves || Crotalaria quartiniana: silvery stems	""
FLOPO_VALUE_papery	papery	10	candidate	PATO_0000150	texture	bark texture (2)|flower texture (2)|bracteole texture (1)|petiole texture (1)|sepal texture (1)	Acacia ehrenbergiana: peeling papery bark || Achyranthes aspera var. sicula: pale green papery flowers || Callipeltis cucullaria: in papery bracteoles || Commiphora kataf: peeling papery bark	""
FLOPO_VALUE_yellowish	yellowish	10	candidate	PATO_0000324	yellow	flower color (6)|bark color (1)|fruit color (1)|stem color (1)|leaf color (1)	Acacia seyal: yellowish peeling bark || Alyssum linifolium: tiny yellowish ovate flat fruits || Euphorbia hirta: yellowish flowers || Heliotropium rariflorum: very brittle yellowish stems	""
FLOPO_VALUE_long_narrow	long narrow	10	candidate	PATO_0001154|PATO_0000599	elongated|decreased width	fruit shape (4)|leaf shape (4)|leaflet shape (1)|calyx shape (1)	Acacia seyal: long narrow pods || Ammannia baccifera: usually alternate long narrow leaves || Cyamopsis senegalensis: long narrow leaflets || Erucastrum arabicum: long narrow fruits	""
FLOPO_VALUE_greenish_yellow	greenish yellow	10	candidate	PATO_0000320|PATO_0000324	green|yellow	flower color (10)	Anagyris foetida: greenish yellow flowers || Cadaba farinosa: greenish yellow flowers || Commiphora sp. nov. aff. myrrha: greenish yellow inside || Gypsophila aff. antari: greenish yellow flowers	""
FLOPO_VALUE_pinkish	pinkish	9	candidate	PATO_0000954	pink	flower color (6)|bud color (1)|stamen color (1)|stem color (1)	Amaranthus graecizans: greenish or pinkish flowers || Dracaena serrulata: many tiny pinkish buds || Morettia canescens: pinkish flowers 2 cm wide || Phagnalon sp. aff. scalarum: pinkish flowers	""
FLOPO_VALUE_creamy_white	creamy-white	9	candidate	PATO_0000323|PATO_0000324	white|yellow	flower color (9)	Asystasia gangetica: creamy-white flowers 1.2 cm wide || Cordia sinensis: creamy-white flowers || Hippocrepis sp. aff. ciliata: creamy-white flowers || Hochstettera schimperi: creamy-white flowers	""
FLOPO_VALUE_terete	terete	9	candidate	PATO_0000052	shape	leaf shape (9)	Cyperus conglomeratus: stiff terete leaves || Eleocharis marginulata: terete leaves || Eleocharis sp. aff. atropurpurea: terete leaves || Linaria haelava: terete leaves	""
FLOPO_VALUE_purplish	purplish	7	candidate	PATO_0000951	purple	flower color (3)|fruit color (3)|stem color (1)	Allium pseudocalyptratum: small purplish flowers || Bupleurum gerardii: purplish fleshy flowers || Dodonaea viscosa: green and purplish flowers || Euphorbia inarticulata: small purplish erect fruits	""
FLOPO_VALUE_pale_greenish	pale greenish	7	candidate	PATO_0000320	green	flower color (7)	An erect slender-stemmed branching leafy: pale greenish flowers || Cissus rotundifolius: pale greenish flowers || Dichrocephala chrysanthemifolia: pale greenish flowers || Pentatropis spiralis: pale greenish flowers	""
FLOPO_VALUE_succulent	succulent	7	candidate	PATO_0002351	fleshy	leaf texture (4)|stem texture (1)|fruit texture (1)|flower texture (1)	Beta vulgaris: succulent stems || Nitraria retusa: cylindrical succulent red fruits || Suaeda aegyptiaca: small cylindrical succulent leaves || Suaeda pruinosa: succulent greenish flowers 2 mm wide	""
FLOPO_VALUE_blue_green	blue-green	7	candidate	PATO_0000318|PATO_0000320	blue|green	leaf color (6)|flower color (1)	Ecbolium gymnostachyum: blue-green flowers 2 cm wide || Euphorbia retusa: blue-green leaves || Heliotropium curassavicum: blue-green glaucous leaves || Pancratium sickenbergeri: blue-green strapshaped leaves	""
FLOPO_VALUE_pure_white	pure white	6	candidate	PATO_0000323	white	flower color (6)	Acacia abyssinica: pure white flowers || Barleria sp. aff. parviflora: pure white flowers || Crossandra wissmannii: opening pure white || Iris albicans: pure white flowers	""
FLOPO_VALUE_several_metres	several metres	6	needs_manual_parent			stem length (6)	Clematis simensis: stems several metres long || Dalechampia scandens var. cordofana: stems to several metres long || Lablab purpureus: stems several metres long || Macrotyloma axillare var. axillare: stems several metres long	""
FLOPO_VALUE_scarlet	scarlet	6	candidate	PATO_0000322	red	flower color (4)|anther color (1)|leaf color (1)	Indigofera hochstetteri: scarlet flowers || Indigofera sp. aff. trita: scarlet flowers || Lotus corniculatus: flushed with scarlet || Papaver dubium sensu lato: scarlet flowers 4 cm wide	""
FLOPO_VALUE_crimson	crimson	6	candidate	PATO_0000322	red	flower color (2)|leaf color (1)|anther color (1)|petal color (1)|filament color (1)	Kalanchoe sp. aff. glaucescens: green leaves edged with crimson || Myrsine africana: tiny crowded crimson bud-like flowers 1 mm wide || Salsola volkensii: flowers reduced to crimson anthers || Tapinanthus globiferus: aging crimson	""
FLOPO_VALUE_palmate	palmate	5	candidate	PATO_0000052	shape	leaf shape (5)	Althaea ludwigii: deeply lobed palmate leaves || Cienfuegosia welshii: dark green palmate leaves || Corallocarpus epigeus: deeply lobed palmate leaves || Croton lobatus: large deeply lobed palmate leaves	""
FLOPO_VALUE_deep_rosy_lilac	deep rosy-lilac	5	candidate	PATO_0001943|PATO_0001425|PATO_0000954|PATO_0000322	lilac|rosy|pink|red	flower color (5)	An erect herb branching from the base with: deep rosy-lilac flowers || Endostemon gracile: deep rosy-lilac flowers || Endostemon tenuiflorus: deep rosy-lilac flowers || Fagonia glutinosa: deep rosy-lilac flowers	""
FLOPO_VALUE_bright_scarlet	bright scarlet	5	candidate	PATO_0000322	red	flower color (3)|fruit color (2)	An erect woody shrublet: bright scarlet fruits || Euphorbia sp. aff. ammak: bright scarlet fruits || Indigofera arabica: bright scarlet flowers || Plicosepalus acaciae: aging bright scarlet	""
FLOPO_VALUE_flushed_with_pink	flushed with pink	5	candidate	PATO_0000954	pink	flower color (4)|petal color (1)	Astragalus spinosus: occasionally flushed with pink || Convolvulus arvensis: flushed with pink || Jasminum grandiflorum var. floribundum: flushed with pink behind the petals || Lonicera etrusca: flushed with pink	""
FLOPO_VALUE_deep_lilac	deep lilac	5	candidate	PATO_0001943	lilac	flower color (4)|bract color (1)	Astragalus vogelii: deep lilac flowers || Cakile arabica: deep lilac flowers || Horwoodia dicksoniae: deep lilac flowers wide || Lavandula dentata: deep lilac bracts	""
FLOPO_VALUE_heart_shaped	heart-shaped	5	needs_manual_parent			leaf shape (5)	Ceropegia devecchii: heart-shaped leaves || Ipomoea sinensis ssp. blepharosepala: narrow heart-shaped leaves || Odontanthera radians: large heart-shaped dark green downy leaves || Pentatropis spiralis: narrow heart-shaped leaves	""
FLOPO_VALUE_bluish	bluish	5	candidate	PATO_0000318	blue	leaf color (3)|stamen color (1)|banner petal color (1)	Chrozophora tinctoria: bluish leaves || Hochstettera schimperi: prominent bluish stamens || Macrotyloma axillare var. axillare: standard with a bluish blotch || Nitraria retusa: leathery bluish leaves	""
FLOPO_VALUE_lilac_blue	lilac-blue	5	candidate	PATO_0001943|PATO_0000318	lilac|blue	flower color (5)	Echium longifolium: age lilac-blue || Ixiolirion tataricum: tubular lilac-blue flowers || Nepeta deflersiana: lilac-blue flowers || Plectranthus tenuiflorus: lilac-blue flowers	""
FLOPO_VALUE_cream	cream	4	candidate	PATO_0000323|PATO_0000324	white|yellow	flower color (3)|corolla color (1)	Acacia asak: white, cream, or yellow flowers || Ceropegia superba: corolla cream || Daphne linearifolia: cream or white flowers || Prosopis farcta: cream flowers	""
FLOPO_VALUE_leathery	leathery	4	candidate	PATO_0000150	texture	leaf texture (4)	Capparis cartilaginea: thick leathery leaves || Nitraria retusa: leathery bluish leaves || Plicosepalus acaciae: oval leathery leaves || Solenostemma oleifolium: leathery bluish leaves	""
FLOPO_VALUE_deep_crimson	deep crimson	4	candidate	PATO_0000322	red	flower color (4)	Caralluma shadhbana var. barhana: deep crimson glabrous flowers || Paracaryum cf. rugulosum: deep crimson flowers || Scrophularia hypericifolia: deep crimson and white flowers || Teucrium yemense: deep crimson flowers	""
FLOPO_VALUE_pale_cream	pale cream	4	candidate	PATO_0000323|PATO_0000324	white|yellow	flower color (3)|corm color (1)	Ceropegia sp. aff. arabica: pale cream flowers || Commiphora sp. aff. erythraea: pale cream flowers || Eulophia petersii: Large pale cream crowded pseudobulbs || Heliotropium arbainense: pale cream flowers 5 mm wide	""
FLOPO_VALUE_pendent	pendent	4	candidate	PATO_0000133	orientation	fruit orientation (2)|fruit position (2)	Datura fastuosa: pale green warty pendent fruits || Datura innoxia: very spiny pendent fruits || Ipomoea sinensis ssp. blepharosepala: Pendent fruits || Limeum arabicum: Pendent fruits enclosed within the calyx	""
FLOPO_VALUE_pale_scarlet	pale scarlet	4	candidate	PATO_0000322	red	flower color (4)	Indigofera articulata: pale scarlet flowers || Indigofera spinosa: pale scarlet flowers || Indigofera tritoides: pale scarlet flowers || Papaver dubium: pale scarlet flowers	""
FLOPO_VALUE_soft_spiny	soft-spiny	4	candidate	PATO_0000387|PATO_0001365	soft|spiny	fruit texture (1)|involucre texture (1)|stipule texture (1)|flower texture (1)	Medicago minima: soft-spiny fruits || Rhanterium eppaposum: soft-spiny involucre || Sida spinosa: small soft-spiny stipules || Tarchonanthus camphoratus: soft-spiny pale yellow flowers	""
FLOPO_VALUE_bud_like	bud-like	3	needs_manual_parent			flower shape (3)	Acantholepis orientalis: fawn bud-like flowers || Artemisia abyssinica: brown bud-like flowers || Chenopodium ambrosioides: bud-like flowers	""
FLOPO_VALUE_pale_bluish_lilac	pale bluish lilac	3	candidate	PATO_0000318|PATO_0001943	blue|lilac	flower color (3)	Achillea biebersteinii: pale bluish lilac flowers || Convolvulus hystrix: pale bluish lilac flowers || Orobanche ramosa: pale bluish lilac flowers	""
FLOPO_VALUE_feathery	feathery	3	candidate	PATO_0000150	texture	leaf texture (2)|leaf shape (1)	Achillea biebersteinii: feathery grey-green leaves || Artemisia abyssinica: with feathery leaves || Asemi-prostrate densely leafy herb with stems: very feathery	""
FLOPO_VALUE_deeply_lobed_palmate	deeply lobed palmate	3	candidate	PATO_0001979|PATO_0000052	lobed|shape	leaf shape (3)	Althaea ludwigii: deeply lobed palmate leaves || Corallocarpus epigeus: deeply lobed palmate leaves || Croton lobatus: large deeply lobed palmate leaves	""
FLOPO_VALUE_velvety	velvety	3	candidate	PATO_0000150	texture	leaf texture (2)|calyx texture (1)	An erect bushy leafy shrublet: grey-green velvety leaves || Chorispora purpurascens: velvety lobed leaves || Leucas inflata: inflated velvety calyx	""
FLOPO_VALUE_pale_pinkish_lilac	pale pinkish lilac	3	candidate	PATO_0000954|PATO_0001943	pink|lilac	flower color (3)	Androsace maxima: large pale pinkish lilac flowers || Valerianella dufresnia: pale pinkish lilac flowers || Valerianella szovitsiana: pale pinkish lilac flowers	""
FLOPO_VALUE_very_slender	very slender	3	candidate	PATO_0000592	decreased thickness	stem decreased thickness (2)|leaf decreased thickness (1)	Argyrolobium sp. aff. arabicum: very slender-stemmed || Juncus bufonius: very slender leaves || Silene linearis: very slender-stemmed	""
FLOPO_VALUE_blackish	blackish	3	candidate	PATO_0000317	black	calyx color (1)|flower color (1)|anther color (1)	Astragalus trachoniticus: hairy blackish calyx || Pycreus sanguinolentus: blackish flowers || Trachyspermum ammi: blackish anthers	""
FLOPO_VALUE_deep_magenta	deep magenta	3	candidate	PATO_0000321	magenta	flower color (3)	Boerhavia coccinea: deep magenta flowers || Digera muricata: deep magenta flowers || Erodium glaucophyllum: deep magenta flowers	""
FLOPO_VALUE_deeply_lobed	deeply lobed	3	candidate	PATO_0001979	lobed	leaf lobed (2)|leaf shape (1)	Cakile arabica: deeply lobed leaves || Conyza stricta: deeply lobed leaves || Senecio glaucus: slender deeply lobed leaves	""
FLOPO_VALUE_brownish	brownish	3	candidate	PATO_0000952	brown	leaf color (2)|flower color (1)	Dichrostachys cinerea: brownish female flowers || Potamogeton pectinatus: narrow brownish wavy-edged leaves || Potamogeton pusillus: narrow brownish leaves	""
FLOPO_VALUE_rose_pink	rose-pink	3	candidate	PATO_0000954|PATO_0000322	pink|red	flower color (3)	Dichrostachys cinerea: rose-pink male flowers || Erodium crassifolium: rose-pink flowers || Lotus lanuginosus: rose-pink flowers	""
FLOPO_VALUE_pale_pinkish	pale pinkish	3	candidate	PATO_0000954	pink	flower color (3)	Endostemon gracile: pale pinkish flowers || Malva verticillata: pale pinkish flowers || Pavonia arabica: pale pinkish flowers	""
FLOPO_VALUE_deep_lilac_blue	deep lilac-blue	3	candidate	PATO_0000318|PATO_0001943	blue|lilac	flower color (3)	Globularia arabica: deep lilac-blue scabious-like flowers || Gynandiris sisyrinchium: deep lilac-blue flowers 5.5 cm wide || Teucrium oliverianum: deep lilac-blue flowers	""
FLOPO_VALUE_pale_greenish_yellow	pale greenish yellow	3	candidate	PATO_0000320|PATO_0000324	green|yellow	flower color (3)	Gomphocarpus fruticosus: pale greenish yellow flowers || Jatropha pelargoniifolia: pale greenish yellow flowers || Pergularia daemia: pale greenish yellow flowers	""
FLOPO_VALUE_narrow_cylindrical	narrow cylindrical	3	candidate	PATO_0000599|PATO_0001873	decreased width|cylindrical	fruit shape (3)	Indigofera phillipsiae: narrow cylindrical fruits || Indigofera sessiliflora: narrow cylindrical pods || Moricandia sinaica: narrow cylindrical fruits	""
FLOPO_VALUE_darker	darker	3	needs_manual_parent			flower color (1)|petal color (1)|vascular bundle color (1)	Ipomoea eriocarpa: with darker centre || Matthiola longipetala: the back of the petals darker || Taverniera aegyptiaca: with darker veins	""
FLOPO_VALUE_pinkish_lilac	pinkish lilac	3	candidate	PATO_0000954|PATO_0001943	pink|lilac	flower color (3)	Ipomoea sinensis ssp. blepharosepala: pinkish lilac flowers || Moricandia sinaica: pinkish lilac flowers || Pisum sativum: pinkish lilac flowers	""
FLOPO_VALUE_sometimes	sometimes	3	needs_manual_parent			leaf lobed (3)	Kalanchoe citrina: sometimes lobed || Valerianella dufresnia: the leaves sometimes lobed || Valerianella szovitsiana: leaves sometimes lobed	""
FLOPO_VALUE_orange_yellow	orange-yellow	3	candidate	PATO_0000953|PATO_0000324	orange|yellow	flower color (3)	Kalanchoe crenata: orange-yellow flowers || Lindenbergia sinaica: orange-yellow flowers || Sida ovata: orange-yellow flowers	""
FLOPO_VALUE_slightly	slightly	3	needs_manual_parent			flower hairy (1)|leaf lobed (1)|stem hairy (1)	Orobanche oxyloba var. oxyloba: flowers slightly hairy || Pavonia patens: slightly lobed dentate leaves || Rubus cf. canescens: slightly hairy stems	""
FLOPO_VALUE_purplish_brown	purplish-brown	2	candidate	PATO_0000951|PATO_0000952	purple|brown	fruit color (1)|flower color (1)	Acacia asak: Flat purplish-brown pods || Holothrix arachnoidea: many purplish-brown flowers	""
FLOPO_VALUE_many	many	2	needs_manual_parent			stem count (1)|whole plant branched (1)	Acacia asak: many-trunked || Eruca sativa: A many-branched herb	""
FLOPO_VALUE_creamy_yellow	creamy-yellow	2	candidate	PATO_0000323|PATO_0000324	white|yellow	flower color (2)	Acacia etbaica ssp. uncinata: creamy-yellow flowers || Hippocrepis constricta: creamy-yellow flowers	""
FLOPO_VALUE_very_wide	very wide	2	candidate	PATO_0000600	increased width	fruit width (2)	Acacia hamulosa: pods very wide and slightly twisted || Dalechampia scandens var. cordofana: fruits cupped in 8 mm very wide	""
FLOPO_VALUE_white_flushed_pink	white flushed pink	2	candidate	PATO_0000323|PATO_0000954	white|pink	flower color (2)	Acacia mellifera: white flowers flushed pink || Euphorbia granulata var. glabrata: white flowers flushed pink	""
FLOPO_VALUE_peeling	peeling	2	needs_manual_parent			bark texture (2)	Acacia seyal: yellowish peeling bark || Commiphora kataf: peeling papery bark	""
FLOPO_VALUE_very	very	2	needs_manual_parent			whole plant aromatic (1)|fruit bitter (1)	Achillea biebersteinii: very aromatic || Although most members: The very bitter C. colocynthis	""
FLOPO_VALUE_pinkish_white	pinkish white	2	candidate	PATO_0000954|PATO_0000323	pink|white	flower color (2)	Acokanthera schimperi: pinkish white flowers || Polygonum aviculare: pinkish white flowers	""
FLOPO_VALUE_almost_circular	almost circular	2	candidate	PATO_0000411	circular	leaf shape (1)|fruit shape (1)	Aerva lanata: almost circular leaves || Farsetia aegyptia: flat, almost re circular, soft-hairy fruits	""
FLOPO_VALUE_pinkish_fawn	pinkish fawn	2	candidate	PATO_0000954|PATO_0000952|PATO_0000324	pink|brown|yellow	flower color (2)	Allium sindjarense: pinkish fawn flowers || Allium stamineum: pinkish fawn flowers	""
FLOPO_VALUE_rosylilac	rosylilac	2	needs_manual_parent			flower color (2)	Ammannia auriculata: bright rosylilac flowers || Commicarpus sinuatus: rosylilac flowers	""
FLOPO_VALUE_white_flushed_with_pink	white flushed with pink	2	candidate	PATO_0000323|PATO_0000954	white|pink	flower color (2)	Amygdalus arabica: white flowers flushed with pink || Biserrula pelecinus: white flowers flushed with pink	""
FLOPO_VALUE_narrow_dentate	narrow dentate	2	candidate	PATO_0000599|PATO_0001205	decreased width|dentated	leaf shape (2)	Amygdalus arabica: narrow dentate leaves || Sida spinosa: narrow dentate leaves	""
FLOPO_VALUE_downy	downy	2	needs_manual_parent			leaf texture (2)	An erect many-stemmed: downy greyish leaves || Anthemis deserti: downy grey-green leaves	""
FLOPO_VALUE_deep_blue	deep blue	2	candidate	PATO_0000318	blue	flower color (2)	Anchusa affinis: brilliant deep blue flowers || Paracaryum intermedium: deep blue flowers 3 mm wide with white centre	""
FLOPO_VALUE_not_seen	not seen	2	needs_manual_parent			flower count (2)	Arthrocnemum macrostachyum: flowers not seen || Salsola baryosma: flowers not seen	""
FLOPO_VALUE_relatively_large	relatively large	2	candidate	PATO_0000586	increased size	leaf size (1)|fruit size (1)	Astragalus schimperi: relatively large coarse leaves || Duvalia velutina: relatively large soft-spiny fruits	""
FLOPO_VALUE_upward_curving	upward-curving	2	needs_manual_parent			fruit curvature (1)|stem curvature (1)	Astragalus tribuloides sensu lato: upward-curving pods || Hyoscyamus pusillus: upward-curving stems	""
FLOPO_VALUE_fat	fat	2	needs_manual_parent			flower shape (1)|fruit hairy (1)	Atractylis cancellata: fat spherical flowers || Cicer cuneatum: fat hairy pods	""
FLOPO_VALUE_flat_sided	flat-sided	2	candidate	PATO_0000407	flat	fruit shape (2)	Avicennia marina: flat-sided mangoshaped fruits || Rhus tripartita: bright red, shiny, flat-sided fruits	""
FLOPO_VALUE_greenish_white	greenish white	2	candidate	PATO_0000320|PATO_0000323	green|white	flower color (2)	Bellevalia flexuosa: greenish white tubular flowers || Solenostemma oleifolium: greenish white flowers	""
FLOPO_VALUE_grass_like	grass-like	2	needs_manual_parent			leaf shape (2)	Bupleurum gerardii: simple grass-like leaves || Tragopogon dubius: long grass-like leaves	""
FLOPO_VALUE_deeply	deeply	2	needs_manual_parent			leaf lobed (2)	Cakile arabica: deeply lobed leaves || Conyza stricta: deeply lobed leaves	""
FLOPO_VALUE_deep_violet_blue	deep violet-blue	2	candidate	PATO_0000318|PATO_0001424	blue|violet	flower color (2)	Campanula dulcis: deep violet-blue flowers || Campanula edulis: deep violet-blue flowers	""
FLOPO_VALUE_pale_blue_lilac	pale blue-lilac	2	candidate	PATO_0001266|PATO_0001943|PATO_0000318	desaturated blue|lilac|blue	flower color (2)	Campanula dulcis: pale blue-lilac flowers || Lavandula dentata: pale blue-lilac flowers	""
FLOPO_VALUE_light_scarlet	light scarlet	2	candidate	PATO_0000322	red	flower color (2)	Capparis decidua: light scarlet flowers 3 cm wide || Indigofera oblongifolia: light scarlet flowers	""
FLOPO_VALUE_mahogany_red	mahogany-red	2	candidate	PATO_0000322	red	flower color (2)	Caralluma commutata: flat shallow mahogany-red flowers || Caralluma sp. aff. commutata: mahogany-red flowers	""
FLOPO_VALUE_green_and_grey_mottled	green and grey mottled	2	candidate	PATO_0000320|PATO_0000950|PATO_0002274	green|grey|mottled	stem color (2)	Caralluma commutata: green and grey mottled stems || Caralluma sp. aff. commutata: green and grey mottled stems	""
FLOPO_VALUE_deep_orange	deep orange	2	candidate	PATO_0000953	orange	anther color (1)|stem color (1)	Caylusea hexagyna: deep orange anthers || Grewia villosa: deep orange- and young stems	""
FLOPO_VALUE_narrow_lobed	narrow lobed	2	candidate	PATO_0000599|PATO_0001979	decreased width|lobed	leaf shape (2)	Centaurea ammocyanus: narrow lobed grey leaves || Hyoscyamus pusillus: with narrow lobed leaves	""
FLOPO_VALUE_spotted_with_crimson	spotted with crimson	2	candidate	PATO_0000333|PATO_0000322	spotted|red	fruit color (1)|petal color (1)	Cienfuegosia welshii: also spotted with crimson || Cienfuegosia welshii: the petals spotted with crimson	""
FLOPO_VALUE_lemon_yellow	lemon-yellow	2	candidate	PATO_0000324	yellow	flower color (1)|bud color (1)	Cleome brachycarpa: lemon-yellow flowers || Echinops glaberrimus: leaves and buds are lemon-yellow	""
FLOPO_VALUE_very_pale_blue	very pale blue	2	candidate	PATO_0000318	blue	flower color (2)	Commelina albescens: very pale blue flowers || Echinops viscosus: very pale blue flowers	""
FLOPO_VALUE_larger	larger	2	needs_manual_parent			leaflet size (2)	Commiphora kataf: the centre leaflet much larger || Commiphora myrrha: centre leaflet often larger	""
FLOPO_VALUE_bright_magenta_pink	bright magenta-pink	2	candidate	PATO_0001275|PATO_0000954|PATO_0000321	saturated magenta|pink|magenta	flower color (2)	Corbichonia decumbens: bright magenta-pink flowers || Tephrosia purpurea ssp. leptostachya var. leptostachya: bright magenta-pink flowers	""
FLOPO_VALUE_reddish_purple	reddish-purple	2	candidate	PATO_0000322|PATO_0000951	red|purple	fruit color (2)	Cotoneaster racemiflora: small reddish-purple fruits || Terminalia brownii: Reddish-purple fruits	""
FLOPO_VALUE_several	several	2	needs_manual_parent			stem length (2)	Dalechampia scandens var. cordofana: stems to several metres long || Rhoicissus revoillii: stems several metres long	""
FLOPO_VALUE_trumpet	trumpet	2	needs_manual_parent			flower shape (2)	Datura innoxia: white trumpet flowers || Datura stramonium: white trumpet flowers	""
FLOPO_VALUE_three_angled	three-angled	2	candidate	PATO_0000617	bent	fruit shape (2)	Drimia maritima: the three-angled fruits || Euphorbia heterophylla: three-angled fruits	""
FLOPO_VALUE_deep_rosy_pink	deep rosy-pink	2	candidate	PATO_0000954|PATO_0001425|PATO_0000322	pink|rosy|red	flower color (2)	Epilobium hirsutum: deep rosy-pink flowers || Tamarix aucheriana: deep rosy-pink flowers	""
FLOPO_VALUE_green_and_brown	green and brown	2	candidate	PATO_0000320|PATO_0000952	green|brown	sepal color (1)|petal color (1)	Eulophia petersii: sepals and petals geen and brown || Eulophia petersii: sepals and petals geen and brown	""
FLOPO_VALUE_rolled_back_at_the_tip	rolled back at the tip	2	candidate	PATO_0001901	back	sepal shape (1)|petal shape (1)	Eulophia petersii: rolled back at the tip || Eulophia petersii: rolled back at the tip	""
FLOPO_VALUE_apricot_yellow	apricot-yellow	2	candidate	PATO_0000324	yellow	flower color (2)	Euphorbia schimperi: apricot-yellow flowers || Rhynchosia malacophylla vergensad R. minima: apricot-yellow flowers	""
FLOPO_VALUE_deep_purple	deep purple	2	candidate	PATO_0000951	purple	fruit color (1)|flower color (1)	Ficus carica: small deep purple ripe fruits || Roemeria hybrida: deep purple flowers	""
FLOPO_VALUE_fairly_large	fairly large	2	candidate	PATO_0000586	increased size	leaf size (2)	Ficus carica: fairly large dentate leaves || Hibiscus sp. aff. aponeurus: fairly large downy leaves	""
FLOPO_VALUE_deep_purplish_red	deep purplish red	2	candidate	PATO_0000951|PATO_0000322	purple|red	flower color (2)	Hibiscus trionum: creamy flowers 2.6 cm wide with deep purplish red centre || Sida ovata: deep purplish red flowers	""
FLOPO_VALUE_slightly_curved	slightly curved	2	candidate	PATO_0000406	curved	fruit shape (1)|fruit curvature (1)	Hippocrepis constricta: slightly curved pods || Hippocrepis sp. aff. ciliata: slightly curved pods	""
FLOPO_VALUE_very_large	very large	2	candidate	PATO_0000586	increased size	calyx size (1)|leaf size (1)	Hyoscyamus pusillus: cupped in a very large calyx || Senecio hadiensis: very large glabrous leaves	""
FLOPO_VALUE_smaller	smaller	2	needs_manual_parent			calyx size (1)|leaf size (1)	Hyoscyamus pusillus: smaller calyx || Solanum villosum: smaller dentate leaves	""
FLOPO_VALUE_finely	finely	2	needs_manual_parent			leaf split (2)	Hypecoum cf. geslinii: finely divided leaves || Ranunculus trichophyllus: finely divided leaves	""
FLOPO_VALUE_flower_like	flower-like	2	needs_manual_parent			calyx shape (1)|calyx red (1)	Ipomoea eriocarpa: cupped in a flower-like calyx || Ochna inermis: red flower-like calyces	""
FLOPO_VALUE_narrow_flat	narrow flat	2	candidate	PATO_0000599|PATO_0000407	decreased width|flat	leaf shape (2)	Linaria haelava: narrow flat leaves || Linaria simplex: narrow flat leaves	""
FLOPO_VALUE_golden	golden	2	candidate	PATO_0000324	yellow	flower color (1)|leaf color (1)	Lonicera etrusca: turning golden || Plectranthus arabicus: that dry a golden colour	""
FLOPO_VALUE_pale_lilac_and_white	pale lilac and white	2	candidate	PATO_0001943|PATO_0000323	lilac|white	flower color (2)	Malcolmia chia: pale lilac and white flowers || Scutellaria arabica: pale lilac and white flowers	""
FLOPO_VALUE_almost_round	almost round	2	candidate	PATO_0000411	circular	leaf shape (2)	Mesembryanthemum nodiflorum: small almost round leaves || Senecio flavus: almost round dentate leaves	""
FLOPO_VALUE_white_flushed_with_lilac	white flushed with lilac	2	candidate	PATO_0000323|PATO_0001943	white|lilac	flower color (2)	Misopates orontium: white flowers flushed with lilac || Silene sp. aff. burchellii: white flowers flushed with lilac	""
FLOPO_VALUE_parsley_like	parsley-like	2	needs_manual_parent			leaf shape (2)	Pimpinella cf. schweinfurthii: parsley-like leaves || Torilis arvensis: parsley-like leaves	""
FLOPO_VALUE_greenish_yellow	greenish-yellow	2	candidate	PATO_0000320|PATO_0000324	green|yellow	flower color (2)	Rhus tripartita: greenish-yellow flowers || Suaeda aegyptiaca: greenish-yellow flowers	""
FLOPO_VALUE_pink_and_red	pink and red	2	candidate	PATO_0000954|PATO_0000322	pink|red	sepal color (1)|fruit color (1)	Rumex vesicarius: pink and red sepals || Salvadora persica: juicy pink and red edible berries	""
FLOPO_VALUE_banded_and_tessellated_yellow_and_blue_green	banded and tessellated yellow and blue-green	2	candidate	PATO_0001946|PATO_0000324|PATO_0000318|PATO_0000320	banded|yellow|blue|green	leaf color (1)|leaf color pattern (1)	Sansevieria abyssinica: banded and tessellated yellow and blue-green || Sansevieria abyssinica: banded and tessellated yellow and blue-green	""
FLOPO_VALUE_flat_oval	flat oval	2	candidate	PATO_0000407|PATO_0000947	flat|elliptic	fruit shape (2)	Savignya parviflora: flat oval fruits || Taverniera lappacea: flat oval stiff-hairy pods	""
FLOPO_VALUE_glaucous_blue_green	glaucous blue-green	2	candidate	PATO_0000320|PATO_0000014|PATO_0000318	green|color|blue	leaf color (2)	Silene macrosolen: glaucous blue-green leaves || Silene schimperiana: glaucous blue-green leaves	""
FLOPO_VALUE_slender_cylindrical	slender cylindrical	2	candidate	PATO_0000592|PATO_0001873	decreased thickness|cylindrical	fruit shape (2)	Torularia torulosa: slender cylindrical fruits || Torularia torulosa: slender cylindrical fruits which corkscrew	""
FLOPO_VALUE_long_straight	long straight	1	candidate	PATO_0001154|PATO_0002180	elongated|straight	fruit shape (1)	Acacia abyssinica: long straight pods	""
FLOPO_VALUE_golden_yellow	golden-yellow	1	candidate	PATO_0000324	yellow	fruit color (1)	Acacia asak: fleshy golden-yellow pods	""
FLOPO_VALUE_slightly_twisted	slightly twisted	1	candidate	PATO_0001798	kinked	fruit shape (1)	Acacia asak: slightly twisted	""
FLOPO_VALUE_white_cream_or_yellow	white, cream, or yellow	1	candidate	PATO_0000323|PATO_0000324	white|yellow	flower color (1)	Acacia asak: white, cream, or yellow flowers	""
FLOPO_VALUE_single	single	1	needs_manual_parent			stem count (1)	Acacia asak: single trunked	""
FLOPO_VALUE_peeling_papery	peeling papery	1	candidate	PATO_0000150	texture	bark texture (1)	Acacia ehrenbergiana: peeling papery bark	""
FLOPO_VALUE_medium_sized	medium-sized	1	needs_manual_parent			fruit size (1)	Acacia nubica: medium-sized straight pods	""
FLOPO_VALUE_slightly_blue_green	slightly blue-green	1	candidate	PATO_0000320|PATO_0000318	green|blue	leaf color (1)	Acacia nubica: slightly blue-green leaves	""
FLOPO_VALUE_fawn	fawn	1	candidate	PATO_0000952|PATO_0000324	brown|yellow	flower color (1)	Acantholepis orientalis: fawn bud-like flowers	""
FLOPO_VALUE_faintly	faintly	1	needs_manual_parent			whole plant aromatic (1)	Achillea biebersteinii: faintly aromatic	""
FLOPO_VALUE_glossy_orange	glossy orange	1	candidate	PATO_0001373|PATO_0000953	glistening|orange	flower color (1)	Adonis dentata: glossy orange flowers	""
FLOPO_VALUE_dying_fawn	dying fawn	1	candidate	PATO_0000952|PATO_0000324	brown|yellow	flower color (1)	Ajuga chamaepitys ssp. tridactylites: dying fawn flowers 6 mm long	""
FLOPO_VALUE_green_and_white	green and white	1	candidate	PATO_0000320|PATO_0000323	green|white	flower color (1)	Allium sinaiticum: small green and white flowers	""
FLOPO_VALUE_deep_pinkish_red	deep pinkish red	1	candidate	PATO_0000954|PATO_0000322	pink|red	flower color (1)	Aloe sheilae: deep pinkish red flowers	""
FLOPO_VALUE_orange_red	orange-red	1	candidate	PATO_0000953|PATO_0000322	orange|red	flower color (1)	Aloe vacillans: orange-red flowers	""
FLOPO_VALUE_red_or_yellow	red or yellow	1	candidate	PATO_0000322|PATO_0000324	red|yellow	flower color (1)	Aloe vera: red or yellow flowers	""
FLOPO_VALUE_yellowish_green	yellowish-green	1	candidate	PATO_0000324|PATO_0000320	yellow|green	leaf color (1)	Alternanthera pungens: thick yellowish-green leaves	""
FLOPO_VALUE_greenish_cream	greenish cream	1	candidate	PATO_0000320|PATO_0000323|PATO_0000324	green|white|yellow	flower color (1)	Although not many species of this family: greenish cream flowers	""
FLOPO_VALUE_greenish_or_pinkish	greenish or pinkish	1	candidate	PATO_0000320|PATO_0000954	green|pink	flower color (1)	Amaranthus graecizans: greenish or pinkish flowers	""
FLOPO_VALUE_bristly	bristly	1	candidate	PATO_0000150	texture	trichome texture (1)	Amaranthus hybridus: short bristly hairs	""
FLOPO_VALUE_pale_yellowish	pale yellowish	1	candidate	PATO_0000324	yellow	flower color (1)	Ambrosia maritima: pale yellowish flowers	""
FLOPO_VALUE_bright_rosylilac	bright rosylilac	1	needs_manual_parent			flower color (1)	Ammannia auriculata: bright rosylilac flowers	""
FLOPO_VALUE_very_red	very red	1	candidate	PATO_0000322	red	root color (1)	An erect bushy herb: Very red root	""
FLOPO_VALUE_apricot_yellow_with_deep_crimson_centre	apricot-yellow with deep crimson centre	1	candidate	PATO_0000322|PATO_0000324	red|yellow	flower color (1)	An erect many-stemmed: apricot-yellow with deep crimson centre	""
FLOPO_VALUE_faint_sour	faint sour	1	needs_manual_parent			flower odor (1)	An erect woody shrublet: faint sour smell	""
FLOPO_VALUE_brilliant_deep_blue	brilliant deep blue	1	candidate	PATO_0000318	blue	flower color (1)	Anchusa affinis: brilliant deep blue flowers	""
FLOPO_VALUE_pale_rose_pink	pale rose-pink	1	candidate	PATO_0000954|PATO_0000322	pink|red	flower color (1)	Anchusa milleri: pale rose-pink flowers 5 mm wide	""
FLOPO_VALUE_deep_green	deep green	1	candidate	PATO_0000320	green	leaf color (1)	Andrachne telephioides: deep green orbicular leaves	""
FLOPO_VALUE_mauve	mauve	1	needs_manual_parent			filament color (1)	Anisosciadium lanatum: mauve filaments	""
FLOPO_VALUE_lilac_or_deep_blue	lilac or deep blue	1	candidate	PATO_0001943|PATO_0000318	lilac|blue	flower color (1)	Anticharis glandulosa: lilac or deep blue flowers	""
FLOPO_VALUE_deep_lilac_purple	deep lilac purple	1	candidate	PATO_0001943|PATO_0000951	lilac|purple	flower color (1)	Anticharis linearis: tubular deep lilac purple flowers	""
FLOPO_VALUE_greenish_golden	greenish golden	1	candidate	PATO_0000320|PATO_0000324	green|yellow	flower color (1)	Argyrolobium sp. aff. arabicum: greenish golden flowers	""
FLOPO_VALUE_sour	sour	1	needs_manual_parent			flower odor (1)	Aristolochia bracteolata: sour smell	""
FLOPO_VALUE_arching	arching	1	needs_manual_parent			stem shape (1)	Arnebia decumbens: arching stems	""
FLOPO_VALUE_upper_ones_tiny	upper ones tiny	1	candidate	PATO_0000587	decreased size	leaf size (1)	Artemisia abyssinica: the upper ones tiny	""
FLOPO_VALUE_bright_dark_green	bright dark green	1	candidate	PATO_0000320	green	leaf color (1)	Asemi-prostrate densely leafy herb with stems: bright dark green	""
FLOPO_VALUE_very_feathery	very feathery	1	candidate	PATO_0000150	texture	leaf texture (1)	Asemi-prostrate densely leafy herb with stems: very feathery	""
FLOPO_VALUE_reddish_line	reddish line	1	candidate	PATO_0000322	red	tepal color (1)	Asphodelus refractus: a reddish line down the centre of each tepal	""
FLOPO_VALUE_flat_sided_curved	flat-sided curved	1	candidate	PATO_0000407|PATO_0000406	flat|curved	fruit shape (1)	Astragalus annularis: flat-sided curved pods	""
FLOPO_VALUE_lilac_flushed	lilac flushed	1	candidate	PATO_0001943	lilac	flower color (1)	Astragalus atropilosus: white, lilac flushed flowers	""
FLOPO_VALUE_white_lilac_flushed	white, lilac flushed	1	candidate	PATO_0000323|PATO_0001943	white|lilac	flower color (1)	Astragalus atropilosus: white, lilac flushed flowers	""
FLOPO_VALUE_pink_occasionally_flushed	pink (occasionally flushed)	1	candidate	PATO_0000954	pink	flower color (1)	Astragalus spinosus: occasionally flushed with pink	""
FLOPO_VALUE_plump	plump	1	needs_manual_parent			fruit shape (1)	Astragalus tribuloides var. minutus: short plump erect hairy pods	""
FLOPO_VALUE_short_plump_erect	short plump erect	1	candidate	PATO_0000569|PATO_0000622	decreased height|erect	fruit shape (1)	Astragalus tribuloides var. minutus: short plump erect hairy pods	""
FLOPO_VALUE_fat_spherical	fat spherical	1	candidate	PATO_0001499	spherical	flower shape (1)	Atractylis cancellata: fat spherical flowers	""
FLOPO_VALUE_slender_curved_spiny	slender curved spiny	1	candidate	PATO_0000592|PATO_0000406|PATO_0001365	decreased thickness|curved|spiny	bract shape (1)	Atractylis cancellata: slender curved spiny bracts	""
FLOPO_VALUE_slender_curved	slender curved	1	candidate	PATO_0000592|PATO_0000406	decreased thickness|curved	bract shape (1)	Atractylis cancellata: slender curved spiny bracts	""
FLOPO_VALUE_lobed_dentate	lobed dentate	1	candidate	PATO_0001979|PATO_0001205	lobed|dentated	leaf shape (1)	Atractylis carduus: lobed dentate leaves	""
FLOPO_VALUE_mangoshaped	mangoshaped	1	needs_manual_parent			fruit shape (1)	Avicennia marina: flat-sided mangoshaped fruits	""
FLOPO_VALUE_flat_sided_mangoshaped	flat-sided mangoshaped	1	candidate	PATO_0000407	flat	fruit shape (1)	Avicennia marina: flat-sided mangoshaped fruits	""
FLOPO_VALUE_oval_pear_shaped	oval pear-shaped	1	candidate	PATO_0000947	elliptic	fruit shape (1)	Balanites aegyptiaca: oval pear-shaped	""
FLOPO_VALUE_olive_like	olive-like	1	needs_manual_parent			leaf shape (1)	Barbeya oleoides: olive-like leaves	""
FLOPO_VALUE_slender_tubular	slender tubular	1	candidate	PATO_0000592|PATO_0002299	decreased thickness|tubular	corolla shape (1)	Barleria acanthoides: slender tubular corolla	""
FLOPO_VALUE_pale_lilac_blue	pale lilac-blue	1	candidate	PATO_0000318|PATO_0001943	blue|lilac	flower color (1)	Barleria hochstetteri: pale lilac-blue flowers	""
FLOPO_VALUE_deep_glowing_orange	deep glowing orange	1	candidate	PATO_0000953	orange	flower color (1)	Barleria proxima: deep glowing orange flowers	""
FLOPO_VALUE_deep_maroon_purple	deep maroon-purple	1	candidate	PATO_0000951	purple	flower color (1)	Barleria sp. aff. parviflora: deep maroon-purple flowers	""
FLOPO_VALUE_deep_bright_blue_to_almost_white	deep bright blue to almost white	1	candidate	PATO_0000318|PATO_0000323	blue|white	flower color (1)	Blepharis ciliaris: vary in colour from deep bright blue to almost white	""
FLOPO_VALUE_silver	silver	1	needs_manual_parent			stem color (1)	Boscia angustifolia: silver-trunked	""
FLOPO_VALUE_long_exserted	long exserted	1	candidate	PATO_0001154|PATO_0000623	elongated|exserted	stamen length (1)	Buddleja polystachya: long exserted stamens	""
FLOPO_VALUE_orangebrown	orangebrown	1	needs_manual_parent			flower color (1)	Buddleja polystachya: orangebrown flowers	""
FLOPO_VALUE_cordate_wavy_edged	cordate wavy-edged	1	candidate	PATO_0000948	heart shaped	leaf shape (1)	Bupleurum gerardii: cordate wavy-edged leaves	""
FLOPO_VALUE_simple_grass_like	simple grass-like	1	candidate	PATO_0001503	simple	leaf shape (1)	Bupleurum gerardii: simple grass-like leaves	""
FLOPO_VALUE_brilliant_deep_red	brilliant deep red	1	candidate	PATO_0000322	red	fruit color (1)	Cadaba glandulosa: brilliant deep red inside	""
FLOPO_VALUE_dark_pink	dark pink	1	candidate	PATO_0000954	pink	flower color (1)	Cadia purpurea: aging dark pink	""
FLOPO_VALUE_hard_curved	hard curved	1	candidate	PATO_0000386|PATO_0000406	hard|curved	fruit shape (1)	Calendula arvensis: hard curved fruits	""
FLOPO_VALUE_more_rounded	more rounded	1	candidate	PATO_0000411	circular	bracteole shape (1)	Callipeltis aperta: the bracteoles are more rounded	""
FLOPO_VALUE_fading_white	fading white	1	candidate	PATO_0000323	white	flower color (1)	Campanula dulcis: fading white	""
FLOPO_VALUE_hooded	hooded	1	needs_manual_parent			petal shape (1)	Capparis decidua: one of the petals forming a hood	""
FLOPO_VALUE_hood	hood	1	needs_manual_parent			petal shape (1)	Capparis decidua: one of the petals forming a hood	""
FLOPO_VALUE_flat_shallow_mahogany_red	flat shallow mahogany-red	1	candidate	PATO_0000322|PATO_0000407|PATO_0001472	red|flat|decreased depth	flower color (1)	Caralluma commutata: flat shallow mahogany-red flowers	""
FLOPO_VALUE_very_deep_purplish_black	very deep purplish-black	1	candidate	PATO_0000317|PATO_0000951	black|purple	flower color (1)	Caralluma deflersiana: very deep purplish-black flowers	""
FLOPO_VALUE_purplish_black	purplish-black	1	candidate	PATO_0000951|PATO_0000317	purple|black	flower color (1)	Caralluma deflersiana: very deep purplish-black flowers	""
FLOPO_VALUE_campanulate	campanulate	1	needs_manual_parent			corolla shape (1)	Caralluma deflersiana: the campanulate corolla	""
FLOPO_VALUE_pale_greenish_fawn	pale greenish-fawn	1	candidate	PATO_0000952|PATO_0000324|PATO_0000320	brown|yellow|green	flower color (1)	Caralluma edulis: pale greenish-fawn cup-shaped flowers	""
FLOPO_VALUE_rotten_meat	rotten meat	1	needs_manual_parent			flower odor (1)	Caralluma russeliana: rotten meat smell	""
FLOPO_VALUE_rotten_meat_smell	rotten meat smell	1	needs_manual_parent			flower odor (1)	Caralluma russeliana: rotten meat smell	""
FLOPO_VALUE_dark_purplish_red	dark purplish-red	1	candidate	PATO_0000322|PATO_0000951	red|purple	flower color (1)	Caralluma shadhbana: dark purplish-red flowers 1 cm wide	""
FLOPO_VALUE_green_backed_with_red_freckles	green-backed with red freckles	1	candidate	PATO_0000320|PATO_0000322	green|red	flower color (1)	Caralluma shadhbana: the flowers are green-backed with red freckles	""
FLOPO_VALUE_green_backed	green-backed	1	candidate	PATO_0000320	green	flower color (1)	Caralluma shadhbana: the flowers are green-backed with red freckles	""
FLOPO_VALUE_bad_sweetish_smell	bad sweetish smell	1	needs_manual_parent			flower odor (1)	Caralluma sp. aff. commutata: bad sweetish smell	""
FLOPO_VALUE_bad_sweetish	bad sweetish	1	needs_manual_parent			flower odor (1)	Caralluma sp. aff. commutata: bad sweetish smell	""
FLOPO_VALUE_apex_of_stem	apex of stem	1	needs_manual_parent			flower position (1)	Carex distans: male flowers are at the apex of the stem	""
FLOPO_VALUE_apex	apex	1	needs_manual_parent			flower position (1)	Carex distans: male flowers are at the apex of the stem	""
FLOPO_VALUE_at_the_apex_of_the_stem	at the apex of the stem	1	needs_manual_parent			flower position (1)	Carex distans: male flowers are at the apex of the stem	""
FLOPO_VALUE_wide_flat_curved	wide flat curved	1	candidate	PATO_0000600|PATO_0000407|PATO_0000406	increased width|flat|curved	fruit shape (1)	Cassia holosericea: wide flat curved pods	""
FLOPO_VALUE_pink_and_white	pink and white	1	candidate	PATO_0000954|PATO_0000323	pink|white	flower color (1)	Celosia trigyna: pink and white flowers	""
FLOPO_VALUE_reddish_green	reddish green	1	candidate	PATO_0000322|PATO_0000320	red|green	flower color (1)	Celtis africana: reddish green flowers	""
FLOPO_VALUE_pale_creamy	pale creamy	1	candidate	PATO_0000323|PATO_0000324	white|yellow	flower color (1)	Centaurea sinaica: pale creamy flowers	""
FLOPO_VALUE_cream_freckled_with_crimson_spots	cream freckled with crimson spots	1	candidate	PATO_0000323|PATO_0000324|PATO_0000322	white|yellow|red	corolla color (1)	Ceropegia sp. aff. devecchii var. adelaidae: the corolla cream freckled with crimson spots	""
FLOPO_VALUE_sausage_like	sausage-like	1	needs_manual_parent			root shape (1)	Ceropegia sp. aff. variegata: white sausage-like roots	""
FLOPO_VALUE_creamy_with_palegreen_longitudinal_lines	creamy with palegreen longitudinal lines	1	candidate	PATO_0000323|PATO_0000324	white|yellow	corolla color (1)	Ceropegia sp. aff. variegata: the corolla creamy with palegreen longitudinal lines	""
FLOPO_VALUE_pale_greygreen	pale greygreen	1	needs_manual_parent			corolla color (1)	Ceropegia sp. aff. variegata: corolla pale greygreen with red streaks and freckles	""
FLOPO_VALUE_pale_greygreen_with_red_streaks_and_freckles	pale greygreen with red streaks and freckles	1	candidate	PATO_0000322	red	corolla color (1)	Ceropegia sp. aff. variegata: corolla pale greygreen with red streaks and freckles	""
FLOPO_VALUE_flat_round	flat, round	1	candidate	PATO_0000407|PATO_0000411	flat|circular	fruit shape (1)	Chorispora purpurascens: crowded flat, round fruits	""
FLOPO_VALUE_rough_cylindrical	rough cylindrical	1	candidate	PATO_0000700|PATO_0001873	rough|cylindrical	fruit shape (1)	Chorispora purpurascens: rough cylindrical fruits	""
FLOPO_VALUE_blue_lilac	blue-lilac	1	candidate	PATO_0000318|PATO_0001943	blue|lilac	flower color (1)	Cicer cuneatum: blue-lilac flowers	""
FLOPO_VALUE_bright_rich_blue	bright rich blue	1	candidate	PATO_0000318	blue	flower color (1)	Cicer cuneatum: bright rich blue flowers	""
FLOPO_VALUE_sky_blue	sky-blue	1	candidate	PATO_0000318	blue	flower color (1)	Cichorium bottae: sky-blue flowers	""
FLOPO_VALUE_sky_blue	sky blue	1	candidate	PATO_0000318	blue	flower color (1)	Cichorium intybus: sky blue flowers	""
FLOPO_VALUE_almost_orbicular	almost orbicular	1	candidate	PATO_0001934	orbicular	leaf shape (1)	Cineraria abyssinica: almost orbicular	""
FLOPO_VALUE_smooth_round	smooth round	1	candidate	PATO_0000701|PATO_0000411	smooth|circular	fruit shape (1)	Citrullus colocynthis: smooth round bitter fruits	""
FLOPO_VALUE_brown_and_white	brown and white	1	candidate	PATO_0000952|PATO_0000323	brown|white	flower color (1)	Cleome amblyocarpa: small brown and white flowers	""
FLOPO_VALUE_sandy_yellow	sandy-yellow	1	candidate	PATO_0000324	yellow	petal color (1)	Cleome schweinfurthii: striped with sandy-yellow	""
FLOPO_VALUE_chestnut_brown	chestnut-brown	1	candidate	PATO_0000952	brown	flower color (1)	Cleome trinervia: chestnut-brown flowers	""
FLOPO_VALUE_cream_flushed_with_red	cream flushed with red	1	candidate	PATO_0000323|PATO_0000324|PATO_0000322	white|yellow|red	fruit color (1)	Colutea istria: ripe pods cream flushed with red	""
FLOPO_VALUE_dark_green	dark-green	1	candidate	PATO_0000320	green	leaf color (1)	Combretum molle: dark-green-leaved	""
FLOPO_VALUE_pale_bluish_lilac	pale bluish-lilac	1	candidate	PATO_0001943|PATO_0000318	lilac|blue	flower color (1)	Commelina sp. aff. albescens: pale bluish-lilac flowers	""
FLOPO_VALUE_pale_rose_lilac	pale rose-lilac	1	candidate	PATO_0001943|PATO_0000954|PATO_0000322	lilac|pink|red	flower color (1)	Commicarpus helenae: pale rose-lilac flowers	""
FLOPO_VALUE_ivy_like	ivy-like	1	needs_manual_parent			leaf shape (1)	Commicarpus sinuatus: ivy-like leaves	""
FLOPO_VALUE_pink_flushed	pink-flushed	1	candidate	PATO_0000954	pink	fruit color (1)	Commiphora kataf: oval pink-flushed fruits	""
FLOPO_VALUE_almost_globular	almost globular	1	candidate	PATO_0001499	spherical	fruit shape (1)	Commiphora kataf: almost globular green fruits	""
FLOPO_VALUE_creamy_pink	creamy-pink	1	candidate	PATO_0000323|PATO_0000324|PATO_0000954	white|yellow|pink	flower color (1)	Commiphora kataf: creamy-pink flowers	""
FLOPO_VALUE_much_larger	much larger	1	needs_manual_parent			leaflet size (1)	Commiphora kataf: the centre leaflet much larger	""
FLOPO_VALUE_peeling_paper	peeling paper	1	needs_manual_parent			bark texture (1)	Commiphora madagascariensis: peeling paper bark	""
FLOPO_VALUE_paper	paper	1	needs_manual_parent			bark texture (1)	Commiphora madagascariensis: peeling paper bark	""
FLOPO_VALUE_red_flushed_green	red flushed green	1	candidate	PATO_0000322|PATO_0000320	red|green	leaf color (1)	Commiphora madagascariensis: red flushed green pate	""
FLOPO_VALUE_oval_mango_shaped	oval mango-shaped	1	candidate	PATO_0000947	elliptic	fruit shape (1)	Commiphora myrrha: oval mango-shaped fruits	""
FLOPO_VALUE_often_larger	often larger	1	needs_manual_parent			leaflet size (1)	Commiphora myrrha: centre leaflet often larger	""
FLOPO_VALUE_deep_red	deep red	1	candidate	PATO_0000322	red	flower color (1)	Commiphora quadricincta: deep red flowers	""
FLOPO_VALUE_almost_spherical	almost spherical	1	candidate	PATO_0001499	spherical	fruit shape (1)	Commiphora sp. aff. erythraea: almost spherical fruits	""
FLOPO_VALUE_mango_like	mango-like	1	needs_manual_parent			fruit shape (1)	Commiphora sp. nov. aff. myrrha: mango-like fruits	""
FLOPO_VALUE_greenish_yellow_inside	greenish yellow inside	1	candidate	PATO_0000320|PATO_0000324	green|yellow	flower color (1)	Commiphora sp. nov. aff. myrrha: greenish yellow inside	""
FLOPO_VALUE_greygreen	greygreen	1	needs_manual_parent			leaf color (1)	Convolvulus cephalapodus: narrow greygreen leaves	""
FLOPO_VALUE_pink_streaked	pink streaked	1	candidate	PATO_0000954	pink	flower color pattern (1)	Convolvulus deserti: streaked with pink behind	""
FLOPO_VALUE_streaked_with_pink_behind	streaked with pink behind	1	candidate	PATO_0000954	pink	flower color pattern (1)	Convolvulus deserti: streaked with pink behind	""
FLOPO_VALUE_yes	yes	1	needs_manual_parent			leaf aromatic (1)	Conyza pyrrhopappa: aromatic leaves	""
FLOPO_VALUE_chilli_like	chilli-like	1	needs_manual_parent			fruit shape (1)	Corallocarpus schimperi: red chilli-like fruits 3 cm long	""
FLOPO_VALUE_inflated_oval	inflated oval	1	candidate	PATO_0002376|PATO_0000947	inflated|elliptic	fruit shape (1)	Crotalaria leptocarpa: inflated oval pods	""
FLOPO_VALUE_slightly_rounded	slightly rounded	1	candidate	PATO_0000411	circular	leaf shape (1)	Crotalaria quartiniana: slightly rounded	""
FLOPO_VALUE_basal	basal	1	needs_manual_parent			flower position (1)	Croton lobatus: female flowers below	""
FLOPO_VALUE_below	below	1	needs_manual_parent			flower position (1)	Croton lobatus: female flowers below	""
FLOPO_VALUE_apical	apical	1	needs_manual_parent			flower position (1)	Croton lobatus: male flowers clustered along the apical portion	""
FLOPO_VALUE_clustered_along_the_apical_portion	clustered along the apical portion	1	candidate	PATO_0001629	aggregated	flower position (1)	Croton lobatus: male flowers clustered along the apical portion	""
FLOPO_VALUE_smooth_oval	smooth oval	1	candidate	PATO_0000701|PATO_0000947	smooth|elliptic	fruit shape (1)	Cucumis melo: smooth oval fruits	""
FLOPO_VALUE_darker_freckles	darker freckles	1	needs_manual_parent			fruit spatial pattern (1)	Cucumis melo: green with darker freckles	""
FLOPO_VALUE_freckles	freckles	1	needs_manual_parent			fruit spatial pattern (1)	Cucumis melo: green with darker freckles	""
FLOPO_VALUE_white_hairy	white-hairy	1	candidate	PATO_0000323|PATO_0000454	white|hairy	stem hairy (1)	Cucumis melo: coarse white-hairy stems	""
FLOPO_VALUE_green_striped	green-striped	1	candidate	PATO_0000320|PATO_0001946	green|banded	fruit color pattern (1)	Cucumis prophetarum: green-striped fruit	""
FLOPO_VALUE_yellow_green_veined	yellow green-veined	1	candidate	PATO_0001941|PATO_0000324|PATO_0000320	yellow green|yellow|green	flower color (1)	Cucumis prophetarum: yellow green-veined flowers	""
FLOPO_VALUE_bluish_lilac	bluish-lilac	1	candidate	PATO_0000318|PATO_0001943	blue|lilac	flower color (1)	Cyanotis nyctitropa: bluish-lilac flowers	""
FLOPO_VALUE_chestnut_red	chestnut-red	1	candidate	PATO_0000322	red	glume color (1)	Cyperus rigidifolius: chestnut-red glumes	""
FLOPO_VALUE_cream_or_white	cream or white	1	candidate	PATO_0000323|PATO_0000324	white|yellow	flower color (1)	Daphne linearifolia: cream or white flowers	""
FLOPO_VALUE_pointed_black	pointed black	1	candidate	PATO_0002258|PATO_0000317	pointed|black	seed color (1)	Daphne mucronata: pointed black seed	""
FLOPO_VALUE_four_petalled_bulbous	four-petalled bulbous	1	candidate	PATO_0002210	bulbous	calyx shape (1)	Daphne mucronata: cupped in a four-petalled bulbous calyx	""
FLOPO_VALUE_unevenly_lobed	unevenly lobed	1	candidate	PATO_0001979	lobed	leaf shape (1)	Datura stramonium: bright green unevenly lobed leaves	""
FLOPO_VALUE_pale_blue_flushed_with_purple	pale blue flushed with purple	1	candidate	PATO_0000318|PATO_0000951	blue|purple	flower color (1)	Delphinium sheilae: pale blue flowers flushed with purple	""
FLOPO_VALUE_flushed_with_purple	flushed with purple	1	candidate	PATO_0000951	purple	flower color (1)	Delphinium sheilae: pale blue flowers flushed with purple	""
FLOPO_VALUE_pod_like	pod-like	1	needs_manual_parent			fruit shape (1)	Desmodium gangeticum: segmented pod-like fruits	""
FLOPO_VALUE_segmented_pod_like	segmented pod-like	1	candidate	PATO_0002312	segmented	fruit shape (1)	Desmodium gangeticum: segmented pod-like fruits	""
FLOPO_VALUE_tangled_spirally_curved	tangled spirally curved	1	candidate	PATO_0001846|PATO_0000406	tangled|curved	fruit shape (1)	Dichrostachys cinerea: very tangled spirally curved fruits	""
FLOPO_VALUE_spirally_curved	spirally curved	1	candidate	PATO_0000406	curved	fruit shape (1)	Dichrostachys cinerea: very tangled spirally curved fruits	""
FLOPO_VALUE_greenish_brown	greenish brown	1	candidate	PATO_0000320|PATO_0000952	green|brown	flower color (1)	Dipcadi serotinum: narrow greenish brown flowers	""
FLOPO_VALUE_scarlet_flushed	scarlet-flushed	1	candidate	PATO_0000322	red	fruit color (1)	Dodonaea viscosa: large scarlet-flushed winged fruits	""
FLOPO_VALUE_green_and_purplish	green and purplish	1	candidate	PATO_0000320|PATO_0000951	green|purple	flower color (1)	Dodonaea viscosa: green and purplish flowers	""
FLOPO_VALUE_pale_greenish_red	pale greenish red	1	candidate	PATO_0000320|PATO_0000322	green|red	flower color (1)	Duvalia velutina: pale greenish red flowers	""
FLOPO_VALUE_greyblue	greyblue	1	needs_manual_parent			flower color (1)	Ecbolium gymnostachyum: greyblue flowers 2.5 cm wide	""
FLOPO_VALUE_pale_brownish	pale brownish	1	candidate	PATO_0000952	brown	stem color (1)	Echinops viscosus: stems are pale brownish	""
FLOPO_VALUE_long_distinctive	long distinctive	1	candidate	PATO_0001154	elongated	calyx length (1)	Endostemon gracile: cupped in a long distinctive calyx	""
FLOPO_VALUE_white_and_lilac	white and lilac	1	candidate	PATO_0000323|PATO_0001943	white|lilac	flower color (1)	Eremobium aegyptiacum: white and lilac flowers	""
FLOPO_VALUE_white_lilac	white, lilac	1	candidate	PATO_0000323|PATO_0001943	white|lilac	flower color (1)	Eremobium aegyptiacum: white and lilac flowers	""
FLOPO_VALUE_bright_lilac_blue	bright lilac-blue	1	candidate	PATO_0000318|PATO_0001943	blue|lilac	flower color (1)	Erodium ciconium: bright lilac-blue flowers	""
FLOPO_VALUE_carrot_like	carrot-like	1	needs_manual_parent			leaf shape (1)	Erodium cicutarium: carrot-like leaves	""
FLOPO_VALUE_narrow_deeply_lobed	narrow deeply lobed	1	candidate	PATO_0000599|PATO_0001979	decreased width|lobed	leaf shape (1)	Erucaria hispanica: narrow deeply lobed leaves	""
FLOPO_VALUE_large_pale_cream	large pale cream	1	candidate	PATO_0000586|PATO_0000323|PATO_0000324	increased size|white|yellow	corm color (1)	Eulophia petersii: Large pale cream crowded pseudobulbs	""
FLOPO_VALUE_very_pale_green	very pale green	1	candidate	PATO_0000320	green	fruit color (1)	Euphorbia ammak: very pale green fruits	""
FLOPO_VALUE_four_angled	four-angled	1	candidate	PATO_0000617	bent	stem shape (1)	Euphorbia sp. aff. ammak: fourangled stems	""
FLOPO_VALUE_fourangled	fourangled	1	needs_manual_parent			stem shape (1)	Euphorbia sp. aff. ammak: fourangled stems	""
FLOPO_VALUE_constricted_at_intervals	constricted at intervals	1	candidate	PATO_0001847	constricted	stem constricted (1)	Euphorbia sp. aff. fractiflexa ae: constricted at intervals	""
FLOPO_VALUE_pale_lilac_pink	pale lilac-pink	1	candidate	PATO_0000954|PATO_0001943	pink|lilac	flower color (1)	Fagonia tristris var. boveana: pale lilac-pink flowers	""
FLOPO_VALUE_flat_almost_re_circular	flat, almost re circular	1	candidate	PATO_0000407|PATO_0000411	flat|circular	fruit shape (1)	Farsetia aegyptia: flat, almost re circular, soft-hairy fruits	""
FLOPO_VALUE_rolled	rolled	1	needs_manual_parent			petal shape (1)	Farsetia aegyptia: rolled petals	""
FLOPO_VALUE_white_rosy_lilac	white rosy-lilac	1	candidate	PATO_0001943|PATO_0000323|PATO_0001425|PATO_0000954|PATO_0000322	lilac|white|rosy|pink|red	flower color (1)	Farsetia burtonae: white rosy-lilac flowers	""
FLOPO_VALUE_bluegreen	bluegreen	1	needs_manual_parent			leaf color (1)	Ferula rutbaensis: deeply dissected bluegreen slightly downy leaves	""
FLOPO_VALUE_green_flushed_red	green flushed red	1	candidate	PATO_0000320|PATO_0000322	green|red	fruit color (1)	Ficus populifolia: green flushed red	""
FLOPO_VALUE_10_cm	10 cm	1	parser_or_measurement_review			stem length (1)	Gagea reticulata ae: on stems 10 cm long	""
FLOPO_VALUE_pinkish_green	pinkish green	1	candidate	PATO_0000954|PATO_0000320	pink|green	flower color (1)	Galium aparinoides: pinkish green flowers	""
FLOPO_VALUE_reddish_brown	reddish-brown	1	candidate	PATO_0000322|PATO_0000952	red|brown	flower color (1)	Glossonema edule: reddish-brown flowers	""
FLOPO_VALUE_pale_creamy_white	pale creamy-white	1	candidate	PATO_0000323|PATO_0000324	white|yellow	flower color (1)	Gossypium hirsutum: pale creamy-white flowers	""
FLOPO_VALUE_small_round_dentate	small round dentate	1	candidate	PATO_0000587|PATO_0000411|PATO_0001205	decreased size|circular|dentated	leaf shape (1)	Grewia tenax: small round dentate leaves	""
FLOPO_VALUE_white_flushed_with_pale_lilac	white flushed with pale lilac	1	candidate	PATO_0000323|PATO_0001943	white|lilac	flower color (1)	Gynandropsis gynandra: white flowers flushed with pale lilac	""
FLOPO_VALUE_lobed_palmate	lobed palmate	1	candidate	PATO_0001979|PATO_0000052	lobed|shape	leaf shape (1)	Gynandropsis gynandra: lobed palmate leaves	""
FLOPO_VALUE_reduced_to_yellow_stamens	reduced to yellow stamens	1	candidate	PATO_0000587|PATO_0000324	decreased size|yellow	flower present in fewer numbers in organism (1)	Halopeplis perfoliata: flowers reduced to yellow stamens	""
FLOPO_VALUE_silver_grey	silver-grey	1	candidate	PATO_0000950	grey	stem color (1)	Haloxylon ammodendron: silver-grey trunk	""
FLOPO_VALUE_papery_yellow	papery yellow	1	candidate	PATO_0000150|PATO_0000324	texture|yellow	flower color (1)	Hedypnois cretica: papery yellow flowers 6 mm wide	""
FLOPO_VALUE_very_brittle	very brittle	1	candidate	PATO_0002477	brittle	stem brittle (1)	Heliotropium rariflorum: very brittle yellowish stems	""
FLOPO_VALUE_dark_crimson_red	dark crimson-red	1	candidate	PATO_0000322	red	flower color (1)	Hibiscus deflersii: dark crimson-red flowers	""
FLOPO_VALUE_long_slender	long slender	1	candidate	PATO_0001154|PATO_0000592	elongated|decreased thickness	fruit shape (1)	Hippocrepis unisiliquosa: long slender pods	""
FLOPO_VALUE_soft_felted	soft felted	1	candidate	PATO_0000387	soft	leaf texture (1)	Hochstettera schimperi: small soft felted leaves	""
FLOPO_VALUE_large_round_winged	large round winged	1	candidate	PATO_0000586|PATO_0000411	increased size|circular	fruit shape (1)	Horwoodia dicksoniae: large round winged fruits	""
FLOPO_VALUE_whitish_lilac	whitish lilac	1	candidate	PATO_0000323|PATO_0001943	white|lilac	flower color (1)	Horwoodia dicksoniae: whitish lilac flowers 1 cm	""
FLOPO_VALUE_faint_smell	faint smell	1	needs_manual_parent			flower odor (1)	Huernia lodarensis: faint smell	""
FLOPO_VALUE_large_toothed	large toothed	1	candidate	PATO_0000586|PATO_0001205	increased size|dentated	calyx size (1)	Hyoscyamus pusillus: cupped in a large toothed calyx	""
FLOPO_VALUE_reddish_brown	reddish brown	1	candidate	PATO_0000322|PATO_0000952	red|brown	fruit color (1)	Hyphaene thebaica: angled reddish brown fruits	""
FLOPO_VALUE_fanlike	fanlike	1	needs_manual_parent			vascular leaf shape (1)	Hyphaene thebaica: untidy fanlike fronds	""
FLOPO_VALUE_long_and_narrow	long and narrow	1	candidate	PATO_0001154|PATO_0000599	elongated|decreased width	leaflet shape (1)	Indigofera linifolia: the centre leaflet long and narrow	""
FLOPO_VALUE_greatly_reduced	greatly reduced	1	candidate	PATO_0000587	decreased size	leaflet size (1)	Indigofera linifolia: the two side ones greatly reduced	""
FLOPO_VALUE_rosy_pink	rosy-pink	1	candidate	PATO_0001425|PATO_0000954|PATO_0000322	rosy|pink|red	flower color (1)	Indigofera schimperi: rosy-pink flowers	""
FLOPO_VALUE_pagoda_like	pagoda-like	1	needs_manual_parent			inflorescence shape (1)	Indigofera sessiliflora: short pagoda-like spikes	""
FLOPO_VALUE_short_pagoda_like	short pagoda-like	1	candidate	PATO_0000569	decreased height	inflorescence shape (1)	Indigofera sessiliflora: short pagoda-like spikes	""
FLOPO_VALUE_darker_centre	darker centre	1	needs_manual_parent			flower color (1)	Ipomoea eriocarpa: with darker centre	""
FLOPO_VALUE_narrow_heart_shaped	narrow heart-shaped	1	candidate	PATO_0000599	decreased width	leaf shape (1)	Ipomoea sinensis ssp. blepharosepala: narrow heart-shaped leaves	""
FLOPO_VALUE_greenish_gold	greenish-gold	1	candidate	PATO_0000320	green	flower color (1)	Iris albicans: flushed with greenish-gold in the throat	""
FLOPO_VALUE_greenish_red	greenish red	1	candidate	PATO_0000320|PATO_0000322	green|red	flower color (1)	Jatropha spinosa: greenish red flowers	""
FLOPO_VALUE_points	points	1	needs_manual_parent			leaf sharp (1)	Juncus rigidus: often with sharp points	""
FLOPO_VALUE_slightly_variable	slightly variable	1	candidate	PATO_0001227	variant	flower color (1)	Kalanchoe alternans: colour slightly variable	""
FLOPO_VALUE_pinkish_red	pinkish red	1	candidate	PATO_0000954|PATO_0000322	pink|red	flower color (1)	Kalanchoe sp. aff. glaucescens: pinkish red flowers	""
FLOPO_VALUE_hastate	hastate	1	needs_manual_parent			leaf shape (1)	Kickxia coralii sp. nov.: large hastate basal leaves	""
FLOPO_VALUE_saggitate	saggitate	1	needs_manual_parent			leaf shape (1)	Kickxia elatine ssp. crinita: lower leaves saggitate	""
FLOPO_VALUE_claw_shaped	claw-shaped	1	needs_manual_parent			fruit shape (1)	Koelpinia linearis: large, curved, separated claw-shaped fruits	""
FLOPO_VALUE_curved_separated_claw_shaped	curved, separated claw-shaped	1	candidate	PATO_0000406	curved	fruit shape (1)	Koelpinia linearis: large, curved, separated claw-shaped fruits	""
FLOPO_VALUE_bright_lilac_and_pink	bright lilac and pink	1	candidate	PATO_0001943|PATO_0000954	lilac|pink	flower color (1)	Lantana viburnoides: bright lilac and pink flowers	""
FLOPO_VALUE_squared	squared	1	needs_manual_parent			stem square (1)	Lathyrus pratensis: squared stems	""
FLOPO_VALUE_narrow_grass_like	narrow grass-like	1	candidate	PATO_0000599	decreased width	leaf shape (1)	Lathyrus pratensis: narrow grass-like leaves	""
FLOPO_VALUE_cottony	cottony	1	candidate	PATO_0000150	texture	pappus texture (1)	Launaea angustifolia: pappus on the seeds very cottony	""
FLOPO_VALUE_blue_or_lilac	blue or lilac	1	candidate	PATO_0000318|PATO_0001943	blue|lilac	flower color (1)	Lavandula stricta: blue or lilac flowers	""
FLOPO_VALUE_flat_circular	flat circular	1	candidate	PATO_0000407|PATO_0000411	flat|circular	fruit shape (1)	Lobularia libyca: flat circular fruits	""
FLOPO_VALUE_tubular_creamy	tubular creamy	1	candidate	PATO_0002299|PATO_0000323|PATO_0000324	tubular|white|yellow	flower color (1)	Lonicera etrusca: tubular creamy flowers	""
FLOPO_VALUE_yellow_or_reddish_orange	yellow or reddish orange	1	candidate	PATO_0000324|PATO_0000322|PATO_0000953	yellow|red|orange	flower color (1)	Lotus corniculatus: yellow or reddish orange flowers	""
FLOPO_VALUE_dense_thicket	dense thicket	1	candidate	PATO_0001164	dense	whole plant mass density (1)	Lycium sp. nov. aff. depressum: forming a dense thicket	""
FLOPO_VALUE_lilac_pink	lilac-pink	1	candidate	PATO_0001943|PATO_0000954	lilac|pink	flower color (1)	Lythrum hyssopifolia: lilac-pink flowers	""
FLOPO_VALUE_several_metres_long	several metres long	1	candidate	PATO_0001154	elongated	stem length (1)	Macrotyloma axillare var. axillare: stems several metres long	""
FLOPO_VALUE_bean_like	bean-like	1	needs_manual_parent			fruit shape (1)	Maerua crassifolia: bean-like fruits	""
FLOPO_VALUE_yellowish_green	yellowish green	1	candidate	PATO_0000324|PATO_0000320	yellow|green	sepal color (1)	Maerua crassifolia: flowers with yellowish green sepals	""
FLOPO_VALUE_white_tinged_with_pink	white tinged with pink	1	candidate	PATO_0000323|PATO_0000954	white|pink	flower color (1)	Malva neglecta: white flowers tinged with pink	""
FLOPO_VALUE_very_pale_pink	very pale pink	1	candidate	PATO_0000954	pink	flower color (1)	Malva parviflora: very pale pink flowers	""
FLOPO_VALUE_red_flushed_pale_yellowish	red flushed pale yellowish	1	candidate	PATO_0000322|PATO_0000324	red|yellow	fruit color (1)	Maytenus heterophylla: red flushed pale yellowish fruits	""
FLOPO_VALUE_slightly_spatulate	slightly spatulate	1	candidate	PATO_0001937	spatulate	leaf shape (1)	Maytenus heterophylla: slightly spatulate leaves	""
FLOPO_VALUE_green_flushed_with_red	green flushed with red	1	candidate	PATO_0000320|PATO_0000322	green|red	fruit color (1)	Maytenus senegalensis: the green fruits flushed with red	""
FLOPO_VALUE_creamy_green	creamy-green	1	candidate	PATO_0000323|PATO_0000324|PATO_0000320	white|yellow|green	flower color (1)	Maytenus undata: creamy-green flowers	""
FLOPO_VALUE_spirally_coiled	spirally coiled	1	candidate	PATO_0000404	coiled	fruit shape (1)	Medicago minima: slightly spirally coiled	""
FLOPO_VALUE_flat_spirally_coiled	flat spirally coiled	1	candidate	PATO_0000407|PATO_0000404	flat|coiled	fruit shape (1)	Medicago polymorpha: flat spirally coiled spiny fruits	""
FLOPO_VALUE_below_ground	below ground	1	needs_manual_parent			fruit position (1)	Merendera abyssinica: The fruit forms below ground	""
FLOPO_VALUE_pale_salmon_pink	pale salmon-pink	1	candidate	PATO_0000954	pink	flower color (1)	Merremia semisagitta: pale salmon-pink flowers	""
FLOPO_VALUE_glaucous	glaucous	1	candidate	PATO_0000014	color	leaf color (1)	Moricandia sinaica: thick brittle glaucous leaves	""
FLOPO_VALUE_thick_brittle	thick brittle	1	candidate	PATO_0000591|PATO_0002477	increased thickness|brittle	leaf texture (1)	Moricandia sinaica: thick brittle glaucous leaves	""
FLOPO_VALUE_small_narrow	small narrow	1	candidate	PATO_0000587|PATO_0000599	decreased size|decreased width	fruit shape (1)	Myosotis ramosissima: small narrow fruits	""
FLOPO_VALUE_bright_sky_blue	bright sky-blue	1	candidate	PATO_0000318	blue	flower color (1)	Myosotis ramosissima: bright sky-blue flowers	""
FLOPO_VALUE_dark_purplish	dark purplish	1	candidate	PATO_0000951	purple	fruit color (1)	Myrtus communis: dark purplish fruits	""
FLOPO_VALUE_dead_white	dead white	1	candidate	PATO_0001422|PATO_0000323	dead|white	flower color (1)	Myrtus communis: dead white flowers	""
FLOPO_VALUE_purple_magenta	purple-magenta	1	candidate	PATO_0000951|PATO_0000321	purple|magenta	flower color (1)	Onopordon heteracanthum: purple-magenta flowers	""
FLOPO_VALUE_blue_and_white	blue and white	1	candidate	PATO_0000318|PATO_0000323	blue|white	flower color (1)	Orobanche mutellii var. angustiflora: blue and white flowers	""
FLOPO_VALUE_white_flushed_with_purplish	white flushed with purplish	1	candidate	PATO_0000323|PATO_0000951	white|purple	flower color (1)	Orobanche mutellii var. angustiflora: flower colour variable, white flushed with purplish	""
FLOPO_VALUE_variable_white_flushed_with_purplish	variable, white flushed with purplish	1	candidate	PATO_0001227|PATO_0000323|PATO_0000951	variant|white|purple	flower color (1)	Orobanche mutellii var. angustiflora: flower colour variable, white flushed with purplish	""
FLOPO_VALUE_slightly_hairy	slightly hairy	1	candidate	PATO_0000454	hairy	flower hairy (1)	Orobanche oxyloba var. oxyloba: flowers slightly hairy	""
FLOPO_VALUE_pyramidic	pyramidic	1	needs_manual_parent			fruit shape (1)	Oxygonum sinuatum: pyramidic fruits	""
FLOPO_VALUE_very_long	very long	1	candidate	PATO_0001154	elongated	bulb length (1)	Pancratium sickenbergeri: very long narrow bulb	""
FLOPO_VALUE_pineapple_like	pineapple-like	1	needs_manual_parent			fruit shape (1)	Pandanus odoratissimus: looks like a pineapple	""
FLOPO_VALUE_like_a_pineapple	like a pineapple	1	needs_manual_parent			fruit shape (1)	Pandanus odoratissimus: looks like a pineapple	""
FLOPO_VALUE_pale_greenish_white	pale greenish-white	1	candidate	PATO_0000323|PATO_0000320	white|green	flower color (1)	Paronychia arabica: pale greenish-white papery flowers	""
FLOPO_VALUE_slender_spidery	slender spidery	1	candidate	PATO_0000592	decreased thickness	bract shape (1)	Pavonia kotschyi: slender spidery bracts	""
FLOPO_VALUE_pale_reddish	pale reddish	1	candidate	PATO_0000322	red	flower color (1)	Pergularia tomentosa: pale reddish flowers	""
FLOPO_VALUE_greyish_heart_shaped	greyish heart-shaped	1	candidate	PATO_0000950	grey	leaf color (1)	Pergularia tomentosa: greyish heart-shaped leaves	""
FLOPO_VALUE_pea_like	pea-like	1	needs_manual_parent			fruit shape (1)	Pisum sativum: small pea-like pods	""
FLOPO_VALUE_bright_deep_blue	bright deep blue	1	candidate	PATO_0000318	blue	flower color (1)	Plectranthus arabicus: bright deep blue flowers	""
FLOPO_VALUE_deep_violet	deep violet	1	candidate	PATO_0001424	violet	flower color (1)	Plectranthus asirensis: deep violet flowers	""
FLOPO_VALUE_fleshy_green	fleshy green	1	candidate	PATO_0002351|PATO_0000320	fleshy|green	flower color (1)	Plicosepalus acaciae: fleshy green flowers	""
FLOPO_VALUE_flattened_oval	flattened oval	1	candidate	PATO_0002254|PATO_0000947	flattened|elliptic	peduncle shape (1)	Polycarpaea spicata: flattened oval peduncle	""
FLOPO_VALUE_pointed_tip	pointed tip	1	candidate	PATO_0002258	pointed	fruit shape (1)	Potamogeton pectinatus: brown fruits with pointed tip	""
FLOPO_VALUE_purple_brown	purple-brown	1	candidate	PATO_0000951|PATO_0000952	purple|brown	fruit color (1)	Prosopis farcta: stout fleshy purple-brown pods	""
FLOPO_VALUE_pale_grey	pale grey	1	candidate	PATO_0000950	grey	stem color (1)	Prosopis juliflora: finely fissured pale grey trunk	""
FLOPO_VALUE_button	button	1	needs_manual_parent			flower shape (1)	Pulicaria crispa: yellow 'button' flowers	""
FLOPO_VALUE_rounded_pointed	rounded pointed	1	candidate	PATO_0000411|PATO_0002258	circular|pointed	leaf shape (1)	Pycnocycla tomentosa: rounded pointed spiny-tipped compound leaves	""
FLOPO_VALUE_compound	compound	1	needs_manual_parent			leaf shape (1)	Pycnocycla tomentosa: rounded pointed spiny-tipped compound leaves	""
FLOPO_VALUE_below_the_involucre	below the involucre	1	needs_manual_parent			stem swollen (1)	Reichardia tingitana var.: the stem is swollen below the involucre	""
FLOPO_VALUE_crumbly	crumbly	1	needs_manual_parent			root texture (1)	Rheum sp aff. vibes: thick fleshy root with dark brown crumbly skin	""
FLOPO_VALUE_shiny_green	shiny green	1	candidate	PATO_0001373|PATO_0000320	glistening|green	fruit color (1)	Rhus retinorrhoea: small, flat, shiny green fruits	""
FLOPO_VALUE_short_flat	short, flat	1	candidate	PATO_0000569|PATO_0000407	decreased height|flat	fruit shape (1)	Rhynchosia sp. aff. schimperi: short, flat pods	""
FLOPO_VALUE_all_around_the_stem	all around the stem	1	needs_manual_parent			flower position (1)	Rhytidocaulon macrolobum: The flowers are borne all around the stem	""
FLOPO_VALUE_dark_pinkish_purple	dark pinkish purple	1	candidate	PATO_0000954|PATO_0000951	pink|purple	flower color (1)	Rubus sanctus: dark pinkish purple flowers	""
FLOPO_VALUE_pale_blue_to_almost_white	pale blue to almost white	1	candidate	PATO_0000318|PATO_0000323	blue|white	flower color (1)	Ruellia sp.: pale blue to almost white flowers	""
FLOPO_VALUE_blue_grey	blue-grey	1	candidate	PATO_0000318|PATO_0000950	blue|grey	leaf color (1)	Salsola imbricata: tiny succulent blue-grey leaves	""
FLOPO_VALUE_yellow_and_blue_green	yellow and blue-green	1	candidate	PATO_0000324|PATO_0000318|PATO_0000320	yellow|blue|green	leaf color (1)	Sansevieria abyssinica: banded and tessellated yellow and blue-green	""
FLOPO_VALUE_banded_and_tessellated	banded and tessellated	1	candidate	PATO_0001946	banded	leaf color pattern (1)	Sansevieria abyssinica: banded and tessellated yellow and blue-green	""
FLOPO_VALUE_fairly_wide	fairly wide	1	candidate	PATO_0000600	increased width	leaf width (1)	Sansevieria abyssinica: fairly wide leaves	""
FLOPO_VALUE_almost_round_flat	almost round flat	1	candidate	PATO_0000411|PATO_0000407	circular|flat	fruit shape (1)	Schouwia purpurea: almost round flat fruits.	""
FLOPO_VALUE_narrow_oval	narrow oval	1	candidate	PATO_0000599|PATO_0000947	decreased width|elliptic	spikelet shape (1)	Scirpus litoralis: narrow oval spikelets	""
FLOPO_VALUE_purplish_red	purplish red	1	candidate	PATO_0000951|PATO_0000322	purple|red	flower color (1)	Scrophularia arguta: purplish red flowers 7 mm wide	""
FLOPO_VALUE_deep_rosy	deep rosy	1	candidate	PATO_0001425|PATO_0000954|PATO_0000322	rosy|pink|red	flower color (1)	Scutellaria peregrina: deep rosy flowers	""
FLOPO_VALUE_almost_round_dentate	almost round dentate	1	candidate	PATO_0000411|PATO_0001205	circular|dentated	leaf shape (1)	Senecio flavus: almost round dentate leaves	""
FLOPO_VALUE_wire_like	wire-like	1	needs_manual_parent			fruit shape (1)	Sesbania sesban: pods long and wire-like	""
FLOPO_VALUE_broadly_oval	broadly oval	1	candidate	PATO_0000947	elliptic	leaf shape (1)	Sida ovata: broadly oval leaves	""
FLOPO_VALUE_brilliant_deep_pink	brilliant deep pink	1	candidate	PATO_0000954	pink	flower color (1)	Silene coniflora: brilliant deep pink four-petalled (freak) flower	""
FLOPO_VALUE_inflated_in_fruit	inflated in fruit	1	candidate	PATO_0002376	inflated	calyx shape (1)	Silene conoidea: calyx becoming inflated in fruit	""
FLOPO_VALUE_white_flushed_with_deep_pink	white flushed with deep pink	1	candidate	PATO_0000323|PATO_0000954	white|pink	flower color (1)	Silene gallica var. quinquevulnera: white flowers 5 mm wide flushed with deep pink	""
FLOPO_VALUE_almost_terete	almost terete	1	candidate	PATO_0000052	shape	leaf shape (1)	Silene linearis: almost terete leaves	""
FLOPO_VALUE_orange_ripe	orange ripe	1	candidate	PATO_0000953	orange	fruit color (1)	Solanum coagulans: orange ripe fruits	""
FLOPO_VALUE_bright_lilac	bright lilac	1	candidate	PATO_0001943	lilac	flower color (1)	Solanum coagulans: bright lilac flowers 1.5 cm wide	""
FLOPO_VALUE_woody	woody	1	needs_manual_parent			fruit texture (1)	Solenostemma oleifolium: pale green woody fruits	""
FLOPO_VALUE_small_cylindrical_succulent	small cylindrical succulent	1	candidate	PATO_0000587|PATO_0001873|PATO_0002351	decreased size|cylindrical|fleshy	leaf shape (1)	Suaeda aegyptiaca: small cylindrical succulent leaves	""
FLOPO_VALUE_pale_pinkish_white	pale pinkish white	1	candidate	PATO_0000954|PATO_0000323	pink|white	flower color (1)	Tamarix aphylla: pale pinkish white flowers	""
FLOPO_VALUE_crimson_tipped	crimson tipped	1	candidate	PATO_0000322	red	petal color (1)	Tapinanthus globiferus: the petals crimson tipped	""
FLOPO_VALUE_silvery_green	silvery-green	1	candidate	PATO_0000950|PATO_0000320	grey|green	leaf color (1)	Tarchonanthus camphoratus: silvery-green leaves	""
FLOPO_VALUE_deep_rosy_red	deep rosy-red	1	candidate	PATO_0000322|PATO_0001425|PATO_0000954	red|rosy|pink	flower color (1)	Tephrosia desertorum: deep rosy-red flowers	""
FLOPO_VALUE_bright_reddish_purple	bright reddish purple	1	candidate	PATO_0000322|PATO_0000951	red|purple	flower color (1)	Tephrosia purpurea: bright reddish purple flowers	""
FLOPO_VALUE_flat_heads	flat heads	1	candidate	PATO_0000407	flat	inflorescence shape (1)	Teucrium polium: in flat heads	""
FLOPO_VALUE_corkscrew	corkscrew	1	needs_manual_parent			fruit shape (1)	Torularia torulosa: slender cylindrical fruits which corkscrew	""
FLOPO_VALUE_sticky	sticky	1	needs_manual_parent			fruit adhesivity (1)	Triumfetta flavescens: making them very 'sticky'	""
FLOPO_VALUE_lower_half_of_the_inflorescence	lower half of the inflorescence	1	needs_manual_parent			flower position (1)	Typha domingensis: the female flowers occur in the lower half of the inflorescence	""
FLOPO_VALUE_lower_half_of_inflorescence	lower half of inflorescence	1	needs_manual_parent			flower position (1)	Typha domingensis: the female flowers occur in the lower half of the inflorescence	""
FLOPO_VALUE_upper	upper	1	needs_manual_parent			flower position (1)	Typha domingensis: the male in the upper	""
FLOPO_VALUE_upper_half_of_the_inflorescence	upper half of the inflorescence	1	needs_manual_parent			flower position (1)	Typha domingensis: the male in the upper	""
FLOPO_VALUE_upper_half_of_inflorescence	upper half of inflorescence	1	needs_manual_parent			flower position (1)	Typha domingensis: the male in the upper	""
FLOPO_VALUE_dense_club_shaped	dense club-shaped	1	candidate	PATO_0001164|PATO_0001883	dense|clavate	inflorescence shape (1)	Typha domingensis: characteristic dense club-shaped spike	""
FLOPO_VALUE_fleshly	fleshly	1	needs_manual_parent			fruit fleshy (1)	Valerianella dufresnia: fleshly largewinged hairy fruits	""
FLOPO_VALUE_sometimes_lobed	sometimes lobed	1	candidate	PATO_0001979	lobed	leaf lobed (1)	Valerianella dufresnia: the leaves sometimes lobed	""
FLOPO_VALUE_gritty	gritty	1	needs_manual_parent			leaf texture (1)	Verbascum schimperianum: thick gritty yellowish leaves	""
FLOPO_VALUE_reddish_purple	reddish purple	1	candidate	PATO_0000322|PATO_0000951	red|purple	flower color (1)	Vicia sativa: reddish purple flowers	""
FLOPO_VALUE_deep_magenta_pink	deep magenta-pink	1	candidate	PATO_0000954|PATO_0000321	pink|magenta	flower color (1)	Vicia sativa var. angustifolia: deep magenta-pink flowers	""
FLOPO_VALUE_rosypurple	rosypurple	1	needs_manual_parent			flower color (1)	Volutaria lippii: deep rosypurple flowers	""
FLOPO_VALUE_deep_rosypurple	deep rosypurple	1	needs_manual_parent			flower color (1)	Volutaria lippii: deep rosypurple flowers	""
FLOPO_VALUE_narrow_pointed	narrow pointed	1	candidate	PATO_0000599|PATO_0002258	decreased width|pointed	leaf shape (1)	Woodfordia fruticosa: narrow pointed leaves	""
FLOPO_VALUE_apricotcoloured	apricotcoloured	1	needs_manual_parent			fruit color (1)	Ziziphus spina-christi var. inermis: apricotcoloured	""
FLOPO_VALUE_apricot_coloured	apricot-coloured	1	needs_manual_parent			fruit color (1)	Ziziphus spina-christi var. inermis: apricotcoloured	""
