candidate_id	flopo_id	label
FLOPO_VALUE_creamy	FLOPO_0980084	creamy
FLOPO_VALUE_greenish	FLOPO_0980085	greenish
FLOPO_VALUE_reddish	FLOPO_0980086	reddish
FLOPO_VALUE_pale_lilac	FLOPO_0980087	pale lilac
FLOPO_VALUE_deep_yellow	FLOPO_0980088	deep yellow
FLOPO_VALUE_greyish	FLOPO_0980089	greyish
FLOPO_VALUE_grey_green	FLOPO_0980090	grey-green
FLOPO_VALUE_rosy_lilac	FLOPO_0980091	rosy-lilac
FLOPO_VALUE_silvery	FLOPO_0980092	silvery
FLOPO_VALUE_papery	FLOPO_0980093	papery
FLOPO_VALUE_yellowish	FLOPO_0980094	yellowish
FLOPO_VALUE_long_narrow	FLOPO_0980095	long narrow
FLOPO_VALUE_greenish_yellow	FLOPO_0980096	greenish yellow
FLOPO_VALUE_pinkish	FLOPO_0980097	pinkish
FLOPO_VALUE_creamy_white	FLOPO_0980098	creamy-white
FLOPO_VALUE_terete	FLOPO_0980099	terete
FLOPO_VALUE_purplish	FLOPO_0980100	purplish
FLOPO_VALUE_pale_greenish	FLOPO_0980101	pale greenish
FLOPO_VALUE_succulent	FLOPO_0980102	succulent
FLOPO_VALUE_blue_green	FLOPO_0980103	blue-green
FLOPO_VALUE_pure_white	FLOPO_0980104	pure white
FLOPO_VALUE_scarlet	FLOPO_0980105	scarlet
FLOPO_VALUE_crimson	FLOPO_0980106	crimson
FLOPO_VALUE_palmate	FLOPO_0980107	palmate
FLOPO_VALUE_deep_rosy_lilac	FLOPO_0980108	deep rosy-lilac
FLOPO_VALUE_bright_scarlet	FLOPO_0980109	bright scarlet
FLOPO_VALUE_flushed_with_pink	FLOPO_0980110	flushed with pink
FLOPO_VALUE_deep_lilac	FLOPO_0980111	deep lilac
FLOPO_VALUE_bluish	FLOPO_0980112	bluish
FLOPO_VALUE_lilac_blue	FLOPO_0980113	lilac-blue
FLOPO_VALUE_cream	FLOPO_0980114	cream
FLOPO_VALUE_leathery	FLOPO_0980115	leathery
FLOPO_VALUE_deep_crimson	FLOPO_0980116	deep crimson
FLOPO_VALUE_pale_cream	FLOPO_0980117	pale cream
FLOPO_VALUE_pendent	FLOPO_0980118	pendent
FLOPO_VALUE_pale_scarlet	FLOPO_0980119	pale scarlet
FLOPO_VALUE_soft_spiny	FLOPO_0980120	soft-spiny
FLOPO_VALUE_pale_bluish_lilac	FLOPO_0980121	pale bluish lilac
FLOPO_VALUE_feathery	FLOPO_0980122	feathery
FLOPO_VALUE_deeply_lobed_palmate	FLOPO_0980123	deeply lobed palmate
FLOPO_VALUE_velvety	FLOPO_0980124	velvety
FLOPO_VALUE_pale_pinkish_lilac	FLOPO_0980125	pale pinkish lilac
FLOPO_VALUE_very_slender	FLOPO_0980126	very slender
FLOPO_VALUE_blackish	FLOPO_0980127	blackish
FLOPO_VALUE_deep_magenta	FLOPO_0980128	deep magenta
FLOPO_VALUE_deeply_lobed	FLOPO_0980129	deeply lobed
FLOPO_VALUE_brownish	FLOPO_0980130	brownish
FLOPO_VALUE_rose_pink	FLOPO_0980131	rose-pink
FLOPO_VALUE_pale_pinkish	FLOPO_0980132	pale pinkish
FLOPO_VALUE_deep_lilac_blue	FLOPO_0980133	deep lilac-blue
FLOPO_VALUE_pale_greenish_yellow	FLOPO_0980134	pale greenish yellow
FLOPO_VALUE_narrow_cylindrical	FLOPO_0980135	narrow cylindrical
FLOPO_VALUE_pinkish_lilac	FLOPO_0980136	pinkish lilac
FLOPO_VALUE_orange_yellow	FLOPO_0980137	orange-yellow
FLOPO_VALUE_purplish_brown	FLOPO_0980138	purplish-brown
FLOPO_VALUE_creamy_yellow	FLOPO_0980139	creamy-yellow
FLOPO_VALUE_very_wide	FLOPO_0980140	very wide
FLOPO_VALUE_white_flushed_pink	FLOPO_0980141	white flushed pink
FLOPO_VALUE_pinkish_white	FLOPO_0980142	pinkish white
FLOPO_VALUE_almost_circular	FLOPO_0980143	almost circular
FLOPO_VALUE_pinkish_fawn	FLOPO_0980144	pinkish fawn
FLOPO_VALUE_white_flushed_with_pink	FLOPO_0980145	white flushed with pink
FLOPO_VALUE_narrow_dentate	FLOPO_0980146	narrow dentate
FLOPO_VALUE_deep_blue	FLOPO_0980147	deep blue
FLOPO_VALUE_relatively_large	FLOPO_0980148	relatively large
FLOPO_VALUE_flat_sided	FLOPO_0980149	flat-sided
FLOPO_VALUE_greenish_white	FLOPO_0980150	greenish white
FLOPO_VALUE_deep_violet_blue	FLOPO_0980151	deep violet-blue
FLOPO_VALUE_pale_blue_lilac	FLOPO_0980152	pale blue-lilac
FLOPO_VALUE_light_scarlet	FLOPO_0980153	light scarlet
FLOPO_VALUE_mahogany_red	FLOPO_0980154	mahogany-red
FLOPO_VALUE_green_and_grey_mottled	FLOPO_0980155	green and grey mottled
FLOPO_VALUE_deep_orange	FLOPO_0980156	deep orange
FLOPO_VALUE_narrow_lobed	FLOPO_0980157	narrow lobed
FLOPO_VALUE_spotted_with_crimson	FLOPO_0980158	spotted with crimson
FLOPO_VALUE_lemon_yellow	FLOPO_0980159	lemon-yellow
FLOPO_VALUE_very_pale_blue	FLOPO_0980160	very pale blue
FLOPO_VALUE_bright_magenta_pink	FLOPO_0980161	bright magenta-pink
FLOPO_VALUE_reddish_purple	FLOPO_0980162	reddish-purple
FLOPO_VALUE_three_angled	FLOPO_0980163	three-angled
FLOPO_VALUE_deep_rosy_pink	FLOPO_0980164	deep rosy-pink
FLOPO_VALUE_green_and_brown	FLOPO_0980165	green and brown
FLOPO_VALUE_rolled_back_at_the_tip	FLOPO_0980166	rolled back at the tip
FLOPO_VALUE_apricot_yellow	FLOPO_0980167	apricot-yellow
FLOPO_VALUE_deep_purple	FLOPO_0980168	deep purple
FLOPO_VALUE_fairly_large	FLOPO_0980169	fairly large
FLOPO_VALUE_deep_purplish_red	FLOPO_0980170	deep purplish red
FLOPO_VALUE_slightly_curved	FLOPO_0980171	slightly curved
FLOPO_VALUE_very_large	FLOPO_0980172	very large
FLOPO_VALUE_narrow_flat	FLOPO_0980173	narrow flat
FLOPO_VALUE_golden	FLOPO_0980174	golden
FLOPO_VALUE_pale_lilac_and_white	FLOPO_0980175	pale lilac and white
FLOPO_VALUE_almost_round	FLOPO_0980176	almost round
FLOPO_VALUE_white_flushed_with_lilac	FLOPO_0980177	white flushed with lilac
FLOPO_VALUE_greenish_yellow	FLOPO_0980178	greenish-yellow
FLOPO_VALUE_pink_and_red	FLOPO_0980179	pink and red
FLOPO_VALUE_banded_and_tessellated_yellow_and_blue_green	FLOPO_0980180	banded and tessellated yellow and blue-green
FLOPO_VALUE_flat_oval	FLOPO_0980181	flat oval
FLOPO_VALUE_glaucous_blue_green	FLOPO_0980182	glaucous blue-green
FLOPO_VALUE_slender_cylindrical	FLOPO_0980183	slender cylindrical
FLOPO_VALUE_long_straight	FLOPO_0980184	long straight
FLOPO_VALUE_golden_yellow	FLOPO_0980185	golden-yellow
FLOPO_VALUE_slightly_twisted	FLOPO_0980186	slightly twisted
FLOPO_VALUE_white_cream_or_yellow	FLOPO_0980187	white, cream, or yellow
FLOPO_VALUE_peeling_papery	FLOPO_0980188	peeling papery
FLOPO_VALUE_slightly_blue_green	FLOPO_0980189	slightly blue-green
FLOPO_VALUE_fawn	FLOPO_0980190	fawn
FLOPO_VALUE_glossy_orange	FLOPO_0980191	glossy orange
FLOPO_VALUE_dying_fawn	FLOPO_0980192	dying fawn
FLOPO_VALUE_green_and_white	FLOPO_0980193	green and white
FLOPO_VALUE_deep_pinkish_red	FLOPO_0980194	deep pinkish red
FLOPO_VALUE_orange_red	FLOPO_0980195	orange-red
FLOPO_VALUE_red_or_yellow	FLOPO_0980196	red or yellow
FLOPO_VALUE_yellowish_green	FLOPO_0980197	yellowish-green
FLOPO_VALUE_greenish_cream	FLOPO_0980198	greenish cream
FLOPO_VALUE_greenish_or_pinkish	FLOPO_0980199	greenish or pinkish
FLOPO_VALUE_bristly	FLOPO_0980200	bristly
FLOPO_VALUE_pale_yellowish	FLOPO_0980201	pale yellowish
FLOPO_VALUE_very_red	FLOPO_0980202	very red
FLOPO_VALUE_apricot_yellow_with_deep_crimson_centre	FLOPO_0980203	apricot-yellow with deep crimson centre
FLOPO_VALUE_brilliant_deep_blue	FLOPO_0980204	brilliant deep blue
FLOPO_VALUE_pale_rose_pink	FLOPO_0980205	pale rose-pink
FLOPO_VALUE_deep_green	FLOPO_0980206	deep green
FLOPO_VALUE_lilac_or_deep_blue	FLOPO_0980207	lilac or deep blue
FLOPO_VALUE_deep_lilac_purple	FLOPO_0980208	deep lilac purple
FLOPO_VALUE_greenish_golden	FLOPO_0980209	greenish golden
FLOPO_VALUE_upper_ones_tiny	FLOPO_0980210	upper ones tiny
FLOPO_VALUE_bright_dark_green	FLOPO_0980211	bright dark green
FLOPO_VALUE_very_feathery	FLOPO_0980212	very feathery
FLOPO_VALUE_reddish_line	FLOPO_0980213	reddish line
FLOPO_VALUE_flat_sided_curved	FLOPO_0980214	flat-sided curved
FLOPO_VALUE_lilac_flushed	FLOPO_0980215	lilac flushed
FLOPO_VALUE_white_lilac_flushed	FLOPO_0980216	white, lilac flushed
FLOPO_VALUE_pink_occasionally_flushed	FLOPO_0980217	pink (occasionally flushed)
FLOPO_VALUE_short_plump_erect	FLOPO_0980218	short plump erect
FLOPO_VALUE_fat_spherical	FLOPO_0980219	fat spherical
FLOPO_VALUE_slender_curved_spiny	FLOPO_0980220	slender curved spiny
FLOPO_VALUE_slender_curved	FLOPO_0980221	slender curved
FLOPO_VALUE_lobed_dentate	FLOPO_0980222	lobed dentate
FLOPO_VALUE_flat_sided_mangoshaped	FLOPO_0980223	flat-sided mangoshaped
FLOPO_VALUE_oval_pear_shaped	FLOPO_0980224	oval pear-shaped
FLOPO_VALUE_slender_tubular	FLOPO_0980225	slender tubular
FLOPO_VALUE_pale_lilac_blue	FLOPO_0980226	pale lilac-blue
FLOPO_VALUE_deep_glowing_orange	FLOPO_0980227	deep glowing orange
FLOPO_VALUE_deep_maroon_purple	FLOPO_0980228	deep maroon-purple
FLOPO_VALUE_deep_bright_blue_to_almost_white	FLOPO_0980229	deep bright blue to almost white
FLOPO_VALUE_long_exserted	FLOPO_0980230	long exserted
FLOPO_VALUE_cordate_wavy_edged	FLOPO_0980231	cordate wavy-edged
FLOPO_VALUE_simple_grass_like	FLOPO_0980232	simple grass-like
FLOPO_VALUE_brilliant_deep_red	FLOPO_0980233	brilliant deep red
FLOPO_VALUE_dark_pink	FLOPO_0980234	dark pink
FLOPO_VALUE_hard_curved	FLOPO_0980235	hard curved
FLOPO_VALUE_more_rounded	FLOPO_0980236	more rounded
FLOPO_VALUE_fading_white	FLOPO_0980237	fading white
FLOPO_VALUE_flat_shallow_mahogany_red	FLOPO_0980238	flat shallow mahogany-red
FLOPO_VALUE_very_deep_purplish_black	FLOPO_0980239	very deep purplish-black
FLOPO_VALUE_purplish_black	FLOPO_0980240	purplish-black
FLOPO_VALUE_pale_greenish_fawn	FLOPO_0980241	pale greenish-fawn
FLOPO_VALUE_dark_purplish_red	FLOPO_0980242	dark purplish-red
FLOPO_VALUE_green_backed_with_red_freckles	FLOPO_0980243	green-backed with red freckles
FLOPO_VALUE_green_backed	FLOPO_0980244	green-backed
FLOPO_VALUE_wide_flat_curved	FLOPO_0980245	wide flat curved
FLOPO_VALUE_pink_and_white	FLOPO_0980246	pink and white
FLOPO_VALUE_reddish_green	FLOPO_0980247	reddish green
FLOPO_VALUE_pale_creamy	FLOPO_0980248	pale creamy
FLOPO_VALUE_cream_freckled_with_crimson_spots	FLOPO_0980249	cream freckled with crimson spots
FLOPO_VALUE_creamy_with_palegreen_longitudinal_lines	FLOPO_0980250	creamy with palegreen longitudinal lines
FLOPO_VALUE_pale_greygreen_with_red_streaks_and_freckles	FLOPO_0980251	pale greygreen with red streaks and freckles
FLOPO_VALUE_flat_round	FLOPO_0980252	flat, round
FLOPO_VALUE_rough_cylindrical	FLOPO_0980253	rough cylindrical
FLOPO_VALUE_blue_lilac	FLOPO_0980254	blue-lilac
FLOPO_VALUE_bright_rich_blue	FLOPO_0980255	bright rich blue
FLOPO_VALUE_sky_blue	FLOPO_0980256	sky-blue
FLOPO_VALUE_sky_blue	FLOPO_0980257	sky blue
FLOPO_VALUE_almost_orbicular	FLOPO_0980258	almost orbicular
FLOPO_VALUE_smooth_round	FLOPO_0980259	smooth round
FLOPO_VALUE_brown_and_white	FLOPO_0980260	brown and white
FLOPO_VALUE_sandy_yellow	FLOPO_0980261	sandy-yellow
FLOPO_VALUE_chestnut_brown	FLOPO_0980262	chestnut-brown
FLOPO_VALUE_cream_flushed_with_red	FLOPO_0980263	cream flushed with red
FLOPO_VALUE_dark_green	FLOPO_0980264	dark-green
FLOPO_VALUE_pale_bluish_lilac	FLOPO_0980265	pale bluish-lilac
FLOPO_VALUE_pale_rose_lilac	FLOPO_0980266	pale rose-lilac
FLOPO_VALUE_pink_flushed	FLOPO_0980267	pink-flushed
FLOPO_VALUE_almost_globular	FLOPO_0980268	almost globular
FLOPO_VALUE_creamy_pink	FLOPO_0980269	creamy-pink
FLOPO_VALUE_red_flushed_green	FLOPO_0980270	red flushed green
FLOPO_VALUE_oval_mango_shaped	FLOPO_0980271	oval mango-shaped
FLOPO_VALUE_deep_red	FLOPO_0980272	deep red
FLOPO_VALUE_almost_spherical	FLOPO_0980273	almost spherical
FLOPO_VALUE_greenish_yellow_inside	FLOPO_0980274	greenish yellow inside
FLOPO_VALUE_pink_streaked	FLOPO_0980275	pink streaked
FLOPO_VALUE_streaked_with_pink_behind	FLOPO_0980276	streaked with pink behind
FLOPO_VALUE_inflated_oval	FLOPO_0980277	inflated oval
FLOPO_VALUE_slightly_rounded	FLOPO_0980278	slightly rounded
FLOPO_VALUE_clustered_along_the_apical_portion	FLOPO_0980279	clustered along the apical portion
FLOPO_VALUE_smooth_oval	FLOPO_0980280	smooth oval
FLOPO_VALUE_white_hairy	FLOPO_0980281	white-hairy
FLOPO_VALUE_green_striped	FLOPO_0980282	green-striped
FLOPO_VALUE_yellow_green_veined	FLOPO_0980283	yellow green-veined
FLOPO_VALUE_bluish_lilac	FLOPO_0980284	bluish-lilac
FLOPO_VALUE_chestnut_red	FLOPO_0980285	chestnut-red
FLOPO_VALUE_cream_or_white	FLOPO_0980286	cream or white
FLOPO_VALUE_pointed_black	FLOPO_0980287	pointed black
FLOPO_VALUE_four_petalled_bulbous	FLOPO_0980288	four-petalled bulbous
FLOPO_VALUE_unevenly_lobed	FLOPO_0980289	unevenly lobed
FLOPO_VALUE_pale_blue_flushed_with_purple	FLOPO_0980290	pale blue flushed with purple
FLOPO_VALUE_flushed_with_purple	FLOPO_0980291	flushed with purple
FLOPO_VALUE_segmented_pod_like	FLOPO_0980292	segmented pod-like
FLOPO_VALUE_tangled_spirally_curved	FLOPO_0980293	tangled spirally curved
FLOPO_VALUE_spirally_curved	FLOPO_0980294	spirally curved
FLOPO_VALUE_greenish_brown	FLOPO_0980295	greenish brown
FLOPO_VALUE_scarlet_flushed	FLOPO_0980296	scarlet-flushed
FLOPO_VALUE_green_and_purplish	FLOPO_0980297	green and purplish
FLOPO_VALUE_pale_greenish_red	FLOPO_0980298	pale greenish red
FLOPO_VALUE_pale_brownish	FLOPO_0980299	pale brownish
FLOPO_VALUE_long_distinctive	FLOPO_0980300	long distinctive
FLOPO_VALUE_white_and_lilac	FLOPO_0980301	white and lilac
FLOPO_VALUE_white_lilac	FLOPO_0980302	white, lilac
FLOPO_VALUE_bright_lilac_blue	FLOPO_0980303	bright lilac-blue
FLOPO_VALUE_narrow_deeply_lobed	FLOPO_0980304	narrow deeply lobed
FLOPO_VALUE_large_pale_cream	FLOPO_0980305	large pale cream
FLOPO_VALUE_very_pale_green	FLOPO_0980306	very pale green
FLOPO_VALUE_four_angled	FLOPO_0980307	four-angled
FLOPO_VALUE_constricted_at_intervals	FLOPO_0980308	constricted at intervals
FLOPO_VALUE_pale_lilac_pink	FLOPO_0980309	pale lilac-pink
FLOPO_VALUE_flat_almost_re_circular	FLOPO_0980310	flat, almost re circular
FLOPO_VALUE_white_rosy_lilac	FLOPO_0980311	white rosy-lilac
FLOPO_VALUE_green_flushed_red	FLOPO_0980312	green flushed red
FLOPO_VALUE_pinkish_green	FLOPO_0980313	pinkish green
FLOPO_VALUE_reddish_brown	FLOPO_0980314	reddish-brown
FLOPO_VALUE_pale_creamy_white	FLOPO_0980315	pale creamy-white
FLOPO_VALUE_small_round_dentate	FLOPO_0980316	small round dentate
FLOPO_VALUE_white_flushed_with_pale_lilac	FLOPO_0980317	white flushed with pale lilac
FLOPO_VALUE_lobed_palmate	FLOPO_0980318	lobed palmate
FLOPO_VALUE_reduced_to_yellow_stamens	FLOPO_0980319	reduced to yellow stamens
FLOPO_VALUE_silver_grey	FLOPO_0980320	silver-grey
FLOPO_VALUE_papery_yellow	FLOPO_0980321	papery yellow
FLOPO_VALUE_very_brittle	FLOPO_0980322	very brittle
FLOPO_VALUE_dark_crimson_red	FLOPO_0980323	dark crimson-red
FLOPO_VALUE_long_slender	FLOPO_0980324	long slender
FLOPO_VALUE_soft_felted	FLOPO_0980325	soft felted
FLOPO_VALUE_large_round_winged	FLOPO_0980326	large round winged
FLOPO_VALUE_whitish_lilac	FLOPO_0980327	whitish lilac
FLOPO_VALUE_large_toothed	FLOPO_0980328	large toothed
FLOPO_VALUE_reddish_brown	FLOPO_0980329	reddish brown
FLOPO_VALUE_long_and_narrow	FLOPO_0980330	long and narrow
FLOPO_VALUE_greatly_reduced	FLOPO_0980331	greatly reduced
FLOPO_VALUE_rosy_pink	FLOPO_0980332	rosy-pink
FLOPO_VALUE_short_pagoda_like	FLOPO_0980333	short pagoda-like
FLOPO_VALUE_narrow_heart_shaped	FLOPO_0980334	narrow heart-shaped
FLOPO_VALUE_greenish_gold	FLOPO_0980335	greenish-gold
FLOPO_VALUE_greenish_red	FLOPO_0980336	greenish red
FLOPO_VALUE_slightly_variable	FLOPO_0980337	slightly variable
FLOPO_VALUE_pinkish_red	FLOPO_0980338	pinkish red
FLOPO_VALUE_curved_separated_claw_shaped	FLOPO_0980339	curved, separated claw-shaped
FLOPO_VALUE_bright_lilac_and_pink	FLOPO_0980340	bright lilac and pink
FLOPO_VALUE_narrow_grass_like	FLOPO_0980341	narrow grass-like
FLOPO_VALUE_cottony	FLOPO_0980342	cottony
FLOPO_VALUE_blue_or_lilac	FLOPO_0980343	blue or lilac
FLOPO_VALUE_flat_circular	FLOPO_0980344	flat circular
FLOPO_VALUE_tubular_creamy	FLOPO_0980345	tubular creamy
FLOPO_VALUE_yellow_or_reddish_orange	FLOPO_0980346	yellow or reddish orange
FLOPO_VALUE_dense_thicket	FLOPO_0980347	dense thicket
FLOPO_VALUE_lilac_pink	FLOPO_0980348	lilac-pink
FLOPO_VALUE_several_metres_long	FLOPO_0980349	several metres long
FLOPO_VALUE_yellowish_green	FLOPO_0980350	yellowish green
FLOPO_VALUE_white_tinged_with_pink	FLOPO_0980351	white tinged with pink
FLOPO_VALUE_very_pale_pink	FLOPO_0980352	very pale pink
FLOPO_VALUE_red_flushed_pale_yellowish	FLOPO_0980353	red flushed pale yellowish
FLOPO_VALUE_slightly_spatulate	FLOPO_0980354	slightly spatulate
FLOPO_VALUE_green_flushed_with_red	FLOPO_0980355	green flushed with red
FLOPO_VALUE_creamy_green	FLOPO_0980356	creamy-green
FLOPO_VALUE_spirally_coiled	FLOPO_0980357	spirally coiled
FLOPO_VALUE_flat_spirally_coiled	FLOPO_0980358	flat spirally coiled
FLOPO_VALUE_pale_salmon_pink	FLOPO_0980359	pale salmon-pink
FLOPO_VALUE_glaucous	FLOPO_0980360	glaucous
FLOPO_VALUE_thick_brittle	FLOPO_0980361	thick brittle
FLOPO_VALUE_small_narrow	FLOPO_0980362	small narrow
FLOPO_VALUE_bright_sky_blue	FLOPO_0980363	bright sky-blue
FLOPO_VALUE_dark_purplish	FLOPO_0980364	dark purplish
FLOPO_VALUE_dead_white	FLOPO_0980365	dead white
FLOPO_VALUE_purple_magenta	FLOPO_0980366	purple-magenta
FLOPO_VALUE_blue_and_white	FLOPO_0980367	blue and white
FLOPO_VALUE_white_flushed_with_purplish	FLOPO_0980368	white flushed with purplish
FLOPO_VALUE_variable_white_flushed_with_purplish	FLOPO_0980369	variable, white flushed with purplish
FLOPO_VALUE_slightly_hairy	FLOPO_0980370	slightly hairy
FLOPO_VALUE_very_long	FLOPO_0980371	very long
FLOPO_VALUE_pale_greenish_white	FLOPO_0980372	pale greenish-white
FLOPO_VALUE_slender_spidery	FLOPO_0980373	slender spidery
FLOPO_VALUE_pale_reddish	FLOPO_0980374	pale reddish
FLOPO_VALUE_greyish_heart_shaped	FLOPO_0980375	greyish heart-shaped
FLOPO_VALUE_bright_deep_blue	FLOPO_0980376	bright deep blue
FLOPO_VALUE_deep_violet	FLOPO_0980377	deep violet
FLOPO_VALUE_fleshy_green	FLOPO_0980378	fleshy green
FLOPO_VALUE_flattened_oval	FLOPO_0980379	flattened oval
FLOPO_VALUE_pointed_tip	FLOPO_0980380	pointed tip
FLOPO_VALUE_purple_brown	FLOPO_0980381	purple-brown
FLOPO_VALUE_pale_grey	FLOPO_0980382	pale grey
FLOPO_VALUE_rounded_pointed	FLOPO_0980383	rounded pointed
FLOPO_VALUE_shiny_green	FLOPO_0980384	shiny green
FLOPO_VALUE_short_flat	FLOPO_0980385	short, flat
FLOPO_VALUE_dark_pinkish_purple	FLOPO_0980386	dark pinkish purple
FLOPO_VALUE_pale_blue_to_almost_white	FLOPO_0980387	pale blue to almost white
FLOPO_VALUE_blue_grey	FLOPO_0980388	blue-grey
FLOPO_VALUE_yellow_and_blue_green	FLOPO_0980389	yellow and blue-green
FLOPO_VALUE_banded_and_tessellated	FLOPO_0980390	banded and tessellated
FLOPO_VALUE_fairly_wide	FLOPO_0980391	fairly wide
FLOPO_VALUE_almost_round_flat	FLOPO_0980392	almost round flat
FLOPO_VALUE_narrow_oval	FLOPO_0980393	narrow oval
FLOPO_VALUE_purplish_red	FLOPO_0980394	purplish red
FLOPO_VALUE_deep_rosy	FLOPO_0980395	deep rosy
FLOPO_VALUE_almost_round_dentate	FLOPO_0980396	almost round dentate
FLOPO_VALUE_broadly_oval	FLOPO_0980397	broadly oval
FLOPO_VALUE_brilliant_deep_pink	FLOPO_0980398	brilliant deep pink
FLOPO_VALUE_inflated_in_fruit	FLOPO_0980399	inflated in fruit
FLOPO_VALUE_white_flushed_with_deep_pink	FLOPO_0980400	white flushed with deep pink
FLOPO_VALUE_almost_terete	FLOPO_0980401	almost terete
FLOPO_VALUE_orange_ripe	FLOPO_0980402	orange ripe
FLOPO_VALUE_bright_lilac	FLOPO_0980403	bright lilac
FLOPO_VALUE_small_cylindrical_succulent	FLOPO_0980404	small cylindrical succulent
FLOPO_VALUE_pale_pinkish_white	FLOPO_0980405	pale pinkish white
FLOPO_VALUE_crimson_tipped	FLOPO_0980406	crimson tipped
FLOPO_VALUE_silvery_green	FLOPO_0980407	silvery-green
FLOPO_VALUE_deep_rosy_red	FLOPO_0980408	deep rosy-red
FLOPO_VALUE_bright_reddish_purple	FLOPO_0980409	bright reddish purple
FLOPO_VALUE_flat_heads	FLOPO_0980410	flat heads
FLOPO_VALUE_dense_club_shaped	FLOPO_0980411	dense club-shaped
FLOPO_VALUE_sometimes_lobed	FLOPO_0980412	sometimes lobed
FLOPO_VALUE_reddish_purple	FLOPO_0980413	reddish purple
FLOPO_VALUE_deep_magenta_pink	FLOPO_0980414	deep magenta-pink
FLOPO_VALUE_narrow_pointed	FLOPO_0980415	narrow pointed
FLOPO_VALUE_reddish_orange	FLOPO_0980416	reddish orange
