proposal_key	flopo_id	label	signature	kind
EQ|PO_0030091|PATO_0000467	FLOPO_0989000	capsule fruit present	EQ|PO_0030091|PATO_0000467	phenotype
EQ|PO_0030100|PATO_0000467	FLOPO_0989001	legume fruit present	EQ|PO_0030100|PATO_0000467	phenotype
EQ|PO_0030115|PATO_0000467	FLOPO_0989002	raceme inflorescence present	EQ|PO_0030115|PATO_0000467	phenotype
EQ|PO_0000003|PATO_0001731	FLOPO_0989003	whole plant deciduous (plant)	EQ|PO_0000003|PATO_0001731	phenotype
EQ|PO_0025034|PATO_0104032	FLOPO_0989004	leaf coriaceous	EQ|PO_0025034|PATO_0104032	phenotype
EQ|PO_0030100|PATO_0000122	FLOPO_0989005	legume fruit length	EQ|PO_0030100|PATO_0000122	phenotype
EQ|PO_0030103|PATO_0000467	FLOPO_0989006	drupe fruit present	EQ|PO_0030103|PATO_0000467	phenotype
EQ|PO_0025034|PATO_0001436	FLOPO_0989007	leaf sessile (sensu botany)	EQ|PO_0025034|PATO_0001436	phenotype
EQ|PO_0000003|PATO_0104019	FLOPO_0989008	whole plant succulent	EQ|PO_0000003|PATO_0104019	phenotype
EQ|PO_0030100|PATO_0000921	FLOPO_0989009	legume fruit width	EQ|PO_0030100|PATO_0000921	phenotype
EQ|PO_0030107|PATO_0000467	FLOPO_0989010	achene fruit present	EQ|PO_0030107|PATO_0000467	phenotype
EQ|PO_0030108|PATO_0000467	FLOPO_0989011	berry fruit present	EQ|PO_0030108|PATO_0000467	phenotype
EQ|PO_0030121|PATO_0001499	FLOPO_0989012	capitulum inflorescence spherical	EQ|PO_0030121|PATO_0001499	phenotype
EQ|PO_0020043|PATO_0000410	FLOPO_0989013	compound leaf pinnate	EQ|PO_0020043|PATO_0000410	phenotype
EQ|PO_0030105|PATO_0000467	FLOPO_0989014	follicle fruit present	EQ|PO_0030105|PATO_0000467	phenotype
EQ|PO_0025034|PATO_0104019	FLOPO_0989015	leaf succulent	EQ|PO_0025034|PATO_0104019	phenotype
EQ|PO_0025034|PATO_0001730	FLOPO_0989016	leaf deciduous (generic)	EQ|PO_0025034|PATO_0001730	phenotype
EQ|PO_0030102|PATO_0000467	FLOPO_0989017	nut fruit present	EQ|PO_0030102|PATO_0000467	phenotype
EQ|PO_0025073|PATO_0001365	FLOPO_0989018	branch spiny	EQ|PO_0025073|PATO_0001365	phenotype
EQ|PO_0030117|PATO_0000467	FLOPO_0989019	spike inflorescence present	EQ|PO_0030117|PATO_0000467	phenotype
EQ|PO_0009046|PATO_0104031	FLOPO_0989020	flower cream	EQ|PO_0009046|PATO_0104031	phenotype
EQ|PO_0030100|PATO_0000407	FLOPO_0989021	legume fruit flat	EQ|PO_0030100|PATO_0000407	phenotype
EQ|PO_0000003|PATO_0002348	FLOPO_0989022	whole plant ligneous	EQ|PO_0000003|PATO_0002348	phenotype
EQ|PO_0008039|PATO_0002348	FLOPO_0989023	stem base ligneous	EQ|PO_0008039|PATO_0002348	phenotype
EQ|PO_0025174|PATO_0000122	FLOPO_0989024	spine stipule length	EQ|PO_0025174|PATO_0000122	phenotype
EQ|PO_0030121|PATO_0000324	FLOPO_0989025	capitulum inflorescence yellow	EQ|PO_0030121|PATO_0000324	phenotype
EQ|PO_0009046|PATO_0001286	FLOPO_0989026	flower desaturated yellow	EQ|PO_0009046|PATO_0001286	phenotype
EQ|PO_0020043|PATO_0000467	FLOPO_0989027	compound leaf present	EQ|PO_0020043|PATO_0000467	phenotype
EQ|PO_0020128|PATO_0001205	FLOPO_0989028	leaf margin dentated	EQ|PO_0020128|PATO_0001205	phenotype
EQ|PO_0030113|PATO_0000122	FLOPO_0989029	flower pedicel length	EQ|PO_0030113|PATO_0000122	phenotype
EQ|PO_0030126|PATO_0000467	FLOPO_0989030	cyme inflorescence present	EQ|PO_0030126|PATO_0000467	phenotype
EQ|PO_0009047|PATO_0002348	FLOPO_0989031	stem ligneous	EQ|PO_0009047|PATO_0002348	phenotype
EQ|PO_0030091|PATO_0000921	FLOPO_0989032	capsule fruit width	EQ|PO_0030091|PATO_0000921	phenotype
EQ|PO_0030091|PATO_0001499	FLOPO_0989033	capsule fruit spherical	EQ|PO_0030091|PATO_0001499	phenotype
EQ|PO_0030100|PATO_0000406	FLOPO_0989034	legume fruit curved	EQ|PO_0030100|PATO_0000406	phenotype
EQ|PO_0030102|PATO_0000122	FLOPO_0989035	nut fruit length	EQ|PO_0030102|PATO_0000122	phenotype
EQ|PO_0030102|PATO_0000921	FLOPO_0989036	nut fruit width	EQ|PO_0030102|PATO_0000921	phenotype
EQ|PO_0030117|PATO_0002476	FLOPO_0989037	spike inflorescence terminal	EQ|PO_0030117|PATO_0002476	phenotype
EQ|PO_0030121|PATO_0001334	FLOPO_0989038	capitulum inflorescence diameter	EQ|PO_0030121|PATO_0001334	phenotype
EQ|PO_0030121|PATO_0002476	FLOPO_0989039	capitulum inflorescence terminal	EQ|PO_0030121|PATO_0002476	phenotype
EQ|PO_0030129|PATO_0000467	FLOPO_0989040	umbel inflorescence present	EQ|PO_0030129|PATO_0000467	phenotype
EQ|FLOPO_0980431|PATO_0000467	FLOPO_0989041	plant latex present	EQ|FLOPO_0980431|PATO_0000467	phenotype
EQ|PO_0000282|PATO_0000387	FLOPO_0989042	trichome soft	EQ|PO_0000282|PATO_0000387	phenotype
EQ|PO_0000282|PATO_0000950	FLOPO_0989043	trichome grey	EQ|PO_0000282|PATO_0000950	phenotype
EQ|PO_0009001|PATO_0104311	FLOPO_0989044	fruit purplish red	EQ|PO_0009001|PATO_0104311	phenotype
EQ|PO_0020041|PATO_0001730	FLOPO_0989045	stipule deciduous (generic)	EQ|PO_0020041|PATO_0001730	phenotype
EQ|PO_0025034|PATO_0001272	FLOPO_0989046	leaf desaturated green	EQ|PO_0025034|PATO_0001272	phenotype
EQ|PO_0025034|PATO_0104007	FLOPO_0989047	leaf greyish green	EQ|PO_0025034|PATO_0104007	phenotype
EQ|PO_0025034|PATO_0104020	FLOPO_0989048	leaf blue green	EQ|PO_0025034|PATO_0104020	phenotype
EQ|PO_0025073|PATO_0001287	FLOPO_0989049	branch red brown	EQ|PO_0025073|PATO_0001287	phenotype
EQ|PO_0025073|PATO_0002348	FLOPO_0989050	branch ligneous	EQ|PO_0025073|PATO_0002348	phenotype
EQ|PO_0025073|PATO_0104019	FLOPO_0989051	branch succulent	EQ|PO_0025073|PATO_0104019	phenotype
EQ|PO_0025172|PATO_0000462	FLOPO_0989052	thorn absent	EQ|PO_0025172|PATO_0000462	phenotype
EQ|PO_0025172|PATO_0002180	FLOPO_0989053	thorn straight	EQ|PO_0025172|PATO_0002180	phenotype
EQ|PO_0030091|PATO_0000322	FLOPO_0989054	capsule fruit red	EQ|PO_0030091|PATO_0000322	phenotype
EQ|PO_0030091|PATO_0001334	FLOPO_0989055	capsule fruit diameter	EQ|PO_0030091|PATO_0001334	phenotype
EQ|PO_0030100|PATO_0000946	FLOPO_0989056	legume fruit oblong	EQ|PO_0030100|PATO_0000946	phenotype
EQ|PO_0030100|PATO_0001873	FLOPO_0989057	legume fruit cylindrical	EQ|PO_0030100|PATO_0001873	phenotype
EQ|PO_0030102|PATO_0001245	FLOPO_0989058	nut fruit dark brown	EQ|PO_0030102|PATO_0001245	phenotype
EQ|PO_0030103|PATO_0000921	FLOPO_0989059	drupe fruit width	EQ|PO_0030103|PATO_0000921	phenotype
EQ|PO_0030106|PATO_0000467	FLOPO_0989060	silique fruit present	EQ|PO_0030106|PATO_0000467	phenotype
EQ|PO_0030115|PATO_0002476	FLOPO_0989061	raceme inflorescence terminal	EQ|PO_0030115|PATO_0002476	phenotype
EQ|PO_0000003|PATO_0001331	FLOPO_0989062	whole plant odorous	EQ|PO_0000003|PATO_0001331	phenotype
EQ|PO_0000049|PATO_0000454	FLOPO_0989063	leaf lamina abaxial epidermis hairy	EQ|PO_0000049|PATO_0000454	phenotype
EQ|PO_0000050|PATO_0000453	FLOPO_0989064	leaf lamina adaxial epidermis glabrous	EQ|PO_0000050|PATO_0000453	phenotype
EQ|PO_0004518|PATO_0001268	FLOPO_0989065	bark desaturated brown	EQ|PO_0004518|PATO_0001268	phenotype
EQ|PO_0004545|PATO_0000122	FLOPO_0989066	shoot-borne shoot system length	EQ|PO_0004545|PATO_0000122	phenotype
EQ|PO_0004545|PATO_0000454	FLOPO_0989067	shoot-borne shoot system hairy	EQ|PO_0004545|PATO_0000454	phenotype
EQ|PO_0005031|PATO_0001629	FLOPO_0989068	microsporangiate strobilus aggregated	EQ|PO_0005031|PATO_0001629	phenotype
EQ|PO_0005031|PATO_0002476	FLOPO_0989069	microsporangiate strobilus terminal	EQ|PO_0005031|PATO_0002476	phenotype
EQ|PO_0006018|PATO_0000320	FLOPO_0989070	leaf adaxial epidermis green	EQ|PO_0006018|PATO_0000320	phenotype
EQ|PO_0006018|PATO_0001249	FLOPO_0989071	leaf adaxial epidermis dark green	EQ|PO_0006018|PATO_0001249	phenotype
EQ|PO_0009001|PATO_0104019	FLOPO_0989072	fruit succulent	EQ|PO_0009001|PATO_0104019	phenotype
EQ|PO_0009006|PATO_0000407	FLOPO_0989073	shoot system flat	EQ|PO_0009006|PATO_0000407	phenotype
EQ|PO_0009006|PATO_0001164	FLOPO_0989074	shoot system dense	EQ|PO_0009006|PATO_0001164	phenotype
EQ|PO_0009010|PATO_0001947	FLOPO_0989075	seed netted	EQ|PO_0009010|PATO_0001947	phenotype
EQ|PO_0009047|PATO_0104016	FLOPO_0989076	stem terete	EQ|PO_0009047|PATO_0104016	phenotype
EQ|PO_0009047|PATO_0104019	FLOPO_0989077	stem succulent	EQ|PO_0009047|PATO_0104019	phenotype
EQ|PO_0009049|PATO_0104031	FLOPO_0989078	inflorescence cream	EQ|PO_0009049|PATO_0104031	phenotype
EQ|PO_0020041|PATO_0001365	FLOPO_0989079	stipule spiny	EQ|PO_0020041|PATO_0001365	phenotype
EQ|PO_0020041|PATO_0001436	FLOPO_0989080	stipule sessile (sensu botany)	EQ|PO_0020041|PATO_0001436	phenotype
EQ|PO_0020075|PATO_0000467	FLOPO_0989081	mericarp present	EQ|PO_0020075|PATO_0000467	phenotype
EQ|PO_0020128|PATO_0002359	FLOPO_0989082	leaf margin broad	EQ|PO_0020128|PATO_0002359	phenotype
EQ|PO_0020137|PATO_0002258	FLOPO_0989083	leaf apex pointed	EQ|PO_0020137|PATO_0002258	phenotype
EQ|PO_0025034|PATO_0104041	FLOPO_0989084	leaf velutinous	EQ|PO_0025034|PATO_0104041	phenotype
EQ|PO_0025073|PATO_0001544	FLOPO_0989085	branch flexible	EQ|PO_0025073|PATO_0001544	phenotype
EQ|PO_0025073|PATO_0002445	FLOPO_0989086	branch torsioned	EQ|PO_0025073|PATO_0002445	phenotype
EQ|PO_0025083|PATO_0001891	FLOPO_0989087	strobilus ovate	EQ|PO_0025083|PATO_0001891	phenotype
EQ|PO_0025172|PATO_0000323	FLOPO_0989088	thorn white	EQ|PO_0025172|PATO_0000323	phenotype
EQ|PO_0025172|PATO_0001419	FLOPO_0989089	thorn sharp	EQ|PO_0025172|PATO_0001419	phenotype
EQ|PO_0025172|PATO_0002212	FLOPO_0989090	thorn slender	EQ|PO_0025172|PATO_0002212	phenotype
EQ|PO_0025174|PATO_0001365	FLOPO_0989091	spine stipule spiny	EQ|PO_0025174|PATO_0001365	phenotype
EQ|PO_0025174|PATO_0002310	FLOPO_0989092	spine stipule robust	EQ|PO_0025174|PATO_0002310	phenotype
EQ|PO_0030091|PATO_0000122	FLOPO_0989093	capsule fruit length	EQ|PO_0030091|PATO_0000122	phenotype
EQ|PO_0030091|PATO_0001875	FLOPO_0989094	capsule fruit triangular	EQ|PO_0030091|PATO_0001875	phenotype
EQ|PO_0030098|PATO_0000467	FLOPO_0989095	schizocarp fruit present	EQ|PO_0030098|PATO_0000467	phenotype
EQ|PO_0030100|PATO_0000453	FLOPO_0989096	legume fruit glabrous	EQ|PO_0030100|PATO_0000453	phenotype
EQ|PO_0030100|PATO_0000454	FLOPO_0989097	legume fruit hairy	EQ|PO_0030100|PATO_0000454	phenotype
EQ|PO_0030100|PATO_0001245	FLOPO_0989098	legume fruit dark brown	EQ|PO_0030100|PATO_0001245	phenotype
EQ|PO_0030100|PATO_0002215	FLOPO_0989099	legume fruit falciform	EQ|PO_0030100|PATO_0002215	phenotype
EQ|PO_0030100|PATO_0002226	FLOPO_0989100	legume fruit subcylindrical	EQ|PO_0030100|PATO_0002226	phenotype
EQ|PO_0030100|PATO_0002312	FLOPO_0989101	legume fruit segmented	EQ|PO_0030100|PATO_0002312	phenotype
EQ|PO_0030100|PATO_0002445	FLOPO_0989102	legume fruit torsioned	EQ|PO_0030100|PATO_0002445	phenotype
EQ|PO_0030102|PATO_0000946	FLOPO_0989103	nut fruit oblong	EQ|PO_0030102|PATO_0000946	phenotype
EQ|PO_0030102|PATO_0000952	FLOPO_0989104	nut fruit brown	EQ|PO_0030102|PATO_0000952	phenotype
EQ|PO_0030103|PATO_0000322	FLOPO_0989105	drupe fruit red	EQ|PO_0030103|PATO_0000322	phenotype
EQ|PO_0030103|PATO_0001499	FLOPO_0989106	drupe fruit spherical	EQ|PO_0030103|PATO_0001499	phenotype
EQ|PO_0030103|PATO_0001979	FLOPO_0989107	drupe fruit lobed	EQ|PO_0030103|PATO_0001979	phenotype
EQ|PO_0030108|PATO_0000921	FLOPO_0989108	berry fruit width	EQ|PO_0030108|PATO_0000921	phenotype
EQ|PO_0030108|PATO_0001499	FLOPO_0989109	berry fruit spherical	EQ|PO_0030108|PATO_0001499	phenotype
EQ|PO_0030108|PATO_0001891	FLOPO_0989110	berry fruit ovate	EQ|PO_0030108|PATO_0001891	phenotype
EQ|PO_0030121|PATO_0002388	FLOPO_0989111	capitulum inflorescence pedunculate	EQ|PO_0030121|PATO_0002388	phenotype
EQ|PO_0030121|PATO_0104031	FLOPO_0989112	capitulum inflorescence cream	EQ|PO_0030121|PATO_0104031	phenotype
EQ|PO_0000003|PATO_0001249	FLOPO_0989113	whole plant dark green	EQ|PO_0000003|PATO_0001249	phenotype
EQ|PO_0000003|PATO_0001734	FLOPO_0989114	whole plant semi-deciduous(plant)	EQ|PO_0000003|PATO_0001734	phenotype
EQ|PO_0000003|PATO_0104114	FLOPO_0989115	whole plant yellowish green	EQ|PO_0000003|PATO_0104114	phenotype
EQ|PO_0000013|PATO_0000454	FLOPO_0989116	cauline leaf hairy	EQ|PO_0000013|PATO_0000454	phenotype
EQ|PO_0000013|PATO_0002359	FLOPO_0989117	cauline leaf broad	EQ|PO_0000013|PATO_0002359	phenotype
EQ|PO_0000044|PATO_0000467	FLOPO_0989118	prop root present	EQ|PO_0000044|PATO_0000467	phenotype
EQ|PO_0000048|PATO_0000410	FLOPO_0989119	leaf lamina vascular system pinnate	EQ|PO_0000048|PATO_0000410	phenotype
EQ|PO_0000048|PATO_0001482	FLOPO_0989120	leaf lamina vascular system prominent	EQ|PO_0000048|PATO_0001482	phenotype
EQ|PO_0000049|PATO_0001252	FLOPO_0989121	leaf lamina abaxial epidermis light grey	EQ|PO_0000049|PATO_0001252	phenotype
EQ|PO_0000049|PATO_0001408	FLOPO_0989122	leaf lamina abaxial epidermis ciliated	EQ|PO_0000049|PATO_0001408	phenotype
EQ|PO_0000050|PATO_0000320	FLOPO_0989123	leaf lamina adaxial epidermis green	EQ|PO_0000050|PATO_0000320	phenotype
EQ|PO_0000050|PATO_0001373	FLOPO_0989124	leaf lamina adaxial epidermis glistening	EQ|PO_0000050|PATO_0001373	phenotype
EQ|PO_0000050|PATO_0104007	FLOPO_0989125	leaf lamina adaxial epidermis greyish green	EQ|PO_0000050|PATO_0104007	phenotype
EQ|PO_0000282|PATO_0001164	FLOPO_0989126	trichome dense	EQ|PO_0000282|PATO_0001164	phenotype
EQ|PO_0000282|PATO_0001419	FLOPO_0989127	trichome sharp	EQ|PO_0000282|PATO_0001419	phenotype
EQ|PO_0004509|PATO_0000323	FLOPO_0989128	glandular trichome white	EQ|PO_0004509|PATO_0000323	phenotype
EQ|PO_0004509|PATO_0000467	FLOPO_0989129	glandular trichome present	EQ|PO_0004509|PATO_0000467	phenotype
EQ|PO_0004509|PATO_0002117	FLOPO_0989130	glandular trichome glandular	EQ|PO_0004509|PATO_0002117	phenotype
EQ|PO_0004511|PATO_0000324	FLOPO_0989131	seed trichome yellow	EQ|PO_0004511|PATO_0000324	phenotype
EQ|PO_0004518|PATO_0104010	FLOPO_0989132	bark papyraceous	EQ|PO_0004518|PATO_0104010	phenotype
EQ|PO_0004545|PATO_0000622	FLOPO_0989133	shoot-borne shoot system erect	EQ|PO_0004545|PATO_0000622	phenotype
EQ|PO_0004545|PATO_0002348	FLOPO_0989134	shoot-borne shoot system ligneous	EQ|PO_0004545|PATO_0002348	phenotype
EQ|PO_0005031|PATO_0000122	FLOPO_0989135	microsporangiate strobilus length	EQ|PO_0005031|PATO_0000122	phenotype
EQ|PO_0005032|PATO_0001334	FLOPO_0989136	megasporangiate strobilus diameter	EQ|PO_0005032|PATO_0001334	phenotype
EQ|PO_0005032|PATO_0001629	FLOPO_0989137	megasporangiate strobilus aggregated	EQ|PO_0005032|PATO_0001629	phenotype
EQ|PO_0005032|PATO_0002351	FLOPO_0989138	megasporangiate strobilus fleshy	EQ|PO_0005032|PATO_0002351	phenotype
EQ|PO_0005032|PATO_0002476	FLOPO_0989139	megasporangiate strobilus terminal	EQ|PO_0005032|PATO_0002476	phenotype
EQ|PO_0006018|PATO_0000454	FLOPO_0989140	leaf adaxial epidermis hairy	EQ|PO_0006018|PATO_0000454	phenotype
EQ|PO_0006019|PATO_0000950	FLOPO_0989141	leaf abaxial epidermis grey	EQ|PO_0006019|PATO_0000950	phenotype
EQ|PO_0006019|PATO_0001250	FLOPO_0989142	leaf abaxial epidermis light green	EQ|PO_0006019|PATO_0001250	phenotype
EQ|PO_0006019|PATO_0002341	FLOPO_0989143	leaf abaxial epidermis tomentose	EQ|PO_0006019|PATO_0002341	phenotype
EQ|PO_0006034|PATO_0001412	FLOPO_0989144	leaflet margin unstructured	EQ|PO_0006034|PATO_0001412	phenotype
EQ|PO_0009001|PATO_0001268	FLOPO_0989145	fruit desaturated brown	EQ|PO_0009001|PATO_0001268	phenotype
EQ|PO_0009001|PATO_0001284	FLOPO_0989146	fruit desaturated red	EQ|PO_0009001|PATO_0001284	phenotype
EQ|PO_0009001|PATO_0001947	FLOPO_0989147	fruit netted	EQ|PO_0009001|PATO_0001947	phenotype
EQ|PO_0009001|PATO_0104079	FLOPO_0989148	fruit reddish purple	EQ|PO_0009001|PATO_0104079	phenotype
EQ|PO_0009006|PATO_0000950	FLOPO_0989149	shoot system grey	EQ|PO_0009006|PATO_0000950	phenotype
EQ|PO_0009006|PATO_0002359	FLOPO_0989150	shoot system broad	EQ|PO_0009006|PATO_0002359	phenotype
EQ|PO_0009010|PATO_0001286	FLOPO_0989151	seed desaturated yellow	EQ|PO_0009010|PATO_0001286	phenotype
EQ|PO_0009010|PATO_0002430	FLOPO_0989152	seed strap-shaped	EQ|PO_0009010|PATO_0002430	phenotype
EQ|PO_0009010|PATO_0104035	FLOPO_0989153	seed pendent	EQ|PO_0009010|PATO_0104035	phenotype
EQ|PO_0009046|PATO_0001251	FLOPO_0989154	flower dark grey	EQ|PO_0009046|PATO_0001251	phenotype
EQ|PO_0009046|PATO_0001260	FLOPO_0989155	flower light purple	EQ|PO_0009046|PATO_0001260	phenotype
EQ|PO_0009046|PATO_0001266	FLOPO_0989156	flower desaturated blue	EQ|PO_0009046|PATO_0001266	phenotype
EQ|PO_0009046|PATO_0001566	FLOPO_0989157	flower distributed	EQ|PO_0009046|PATO_0001566	phenotype
EQ|PO_0009046|PATO_0002191	FLOPO_0989158	flower aromatic	EQ|PO_0009046|PATO_0002191	phenotype
EQ|PO_0009046|PATO_0002260	FLOPO_0989159	flower semi erect	EQ|PO_0009046|PATO_0002260	phenotype
EQ|PO_0009046|PATO_0002430	FLOPO_0989160	flower strap-shaped	EQ|PO_0009046|PATO_0002430	phenotype
EQ|PO_0009046|PATO_0104059	FLOPO_0989161	flower pinkish white	EQ|PO_0009046|PATO_0104059	phenotype
EQ|PO_0009046|PATO_0104151	FLOPO_0989162	flower dark pink	EQ|PO_0009046|PATO_0104151	phenotype
EQ|PO_0009046|PATO_0104314	FLOPO_0989163	flower crimson	EQ|PO_0009046|PATO_0104314	phenotype
EQ|PO_0009047|PATO_0000327	FLOPO_0989164	stem low brightness	EQ|PO_0009047|PATO_0000327	phenotype
EQ|PO_0009047|PATO_0001251	FLOPO_0989165	stem dark grey	EQ|PO_0009047|PATO_0001251	phenotype
EQ|PO_0009047|PATO_0104031	FLOPO_0989166	stem cream	EQ|PO_0009047|PATO_0104031	phenotype
EQ|PO_0009049|PATO_0001262	FLOPO_0989167	inflorescence light red	EQ|PO_0009049|PATO_0001262	phenotype
EQ|PO_0009049|PATO_0001331	FLOPO_0989168	inflorescence odorous	EQ|PO_0009049|PATO_0001331	phenotype
EQ|PO_0009058|PATO_0104032	FLOPO_0989169	perianth coriaceous	EQ|PO_0009058|PATO_0104032	phenotype
EQ|PO_0009081|PATO_0000122	FLOPO_0989170	higher order inflorescence axis length	EQ|PO_0009081|PATO_0000122	phenotype
EQ|PO_0009088|PATO_0000700	FLOPO_0989171	seed coat rough	EQ|PO_0009088|PATO_0000700	phenotype
EQ|PO_0009088|PATO_0001759	FLOPO_0989172	seed coat granular	EQ|PO_0009088|PATO_0001759	phenotype
EQ|PO_0020038|PATO_0002348	FLOPO_0989173	petiole ligneous	EQ|PO_0020038|PATO_0002348	phenotype
EQ|PO_0020038|PATO_0070059	FLOPO_0989174	petiole rusty	EQ|PO_0020038|PATO_0070059	phenotype
EQ|PO_0020039|PATO_0000454	FLOPO_0989175	leaf lamina hairy	EQ|PO_0020039|PATO_0000454	phenotype
EQ|PO_0020039|PATO_0002241	FLOPO_0989176	leaf lamina trilobed	EQ|PO_0020039|PATO_0002241	phenotype
EQ|PO_0020040|PATO_0000616	FLOPO_0989177	leaf base asymmetrical	EQ|PO_0020040|PATO_0000616	phenotype
EQ|PO_0020041|PATO_0001419	FLOPO_0989178	stipule sharp	EQ|PO_0020041|PATO_0001419	phenotype
EQ|PO_0020043|PATO_0000122	FLOPO_0989179	compound leaf length	EQ|PO_0020043|PATO_0000122	phenotype
EQ|PO_0020043|PATO_0000921	FLOPO_0989180	compound leaf width	EQ|PO_0020043|PATO_0000921	phenotype
EQ|PO_0020049|PATO_0001154	FLOPO_0989181	leaflet elongated	EQ|PO_0020049|PATO_0001154	phenotype
EQ|PO_0020049|PATO_0001412	FLOPO_0989182	leaflet unstructured	EQ|PO_0020049|PATO_0001412	phenotype
EQ|PO_0020049|PATO_0002445	FLOPO_0989183	leaflet torsioned	EQ|PO_0020049|PATO_0002445	phenotype
EQ|PO_0020061|PATO_0000467	FLOPO_0989184	coma present	EQ|PO_0020061|PATO_0000467	phenotype
EQ|PO_0020121|PATO_0000467	FLOPO_0989185	lateral root present	EQ|PO_0020121|PATO_0000467	phenotype
EQ|PO_0020122|PATO_0000122	FLOPO_0989186	inflorescence axis length	EQ|PO_0020122|PATO_0000122	phenotype
EQ|PO_0020128|PATO_0000323	FLOPO_0989187	leaf margin white	EQ|PO_0020128|PATO_0000323	phenotype
EQ|PO_0020128|PATO_0001365	FLOPO_0989188	leaf margin spiny	EQ|PO_0020128|PATO_0001365	phenotype
EQ|PO_0020128|PATO_0001594	FLOPO_0989189	leaf margin arched	EQ|PO_0020128|PATO_0001594	phenotype
EQ|PO_0020128|PATO_0001786	FLOPO_0989190	leaf margin split	EQ|PO_0020128|PATO_0001786	phenotype
EQ|PO_0020137|PATO_0001365	FLOPO_0989191	leaf apex spiny	EQ|PO_0020137|PATO_0001365	phenotype
EQ|PO_0020137|PATO_0001500	FLOPO_0989192	leaf apex tapered	EQ|PO_0020137|PATO_0001500	phenotype
EQ|PO_0025008|PATO_0104013	FLOPO_0989193	petal margin greenish yellow	EQ|PO_0025008|PATO_0104013	phenotype
EQ|PO_0025025|PATO_0001855	FLOPO_0989194	root system horizontal	EQ|PO_0025025|PATO_0001855	phenotype
EQ|PO_0025034|PATO_0000327	FLOPO_0989195	leaf low brightness	EQ|PO_0025034|PATO_0000327	phenotype
EQ|PO_0025034|PATO_0001359	FLOPO_0989196	leaf rugose	EQ|PO_0025034|PATO_0001359	phenotype
EQ|PO_0025034|PATO_0002226	FLOPO_0989197	leaf subcylindrical	EQ|PO_0025034|PATO_0002226	phenotype
EQ|PO_0025034|PATO_0002235	FLOPO_0989198	leaf blade-like	EQ|PO_0025034|PATO_0002235	phenotype
EQ|PO_0025034|PATO_0002430	FLOPO_0989199	leaf strap-shaped	EQ|PO_0025034|PATO_0002430	phenotype
EQ|PO_0025034|PATO_0104114	FLOPO_0989200	leaf yellowish green	EQ|PO_0025034|PATO_0104114	phenotype
EQ|PO_0025034|PATO_0104123	FLOPO_0989201	leaf deep green	EQ|PO_0025034|PATO_0104123	phenotype
EQ|PO_0025073|PATO_0001251	FLOPO_0989202	branch dark grey	EQ|PO_0025073|PATO_0001251	phenotype
EQ|PO_0025073|PATO_0001252	FLOPO_0989203	branch light grey	EQ|PO_0025073|PATO_0001252	phenotype
EQ|PO_0025073|PATO_0001272	FLOPO_0989204	branch desaturated green	EQ|PO_0025073|PATO_0001272	phenotype
EQ|PO_0025073|PATO_0001284	FLOPO_0989205	branch desaturated red	EQ|PO_0025073|PATO_0001284	phenotype
EQ|PO_0025073|PATO_0001802	FLOPO_0989206	branch loose	EQ|PO_0025073|PATO_0001802	phenotype
EQ|PO_0025073|PATO_0001846	FLOPO_0989207	branch tangled	EQ|PO_0025073|PATO_0001846	phenotype
EQ|PO_0025073|PATO_0001989	FLOPO_0989208	branch sinuous	EQ|PO_0025073|PATO_0001989	phenotype
EQ|PO_0025073|PATO_0002310	FLOPO_0989209	branch robust	EQ|PO_0025073|PATO_0002310	phenotype
EQ|PO_0025073|PATO_0104020	FLOPO_0989210	branch blue green	EQ|PO_0025073|PATO_0104020	phenotype
EQ|PO_0025073|PATO_0104311	FLOPO_0989211	branch purplish red	EQ|PO_0025073|PATO_0104311	phenotype
EQ|PO_0025083|PATO_0000122	FLOPO_0989212	strobilus length	EQ|PO_0025083|PATO_0000122	phenotype
EQ|PO_0025083|PATO_0000323	FLOPO_0989213	strobilus white	EQ|PO_0025083|PATO_0000323	phenotype
EQ|PO_0025083|PATO_0000952	FLOPO_0989214	strobilus brown	EQ|PO_0025083|PATO_0000952	phenotype
EQ|PO_0025083|PATO_0000953	FLOPO_0989215	strobilus orange	EQ|PO_0025083|PATO_0000953	phenotype
EQ|PO_0025083|PATO_0001354	FLOPO_0989216	strobilus translucent	EQ|PO_0025083|PATO_0001354	phenotype
EQ|PO_0025083|PATO_0001499	FLOPO_0989217	strobilus spherical	EQ|PO_0025083|PATO_0001499	phenotype
EQ|PO_0025083|PATO_0002351	FLOPO_0989218	strobilus fleshy	EQ|PO_0025083|PATO_0002351	phenotype
EQ|PO_0025169|PATO_0002310	FLOPO_0989219	prickle robust	EQ|PO_0025169|PATO_0002310	phenotype
EQ|PO_0025172|PATO_0001245	FLOPO_0989220	thorn dark brown	EQ|PO_0025172|PATO_0001245	phenotype
EQ|PO_0025172|PATO_0002310	FLOPO_0989221	thorn robust	EQ|PO_0025172|PATO_0002310	phenotype
EQ|PO_0025172|PATO_0104016	FLOPO_0989222	thorn terete	EQ|PO_0025172|PATO_0104016	phenotype
EQ|PO_0025174|PATO_0001419	FLOPO_0989223	spine stipule sharp	EQ|PO_0025174|PATO_0001419	phenotype
EQ|PO_0025174|PATO_0002149	FLOPO_0989224	spine stipule ivory	EQ|PO_0025174|PATO_0002149	phenotype
EQ|PO_0025174|PATO_0002180	FLOPO_0989225	spine stipule straight	EQ|PO_0025174|PATO_0002180	phenotype
EQ|PO_0025174|PATO_0002215	FLOPO_0989226	spine stipule falciform	EQ|PO_0025174|PATO_0002215	phenotype
EQ|PO_0025248|PATO_0000122	FLOPO_0989227	pseudostem length	EQ|PO_0025248|PATO_0000122	phenotype
EQ|PO_0025355|PATO_0005014	FLOPO_0989228	corm subspherical	EQ|PO_0025355|PATO_0005014	phenotype
EQ|PO_0025600|PATO_0000323	FLOPO_0989229	staminate flower white	EQ|PO_0025600|PATO_0000323	phenotype
EQ|PO_0025600|PATO_0001334	FLOPO_0989230	staminate flower diameter	EQ|PO_0025600|PATO_0001334	phenotype
EQ|PO_0025600|PATO_0001436	FLOPO_0989231	staminate flower sessile (sensu botany)	EQ|PO_0025600|PATO_0001436	phenotype
EQ|PO_0025600|PATO_0001499	FLOPO_0989232	staminate flower spherical	EQ|PO_0025600|PATO_0001499	phenotype
EQ|PO_0025600|PATO_0001979	FLOPO_0989233	staminate flower lobed	EQ|PO_0025600|PATO_0001979	phenotype
EQ|PO_0030091|PATO_0000386	FLOPO_0989234	capsule fruit hard	EQ|PO_0030091|PATO_0000386	phenotype
EQ|PO_0030091|PATO_0000454	FLOPO_0989235	capsule fruit hairy	EQ|PO_0030091|PATO_0000454	phenotype
EQ|PO_0030091|PATO_0000946	FLOPO_0989236	capsule fruit oblong	EQ|PO_0030091|PATO_0000946	phenotype
EQ|PO_0030091|PATO_0001424	FLOPO_0989237	capsule fruit violet	EQ|PO_0030091|PATO_0001424	phenotype
EQ|PO_0030091|PATO_0001891	FLOPO_0989238	capsule fruit ovate	EQ|PO_0030091|PATO_0001891	phenotype
EQ|PO_0030100|PATO_0000320	FLOPO_0989239	legume fruit green	EQ|PO_0030100|PATO_0000320	phenotype
EQ|PO_0030100|PATO_0000404	FLOPO_0989240	legume fruit coiled	EQ|PO_0030100|PATO_0000404	phenotype
EQ|PO_0030100|PATO_0000622	FLOPO_0989241	legume fruit erect	EQ|PO_0030100|PATO_0000622	phenotype
EQ|PO_0030100|PATO_0000950	FLOPO_0989242	legume fruit grey	EQ|PO_0030100|PATO_0000950	phenotype
EQ|PO_0030100|PATO_0000951	FLOPO_0989243	legume fruit purple	EQ|PO_0030100|PATO_0000951	phenotype
EQ|PO_0030100|PATO_0001199	FLOPO_0989244	legume fruit linear	EQ|PO_0030100|PATO_0001199	phenotype
EQ|PO_0030100|PATO_0001287	FLOPO_0989245	legume fruit red brown	EQ|PO_0030100|PATO_0001287	phenotype
EQ|PO_0030100|PATO_0001365	FLOPO_0989246	legume fruit spiny	EQ|PO_0030100|PATO_0001365	phenotype
EQ|PO_0030100|PATO_0002165	FLOPO_0989247	legume fruit drooping	EQ|PO_0030100|PATO_0002165	phenotype
EQ|PO_0030100|PATO_0002212	FLOPO_0989248	legume fruit slender	EQ|PO_0030100|PATO_0002212	phenotype
EQ|PO_0030100|PATO_0002254	FLOPO_0989249	legume fruit flattened	EQ|PO_0030100|PATO_0002254	phenotype
EQ|PO_0030100|PATO_0002457	FLOPO_0989250	legume fruit leaf-like	EQ|PO_0030100|PATO_0002457	phenotype
EQ|PO_0030100|PATO_0104032	FLOPO_0989251	legume fruit coriaceous	EQ|PO_0030100|PATO_0104032	phenotype
EQ|PO_0030100|PATO_0104311	FLOPO_0989252	legume fruit purplish red	EQ|PO_0030100|PATO_0104311	phenotype
EQ|PO_0030102|PATO_0000327	FLOPO_0989253	nut fruit low brightness	EQ|PO_0030102|PATO_0000327	phenotype
EQ|PO_0030102|PATO_0001499	FLOPO_0989254	nut fruit spherical	EQ|PO_0030102|PATO_0001499	phenotype
EQ|PO_0030102|PATO_0001540	FLOPO_0989255	nut fruit glutinous	EQ|PO_0030102|PATO_0001540	phenotype
EQ|PO_0030102|PATO_0001891	FLOPO_0989256	nut fruit ovate	EQ|PO_0030102|PATO_0001891	phenotype
EQ|PO_0030102|PATO_0001936	FLOPO_0989257	nut fruit obovate	EQ|PO_0030102|PATO_0001936	phenotype
EQ|PO_0030102|PATO_0002359	FLOPO_0989258	nut fruit broad	EQ|PO_0030102|PATO_0002359	phenotype
EQ|PO_0030103|PATO_0000122	FLOPO_0989259	drupe fruit length	EQ|PO_0030103|PATO_0000122	phenotype
EQ|PO_0030103|PATO_0000317	FLOPO_0989260	drupe fruit black	EQ|PO_0030103|PATO_0000317	phenotype
EQ|PO_0030103|PATO_0000453	FLOPO_0989261	drupe fruit glabrous	EQ|PO_0030103|PATO_0000453	phenotype
EQ|PO_0030103|PATO_0001373	FLOPO_0989262	drupe fruit glistening	EQ|PO_0030103|PATO_0001373	phenotype
EQ|PO_0030103|PATO_0001482	FLOPO_0989263	drupe fruit prominent	EQ|PO_0030103|PATO_0001482	phenotype
EQ|PO_0030105|PATO_0000122	FLOPO_0989264	follicle fruit length	EQ|PO_0030105|PATO_0000122	phenotype
EQ|PO_0030105|PATO_0000386	FLOPO_0989265	follicle fruit hard	EQ|PO_0030105|PATO_0000386	phenotype
EQ|PO_0030105|PATO_0000701	FLOPO_0989266	follicle fruit smooth	EQ|PO_0030105|PATO_0000701	phenotype
EQ|PO_0030105|PATO_0001365	FLOPO_0989267	follicle fruit spiny	EQ|PO_0030105|PATO_0001365	phenotype
EQ|PO_0030105|PATO_0001891	FLOPO_0989268	follicle fruit ovate	EQ|PO_0030105|PATO_0001891	phenotype
EQ|PO_0030107|PATO_0001873	FLOPO_0989269	achene fruit cylindrical	EQ|PO_0030107|PATO_0001873	phenotype
EQ|PO_0030108|PATO_0000122	FLOPO_0989270	berry fruit length	EQ|PO_0030108|PATO_0000122	phenotype
EQ|PO_0030108|PATO_0000317	FLOPO_0989271	berry fruit black	EQ|PO_0030108|PATO_0000317	phenotype
EQ|PO_0030108|PATO_0000322	FLOPO_0989272	berry fruit red	EQ|PO_0030108|PATO_0000322	phenotype
EQ|PO_0030113|PATO_0000406	FLOPO_0989273	flower pedicel curved	EQ|PO_0030113|PATO_0000406	phenotype
EQ|PO_0030113|PATO_0000454	FLOPO_0989274	flower pedicel hairy	EQ|PO_0030113|PATO_0000454	phenotype
EQ|PO_0030113|PATO_0000954	FLOPO_0989275	flower pedicel pink	EQ|PO_0030113|PATO_0000954	phenotype
EQ|PO_0030113|PATO_0002359	FLOPO_0989276	flower pedicel broad	EQ|PO_0030113|PATO_0002359	phenotype
EQ|PO_0030115|PATO_0000322	FLOPO_0989277	raceme inflorescence red	EQ|PO_0030115|PATO_0000322	phenotype
EQ|PO_0030115|PATO_0001802	FLOPO_0989278	raceme inflorescence loose	EQ|PO_0030115|PATO_0001802	phenotype
EQ|PO_0030115|PATO_0104035	FLOPO_0989279	raceme inflorescence pendent	EQ|PO_0030115|PATO_0104035	phenotype
EQ|PO_0030117|PATO_0000324	FLOPO_0989280	spike inflorescence yellow	EQ|PO_0030117|PATO_0000324	phenotype
EQ|PO_0030121|PATO_0000323	FLOPO_0989281	capitulum inflorescence white	EQ|PO_0030121|PATO_0000323	phenotype
EQ|PO_0030121|PATO_0000921	FLOPO_0989282	capitulum inflorescence width	EQ|PO_0030121|PATO_0000921	phenotype
EQ|PO_0030121|PATO_0000951	FLOPO_0989283	capitulum inflorescence purple	EQ|PO_0030121|PATO_0000951	phenotype
EQ|PO_0030121|PATO_0001164	FLOPO_0989284	capitulum inflorescence dense	EQ|PO_0030121|PATO_0001164	phenotype
EQ|PO_0030121|PATO_0001263	FLOPO_0989285	capitulum inflorescence dark yellow	EQ|PO_0030121|PATO_0001263	phenotype
EQ|PO_0030121|PATO_0001373	FLOPO_0989286	capitulum inflorescence glistening	EQ|PO_0030121|PATO_0001373	phenotype
EQ|PO_0030121|PATO_0002191	FLOPO_0989287	capitulum inflorescence aromatic	EQ|PO_0030121|PATO_0002191	phenotype
EQ|PO_0030121|PATO_0002254	FLOPO_0989288	capitulum inflorescence flattened	EQ|PO_0030121|PATO_0002254	phenotype
EQ|PO_0030123|PATO_0001873	FLOPO_0989289	panicle inflorescence cylindrical	EQ|PO_0030123|PATO_0001873	phenotype
EQ|PO_0030124|PATO_0000467	FLOPO_0989290	corymb inflorescence present	EQ|PO_0030124|PATO_0000467	phenotype
EQ|PO_0030129|PATO_0002476	FLOPO_0989291	umbel inflorescence terminal	EQ|PO_0030129|PATO_0002476	phenotype
PHENO|PO_0030091	FLOPO_0989292	capsule fruit phenotype	PHENO|PO_0030091	phenotype_parent
PHENO|PO_0030100	FLOPO_0989293	legume fruit phenotype	PHENO|PO_0030100	phenotype_parent
PHENO|PO_0030103	FLOPO_0989294	drupe fruit phenotype	PHENO|PO_0030103	phenotype_parent
PHENO|PO_0030108	FLOPO_0989295	berry fruit phenotype	PHENO|PO_0030108	phenotype_parent
PHENO|PO_0020043	FLOPO_0989296	compound leaf phenotype	PHENO|PO_0020043	phenotype_parent
PHENO|PO_0030105	FLOPO_0989297	follicle fruit phenotype	PHENO|PO_0030105	phenotype_parent
PHENO|PO_0025174	FLOPO_0989298	spine stipule phenotype	PHENO|PO_0025174	phenotype_parent
PHENO|PO_0030113	FLOPO_0989299	flower pedicel phenotype	PHENO|PO_0030113	phenotype_parent
PHENO|PO_0030126	FLOPO_0989300	cyme inflorescence phenotype	PHENO|PO_0030126	phenotype_parent
PHENO|PO_0030129	FLOPO_0989301	umbel inflorescence phenotype	PHENO|PO_0030129	phenotype_parent
PHENO|PO_0000049	FLOPO_0989302	leaf lamina abaxial epidermis phenotype	PHENO|PO_0000049	phenotype_parent
PHENO|PO_0000050	FLOPO_0989303	leaf lamina adaxial epidermis phenotype	PHENO|PO_0000050	phenotype_parent
PHENO|PO_0004545	FLOPO_0989304	shoot-borne shoot system phenotype	PHENO|PO_0004545	phenotype_parent
PHENO|PO_0005031	FLOPO_0989305	microsporangiate strobilus phenotype	PHENO|PO_0005031	phenotype_parent
PHENO|PO_0006018	FLOPO_0989306	leaf adaxial epidermis phenotype	PHENO|PO_0006018	phenotype_parent
PHENO|PO_0030098	FLOPO_0989307	schizocarp fruit phenotype	PHENO|PO_0030098	phenotype_parent
PHENO|PO_0000044	FLOPO_0989308	prop root phenotype	PHENO|PO_0000044	phenotype_parent
PHENO|PO_0000048	FLOPO_0989309	leaf lamina vascular system phenotype	PHENO|PO_0000048	phenotype_parent
PHENO|PO_0004509	FLOPO_0989310	glandular trichome phenotype	PHENO|PO_0004509	phenotype_parent
PHENO|PO_0005032	FLOPO_0989311	megasporangiate strobilus phenotype	PHENO|PO_0005032	phenotype_parent
PHENO|PO_0006019	FLOPO_0989312	leaf abaxial epidermis phenotype	PHENO|PO_0006019	phenotype_parent
PHENO|PO_0009081	FLOPO_0989313	higher order inflorescence axis phenotype	PHENO|PO_0009081	phenotype_parent
PHENO|PO_0025008	FLOPO_0989314	petal margin phenotype	PHENO|PO_0025008	phenotype_parent
PHENO|PO_0025600	FLOPO_0989315	staminate flower phenotype	PHENO|PO_0025600	phenotype_parent
PHENO|PO_0030124	FLOPO_0989316	corymb inflorescence phenotype	PHENO|PO_0030124	phenotype_parent
