proposal_key	ontology_id	label	kind	iscc_nbs_level	iscc_nbs_number	status	canonical_key
ISCCNBS:L1_001	FLOPO:0988000	pink	backbone_class	1		new_flopo_local	ISCCNBS:L1_001
ISCCNBS:L1_002	FLOPO:0988001	red	backbone_class	1		new_flopo_local	ISCCNBS:L1_002
ISCCNBS:L1_003	FLOPO:0988002	orange	backbone_class	1		new_flopo_local	ISCCNBS:L1_003
ISCCNBS:L1_004	FLOPO:0988003	brown	backbone_class	1		new_flopo_local	ISCCNBS:L1_004
ISCCNBS:L1_005	FLOPO:0988004	yellow	backbone_class	1		new_flopo_local	ISCCNBS:L1_005
ISCCNBS:L1_006	FLOPO:0988005	olive	backbone_class	1		new_flopo_local	ISCCNBS:L1_006
ISCCNBS:L1_007	PATO:0001941	yellow green	backbone_class	1,2		existing_pato_reused	ISCCNBS:L1_007
ISCCNBS:L2_014	PATO:0001941	yellow green	backbone_class	2		merged_into_canonical	ISCCNBS:L1_007
ISCCNBS:L1_008	FLOPO:0988006	green	backbone_class	1		new_flopo_local	ISCCNBS:L1_008
ISCCNBS:L1_009	FLOPO:0988007	blue	backbone_class	1		new_flopo_local	ISCCNBS:L1_009
ISCCNBS:L1_010	FLOPO:0988008	purple	backbone_class	1		new_flopo_local	ISCCNBS:L1_010
ISCCNBS:L1_011	FLOPO:0988009	white	backbone_class	1,2,3	263	new_flopo_local	ISCCNBS:L1_011
ISCCNBS:L2_027	FLOPO:0988009	white	backbone_class	2	263	merged_into_canonical	ISCCNBS:L1_011
ISCCNBS:L3_263	FLOPO:0988009	white	backbone_class	3	263	merged_into_canonical	ISCCNBS:L1_011
ISCCNBS:L1_012	FLOPO:0988010	gray	backbone_class	1,2		new_flopo_local	ISCCNBS:L1_012
ISCCNBS:L2_028	FLOPO:0988010	gray	backbone_class	2		merged_into_canonical	ISCCNBS:L1_012
ISCCNBS:L1_013	FLOPO:0988011	black	backbone_class	1,2,3	267	new_flopo_local	ISCCNBS:L1_013
ISCCNBS:L2_029	FLOPO:0988011	black	backbone_class	2	267	merged_into_canonical	ISCCNBS:L1_013
ISCCNBS:L3_267	FLOPO:0988011	black	backbone_class	3	267	merged_into_canonical	ISCCNBS:L1_013
ISCCNBS:L2_001	FLOPO:0988012	pink (ISCC-NBS level 2)	backbone_class	2		new_flopo_local	ISCCNBS:L2_001
ISCCNBS:L2_002	FLOPO:0988013	red (ISCC-NBS level 2)	backbone_class	2		new_flopo_local	ISCCNBS:L2_002
ISCCNBS:L2_003	FLOPO:0988014	yellowish pink	backbone_class	2		new_flopo_local	ISCCNBS:L2_003
ISCCNBS:L2_004	FLOPO:0988015	reddish orange	backbone_class	2		new_flopo_local	ISCCNBS:L2_004
ISCCNBS:L2_005	PATO:0001287	reddish brown	backbone_class	2		existing_pato_reused	ISCCNBS:L2_005
ISCCNBS:L2_006	FLOPO:0988016	orange (ISCC-NBS level 2)	backbone_class	2		new_flopo_local	ISCCNBS:L2_006
ISCCNBS:L2_007	FLOPO:0988017	brown (ISCC-NBS level 2)	backbone_class	2		new_flopo_local	ISCCNBS:L2_007
ISCCNBS:L2_008	PATO:0104054	orange yellow	backbone_class	2		existing_pato_reused	ISCCNBS:L2_008
ISCCNBS:L2_009	FLOPO:0988018	yellowish brown	backbone_class	2		new_flopo_local	ISCCNBS:L2_009
ISCCNBS:L2_010	FLOPO:0988019	yellow (ISCC-NBS level 2)	backbone_class	2		new_flopo_local	ISCCNBS:L2_010
ISCCNBS:L2_011	FLOPO:0988020	olive brown	backbone_class	2		new_flopo_local	ISCCNBS:L2_011
ISCCNBS:L2_012	PATO:0104013	greenish yellow	backbone_class	2		existing_pato_reused	ISCCNBS:L2_012
ISCCNBS:L2_013	FLOPO:0988021	olive (ISCC-NBS level 2)	backbone_class	2		new_flopo_local	ISCCNBS:L2_013
ISCCNBS:L2_015	FLOPO:0988022	olive green	backbone_class	2		new_flopo_local	ISCCNBS:L2_015
ISCCNBS:L2_016	PATO:0104114	yellowish green	backbone_class	2		existing_pato_reused	ISCCNBS:L2_016
ISCCNBS:L2_017	FLOPO:0988023	green (ISCC-NBS level 2)	backbone_class	2		new_flopo_local	ISCCNBS:L2_017
ISCCNBS:L2_018	PATO:0104020	bluish green	backbone_class	2		existing_pato_reused	ISCCNBS:L2_018
ISCCNBS:L2_019	FLOPO:0988024	greenish blue	backbone_class	2		new_flopo_local	ISCCNBS:L2_019
ISCCNBS:L2_020	FLOPO:0988025	blue (ISCC-NBS level 2)	backbone_class	2		new_flopo_local	ISCCNBS:L2_020
ISCCNBS:L2_021	FLOPO:0988026	purplish blue	backbone_class	2		new_flopo_local	ISCCNBS:L2_021
ISCCNBS:L2_022	FLOPO:0988027	violet	backbone_class	2		new_flopo_local	ISCCNBS:L2_022
ISCCNBS:L2_023	FLOPO:0988028	purple (ISCC-NBS level 2)	backbone_class	2		new_flopo_local	ISCCNBS:L2_023
ISCCNBS:L2_024	PATO:0104079	reddish purple	backbone_class	2		existing_pato_reused	ISCCNBS:L2_024
ISCCNBS:L2_025	FLOPO:0988029	purplish pink	backbone_class	2		new_flopo_local	ISCCNBS:L2_025
ISCCNBS:L2_026	PATO:0104311	purplish red	backbone_class	2		existing_pato_reused	ISCCNBS:L2_026
ISCCNBS:L3_001	FLOPO:0988030	vivid pink	backbone_class	3	1	new_flopo_local	ISCCNBS:L3_001
ISCCNBS:L3_002	FLOPO:0988031	strong pink	backbone_class	3	2	new_flopo_local	ISCCNBS:L3_002
ISCCNBS:L3_003	FLOPO:0988032	deep pink	backbone_class	3	3	new_flopo_local	ISCCNBS:L3_003
ISCCNBS:L3_004	FLOPO:0988033	light pink	backbone_class	3	4	new_flopo_local	ISCCNBS:L3_004
ISCCNBS:L3_005	FLOPO:0988034	moderate pink	backbone_class	3	5	new_flopo_local	ISCCNBS:L3_005
ISCCNBS:L3_006	PATO:0104151	dark pink	backbone_class	3	6	existing_pato_reused	ISCCNBS:L3_006
ISCCNBS:L3_007	FLOPO:0988035	pale pink	backbone_class	3	7	new_flopo_local	ISCCNBS:L3_007
ISCCNBS:L3_008	FLOPO:0988036	grayish pink	backbone_class	3	8	new_flopo_local	ISCCNBS:L3_008
ISCCNBS:L3_009	PATO:0104059	pinkish white	backbone_class	3	9	existing_pato_reused	ISCCNBS:L3_009
ISCCNBS:L3_010	FLOPO:0988037	pinkish gray	backbone_class	3	10	new_flopo_local	ISCCNBS:L3_010
ISCCNBS:L3_011	FLOPO:0988038	vivid red	backbone_class	3	11	new_flopo_local	ISCCNBS:L3_011
ISCCNBS:L3_012	FLOPO:0988039	strong red	backbone_class	3	12	new_flopo_local	ISCCNBS:L3_012
ISCCNBS:L3_013	PATO:0104189	deep red	backbone_class	3	13	existing_pato_reused	ISCCNBS:L3_013
ISCCNBS:L3_014	FLOPO:0988040	very deep red	backbone_class	3	14	new_flopo_local	ISCCNBS:L3_014
ISCCNBS:L3_015	FLOPO:0988041	moderate red	backbone_class	3	15	new_flopo_local	ISCCNBS:L3_015
ISCCNBS:L3_016	FLOPO:0988042	dark red	backbone_class	3	16	new_flopo_local	ISCCNBS:L3_016
ISCCNBS:L3_017	FLOPO:0988043	very dark red	backbone_class	3	17	new_flopo_local	ISCCNBS:L3_017
ISCCNBS:L3_018	FLOPO:0988044	light grayish red	backbone_class	3	18	new_flopo_local	ISCCNBS:L3_018
ISCCNBS:L3_019	FLOPO:0988045	grayish red	backbone_class	3	19	new_flopo_local	ISCCNBS:L3_019
ISCCNBS:L3_020	FLOPO:0988046	dark grayish red	backbone_class	3	20	new_flopo_local	ISCCNBS:L3_020
ISCCNBS:L3_021	FLOPO:0988047	blackish red	backbone_class	3	21	new_flopo_local	ISCCNBS:L3_021
ISCCNBS:L3_022	FLOPO:0988048	reddish gray	backbone_class	3	22	new_flopo_local	ISCCNBS:L3_022
ISCCNBS:L3_023	FLOPO:0988049	dark reddish gray	backbone_class	3	23	new_flopo_local	ISCCNBS:L3_023
ISCCNBS:L3_024	FLOPO:0988050	reddish black	backbone_class	3	24	new_flopo_local	ISCCNBS:L3_024
ISCCNBS:L3_025	FLOPO:0988051	vivid yellowish pink	backbone_class	3	25	new_flopo_local	ISCCNBS:L3_025
ISCCNBS:L3_026	FLOPO:0988052	strong yellowish pink	backbone_class	3	26	new_flopo_local	ISCCNBS:L3_026
ISCCNBS:L3_027	FLOPO:0988053	deep yellowish pink	backbone_class	3	27	new_flopo_local	ISCCNBS:L3_027
ISCCNBS:L3_028	FLOPO:0988054	light yellowish pink	backbone_class	3	28	new_flopo_local	ISCCNBS:L3_028
ISCCNBS:L3_029	FLOPO:0988055	moderate yellowish pink	backbone_class	3	29	new_flopo_local	ISCCNBS:L3_029
ISCCNBS:L3_030	FLOPO:0988056	dark yellowish pink	backbone_class	3	30	new_flopo_local	ISCCNBS:L3_030
ISCCNBS:L3_031	FLOPO:0988057	pale yellowish pink	backbone_class	3	31	new_flopo_local	ISCCNBS:L3_031
ISCCNBS:L3_032	FLOPO:0988058	grayish yellowish pink	backbone_class	3	32	new_flopo_local	ISCCNBS:L3_032
ISCCNBS:L3_033	FLOPO:0988059	brownish pink	backbone_class	3	33	new_flopo_local	ISCCNBS:L3_033
ISCCNBS:L3_034	FLOPO:0988060	vivid reddish orange	backbone_class	3	34	new_flopo_local	ISCCNBS:L3_034
ISCCNBS:L3_035	FLOPO:0988061	strong reddish orange	backbone_class	3	35	new_flopo_local	ISCCNBS:L3_035
ISCCNBS:L3_036	FLOPO:0988062	deep reddish orange	backbone_class	3	36	new_flopo_local	ISCCNBS:L3_036
ISCCNBS:L3_037	FLOPO:0988063	moderate reddish orange	backbone_class	3	37	new_flopo_local	ISCCNBS:L3_037
ISCCNBS:L3_038	FLOPO:0988064	dark reddish orange	backbone_class	3	38	new_flopo_local	ISCCNBS:L3_038
ISCCNBS:L3_039	FLOPO:0988065	grayish reddish orange	backbone_class	3	39	new_flopo_local	ISCCNBS:L3_039
ISCCNBS:L3_040	FLOPO:0988066	strong reddish brown	backbone_class	3	40	new_flopo_local	ISCCNBS:L3_040
ISCCNBS:L3_041	FLOPO:0988067	deep reddish brown	backbone_class	3	41	new_flopo_local	ISCCNBS:L3_041
ISCCNBS:L3_042	FLOPO:0988068	light reddish brown	backbone_class	3	42	new_flopo_local	ISCCNBS:L3_042
ISCCNBS:L3_043	FLOPO:0988069	moderate reddish brown	backbone_class	3	43	new_flopo_local	ISCCNBS:L3_043
ISCCNBS:L3_044	FLOPO:0988070	dark reddish brown	backbone_class	3	44	new_flopo_local	ISCCNBS:L3_044
ISCCNBS:L3_045	FLOPO:0988071	light grayish reddish brown	backbone_class	3	45	new_flopo_local	ISCCNBS:L3_045
ISCCNBS:L3_046	FLOPO:0988072	grayish reddish brown	backbone_class	3	46	new_flopo_local	ISCCNBS:L3_046
ISCCNBS:L3_047	FLOPO:0988073	dark grayish reddish brown	backbone_class	3	47	new_flopo_local	ISCCNBS:L3_047
ISCCNBS:L3_048	FLOPO:0988074	vivid orange	backbone_class	3	48	new_flopo_local	ISCCNBS:L3_048
ISCCNBS:L3_049	FLOPO:0988075	brilliant orange	backbone_class	3	49	new_flopo_local	ISCCNBS:L3_049
ISCCNBS:L3_050	FLOPO:0988076	strong orange	backbone_class	3	50	new_flopo_local	ISCCNBS:L3_050
ISCCNBS:L3_051	PATO:0104073	deep orange	backbone_class	3	51	existing_pato_reused	ISCCNBS:L3_051
ISCCNBS:L3_052	FLOPO:0988077	light orange	backbone_class	3	52	new_flopo_local	ISCCNBS:L3_052
ISCCNBS:L3_053	FLOPO:0988078	moderate orange	backbone_class	3	53	new_flopo_local	ISCCNBS:L3_053
ISCCNBS:L3_054	FLOPO:0988079	brownish orange	backbone_class	3	54	new_flopo_local	ISCCNBS:L3_054
ISCCNBS:L3_055	FLOPO:0988080	strong brown	backbone_class	3	55	new_flopo_local	ISCCNBS:L3_055
ISCCNBS:L3_056	FLOPO:0988081	deep brown	backbone_class	3	56	new_flopo_local	ISCCNBS:L3_056
ISCCNBS:L3_057	FLOPO:0988082	light brown	backbone_class	3	57	new_flopo_local	ISCCNBS:L3_057
ISCCNBS:L3_058	FLOPO:0988083	moderate brown	backbone_class	3	58	new_flopo_local	ISCCNBS:L3_058
ISCCNBS:L3_059	FLOPO:0988084	dark brown	backbone_class	3	59	new_flopo_local	ISCCNBS:L3_059
ISCCNBS:L3_060	FLOPO:0988085	light grayish brown	backbone_class	3	60	new_flopo_local	ISCCNBS:L3_060
ISCCNBS:L3_061	FLOPO:0988086	grayish brown	backbone_class	3	61	new_flopo_local	ISCCNBS:L3_061
ISCCNBS:L3_062	FLOPO:0988087	dark grayish brown	backbone_class	3	62	new_flopo_local	ISCCNBS:L3_062
ISCCNBS:L3_063	FLOPO:0988088	light brownish gray	backbone_class	3	63	new_flopo_local	ISCCNBS:L3_063
ISCCNBS:L3_064	FLOPO:0988089	brownish gray	backbone_class	3	64	new_flopo_local	ISCCNBS:L3_064
ISCCNBS:L3_065	FLOPO:0988090	brownish black	backbone_class	3	65	new_flopo_local	ISCCNBS:L3_065
ISCCNBS:L3_066	FLOPO:0988091	vivid orange yellow	backbone_class	3	66	new_flopo_local	ISCCNBS:L3_066
ISCCNBS:L3_067	FLOPO:0988092	brilliant orange yellow	backbone_class	3	67	new_flopo_local	ISCCNBS:L3_067
ISCCNBS:L3_068	FLOPO:0988093	strong orange yellow	backbone_class	3	68	new_flopo_local	ISCCNBS:L3_068
ISCCNBS:L3_069	FLOPO:0988094	deep orange yellow	backbone_class	3	69	new_flopo_local	ISCCNBS:L3_069
ISCCNBS:L3_070	FLOPO:0988095	light orange yellow	backbone_class	3	70	new_flopo_local	ISCCNBS:L3_070
ISCCNBS:L3_071	FLOPO:0988096	moderate orange yellow	backbone_class	3	71	new_flopo_local	ISCCNBS:L3_071
ISCCNBS:L3_072	FLOPO:0988097	dark orange yellow	backbone_class	3	72	new_flopo_local	ISCCNBS:L3_072
ISCCNBS:L3_073	FLOPO:0988098	pale orange yellow	backbone_class	3	73	new_flopo_local	ISCCNBS:L3_073
ISCCNBS:L3_074	FLOPO:0988099	strong yellowish brown	backbone_class	3	74	new_flopo_local	ISCCNBS:L3_074
ISCCNBS:L3_075	FLOPO:0988100	deep yellowish brown	backbone_class	3	75	new_flopo_local	ISCCNBS:L3_075
ISCCNBS:L3_076	FLOPO:0988101	light yellowish brown	backbone_class	3	76	new_flopo_local	ISCCNBS:L3_076
ISCCNBS:L3_077	FLOPO:0988102	moderate yellowish brown	backbone_class	3	77	new_flopo_local	ISCCNBS:L3_077
ISCCNBS:L3_078	FLOPO:0988103	dark yellowish brown	backbone_class	3	78	new_flopo_local	ISCCNBS:L3_078
ISCCNBS:L3_079	FLOPO:0988104	light grayish yellowish brown	backbone_class	3	79	new_flopo_local	ISCCNBS:L3_079
ISCCNBS:L3_080	FLOPO:0988105	grayish yellowish brown	backbone_class	3	80	new_flopo_local	ISCCNBS:L3_080
ISCCNBS:L3_081	FLOPO:0988106	dark grayish yellowish brown	backbone_class	3	81	new_flopo_local	ISCCNBS:L3_081
ISCCNBS:L3_082	FLOPO:0988107	vivid yellow	backbone_class	3	82	new_flopo_local	ISCCNBS:L3_082
ISCCNBS:L3_083	FLOPO:0988108	brilliant yellow	backbone_class	3	83	new_flopo_local	ISCCNBS:L3_083
ISCCNBS:L3_084	FLOPO:0988109	strong yellow	backbone_class	3	84	new_flopo_local	ISCCNBS:L3_084
ISCCNBS:L3_085	PATO:0104005	deep yellow	backbone_class	3	85	existing_pato_reused	ISCCNBS:L3_085
ISCCNBS:L3_086	FLOPO:0988110	light yellow	backbone_class	3	86	new_flopo_local	ISCCNBS:L3_086
ISCCNBS:L3_087	FLOPO:0988111	moderate yellow	backbone_class	3	87	new_flopo_local	ISCCNBS:L3_087
ISCCNBS:L3_088	FLOPO:0988112	dark yellow	backbone_class	3	88	new_flopo_local	ISCCNBS:L3_088
ISCCNBS:L3_089	FLOPO:0988113	pale yellow	backbone_class	3	89	new_flopo_local	ISCCNBS:L3_089
ISCCNBS:L3_090	FLOPO:0988114	grayish yellow	backbone_class	3	90	new_flopo_local	ISCCNBS:L3_090
ISCCNBS:L3_091	FLOPO:0988115	dark grayish yellow	backbone_class	3	91	new_flopo_local	ISCCNBS:L3_091
ISCCNBS:L3_092	FLOPO:0988116	yellowish white	backbone_class	3	92	new_flopo_local	ISCCNBS:L3_092
ISCCNBS:L3_093	FLOPO:0988117	yellowish gray	backbone_class	3	93	new_flopo_local	ISCCNBS:L3_093
ISCCNBS:L3_094	FLOPO:0988118	light olive brown	backbone_class	3	94	new_flopo_local	ISCCNBS:L3_094
ISCCNBS:L3_095	FLOPO:0988119	moderate olive brown	backbone_class	3	95	new_flopo_local	ISCCNBS:L3_095
ISCCNBS:L3_096	FLOPO:0988120	dark olive brown	backbone_class	3	96	new_flopo_local	ISCCNBS:L3_096
ISCCNBS:L3_097	FLOPO:0988121	vivid greenish yellow	backbone_class	3	97	new_flopo_local	ISCCNBS:L3_097
ISCCNBS:L3_098	FLOPO:0988122	brilliant greenish yellow	backbone_class	3	98	new_flopo_local	ISCCNBS:L3_098
ISCCNBS:L3_099	FLOPO:0988123	strong greenish yellow	backbone_class	3	99	new_flopo_local	ISCCNBS:L3_099
ISCCNBS:L3_100	FLOPO:0988124	deep greenish yellow	backbone_class	3	100	new_flopo_local	ISCCNBS:L3_100
ISCCNBS:L3_101	FLOPO:0988125	light greenish yellow	backbone_class	3	101	new_flopo_local	ISCCNBS:L3_101
ISCCNBS:L3_102	FLOPO:0988126	moderate greenish yellow	backbone_class	3	102	new_flopo_local	ISCCNBS:L3_102
ISCCNBS:L3_103	FLOPO:0988127	dark greenish yellow	backbone_class	3	103	new_flopo_local	ISCCNBS:L3_103
ISCCNBS:L3_104	PATO:0104051	pale greenish yellow	backbone_class	3	104	existing_pato_reused	ISCCNBS:L3_104
ISCCNBS:L3_105	FLOPO:0988128	grayish greenish yellow	backbone_class	3	105	new_flopo_local	ISCCNBS:L3_105
ISCCNBS:L3_106	FLOPO:0988129	light olive	backbone_class	3	106	new_flopo_local	ISCCNBS:L3_106
ISCCNBS:L3_107	FLOPO:0988130	moderate olive	backbone_class	3	107	new_flopo_local	ISCCNBS:L3_107
ISCCNBS:L3_108	FLOPO:0988131	dark olive	backbone_class	3	108	new_flopo_local	ISCCNBS:L3_108
ISCCNBS:L3_109	FLOPO:0988132	light grayish olive	backbone_class	3	109	new_flopo_local	ISCCNBS:L3_109
ISCCNBS:L3_110	FLOPO:0988133	grayish olive	backbone_class	3	110	new_flopo_local	ISCCNBS:L3_110
ISCCNBS:L3_111	FLOPO:0988134	dark grayish olive	backbone_class	3	111	new_flopo_local	ISCCNBS:L3_111
ISCCNBS:L3_112	FLOPO:0988135	light olive gray	backbone_class	3	112	new_flopo_local	ISCCNBS:L3_112
ISCCNBS:L3_113	FLOPO:0988136	olive gray	backbone_class	3	113	new_flopo_local	ISCCNBS:L3_113
ISCCNBS:L3_114	FLOPO:0988137	olive black	backbone_class	3	114	new_flopo_local	ISCCNBS:L3_114
ISCCNBS:L3_115	FLOPO:0988138	vivid yellow green	backbone_class	3	115	new_flopo_local	ISCCNBS:L3_115
ISCCNBS:L3_116	FLOPO:0988139	brilliant yellow green	backbone_class	3	116	new_flopo_local	ISCCNBS:L3_116
ISCCNBS:L3_117	FLOPO:0988140	strong yellow green	backbone_class	3	117	new_flopo_local	ISCCNBS:L3_117
ISCCNBS:L3_118	FLOPO:0988141	deep yellow green	backbone_class	3	118	new_flopo_local	ISCCNBS:L3_118
ISCCNBS:L3_119	FLOPO:0988142	light yellow green	backbone_class	3	119	new_flopo_local	ISCCNBS:L3_119
ISCCNBS:L3_120	FLOPO:0988143	moderate yellow green	backbone_class	3	120	new_flopo_local	ISCCNBS:L3_120
ISCCNBS:L3_121	FLOPO:0988144	pale yellow green	backbone_class	3	121	new_flopo_local	ISCCNBS:L3_121
ISCCNBS:L3_122	FLOPO:0988145	grayish yellow green	backbone_class	3	122	new_flopo_local	ISCCNBS:L3_122
ISCCNBS:L3_123	FLOPO:0988146	strong olive green	backbone_class	3	123	new_flopo_local	ISCCNBS:L3_123
ISCCNBS:L3_124	FLOPO:0988147	deep olive green	backbone_class	3	124	new_flopo_local	ISCCNBS:L3_124
ISCCNBS:L3_125	FLOPO:0988148	moderate olive green	backbone_class	3	125	new_flopo_local	ISCCNBS:L3_125
ISCCNBS:L3_126	FLOPO:0988149	dark olive green	backbone_class	3	126	new_flopo_local	ISCCNBS:L3_126
ISCCNBS:L3_127	FLOPO:0988150	grayish olive green	backbone_class	3	127	new_flopo_local	ISCCNBS:L3_127
ISCCNBS:L3_128	FLOPO:0988151	dark grayish olive green	backbone_class	3	128	new_flopo_local	ISCCNBS:L3_128
ISCCNBS:L3_129	FLOPO:0988152	vivid yellowish green	backbone_class	3	129	new_flopo_local	ISCCNBS:L3_129
ISCCNBS:L3_130	FLOPO:0988153	brilliant yellowish green	backbone_class	3	130	new_flopo_local	ISCCNBS:L3_130
ISCCNBS:L3_131	FLOPO:0988154	strong yellowish green	backbone_class	3	131	new_flopo_local	ISCCNBS:L3_131
ISCCNBS:L3_132	FLOPO:0988155	deep yellowish green	backbone_class	3	132	new_flopo_local	ISCCNBS:L3_132
ISCCNBS:L3_133	FLOPO:0988156	very deep yellowish green	backbone_class	3	133	new_flopo_local	ISCCNBS:L3_133
ISCCNBS:L3_134	FLOPO:0988157	very light yellowish green	backbone_class	3	134	new_flopo_local	ISCCNBS:L3_134
ISCCNBS:L3_135	FLOPO:0988158	light yellowish green	backbone_class	3	135	new_flopo_local	ISCCNBS:L3_135
ISCCNBS:L3_136	FLOPO:0988159	moderate yellowish green	backbone_class	3	136	new_flopo_local	ISCCNBS:L3_136
ISCCNBS:L3_137	FLOPO:0988160	dark yellowish green	backbone_class	3	137	new_flopo_local	ISCCNBS:L3_137
ISCCNBS:L3_138	FLOPO:0988161	very dark yellowish green	backbone_class	3	138	new_flopo_local	ISCCNBS:L3_138
ISCCNBS:L3_139	FLOPO:0988162	vivid green	backbone_class	3	139	new_flopo_local	ISCCNBS:L3_139
ISCCNBS:L3_140	FLOPO:0988163	brilliant green	backbone_class	3	140	new_flopo_local	ISCCNBS:L3_140
ISCCNBS:L3_141	FLOPO:0988164	strong green	backbone_class	3	141	new_flopo_local	ISCCNBS:L3_141
ISCCNBS:L3_142	PATO:0104123	deep green	backbone_class	3	142	existing_pato_reused	ISCCNBS:L3_142
ISCCNBS:L3_143	FLOPO:0988165	very light green	backbone_class	3	143	new_flopo_local	ISCCNBS:L3_143
ISCCNBS:L3_144	FLOPO:0988166	light green	backbone_class	3	144	new_flopo_local	ISCCNBS:L3_144
ISCCNBS:L3_145	FLOPO:0988167	moderate green	backbone_class	3	145	new_flopo_local	ISCCNBS:L3_145
ISCCNBS:L3_146	PATO:0001249	dark green	backbone_class	3	146	existing_pato_reused	ISCCNBS:L3_146
ISCCNBS:L3_147	FLOPO:0988168	very dark green	backbone_class	3	147	new_flopo_local	ISCCNBS:L3_147
ISCCNBS:L3_148	PATO:0104223	very pale green	backbone_class	3	148	existing_pato_reused	ISCCNBS:L3_148
ISCCNBS:L3_149	FLOPO:0988169	pale green	backbone_class	3	149	new_flopo_local	ISCCNBS:L3_149
ISCCNBS:L3_150	PATO:0104007	grayish green	backbone_class	3	150	existing_pato_reused	ISCCNBS:L3_150
ISCCNBS:L3_151	FLOPO:0988170	dark grayish green	backbone_class	3	151	new_flopo_local	ISCCNBS:L3_151
ISCCNBS:L3_152	FLOPO:0988171	blackish green	backbone_class	3	152	new_flopo_local	ISCCNBS:L3_152
ISCCNBS:L3_153	PATO:0104067	greenish white	backbone_class	3	153	existing_pato_reused	ISCCNBS:L3_153
ISCCNBS:L3_154	FLOPO:0988172	light greenish gray	backbone_class	3	154	new_flopo_local	ISCCNBS:L3_154
ISCCNBS:L3_155	FLOPO:0988173	greenish gray	backbone_class	3	155	new_flopo_local	ISCCNBS:L3_155
ISCCNBS:L3_156	FLOPO:0988174	dark greenish gray	backbone_class	3	156	new_flopo_local	ISCCNBS:L3_156
ISCCNBS:L3_157	FLOPO:0988175	greenish black	backbone_class	3	157	new_flopo_local	ISCCNBS:L3_157
ISCCNBS:L3_158	FLOPO:0988176	vivid bluish green	backbone_class	3	158	new_flopo_local	ISCCNBS:L3_158
ISCCNBS:L3_159	FLOPO:0988177	brilliant bluish green	backbone_class	3	159	new_flopo_local	ISCCNBS:L3_159
ISCCNBS:L3_160	FLOPO:0988178	strong bluish green	backbone_class	3	160	new_flopo_local	ISCCNBS:L3_160
ISCCNBS:L3_161	FLOPO:0988179	deep bluish green	backbone_class	3	161	new_flopo_local	ISCCNBS:L3_161
ISCCNBS:L3_162	FLOPO:0988180	very light bluish green	backbone_class	3	162	new_flopo_local	ISCCNBS:L3_162
ISCCNBS:L3_163	FLOPO:0988181	light bluish green	backbone_class	3	163	new_flopo_local	ISCCNBS:L3_163
ISCCNBS:L3_164	FLOPO:0988182	moderate bluish green	backbone_class	3	164	new_flopo_local	ISCCNBS:L3_164
ISCCNBS:L3_165	FLOPO:0988183	dark bluish green	backbone_class	3	165	new_flopo_local	ISCCNBS:L3_165
ISCCNBS:L3_166	FLOPO:0988184	very dark bluish green	backbone_class	3	166	new_flopo_local	ISCCNBS:L3_166
ISCCNBS:L3_167	FLOPO:0988185	vivid greenish blue	backbone_class	3	167	new_flopo_local	ISCCNBS:L3_167
ISCCNBS:L3_168	FLOPO:0988186	brilliant greenish blue	backbone_class	3	168	new_flopo_local	ISCCNBS:L3_168
ISCCNBS:L3_169	FLOPO:0988187	strong greenish blue	backbone_class	3	169	new_flopo_local	ISCCNBS:L3_169
ISCCNBS:L3_170	FLOPO:0988188	deep greenish blue	backbone_class	3	170	new_flopo_local	ISCCNBS:L3_170
ISCCNBS:L3_171	FLOPO:0988189	very light greenish blue	backbone_class	3	171	new_flopo_local	ISCCNBS:L3_171
ISCCNBS:L3_172	FLOPO:0988190	light greenish blue	backbone_class	3	172	new_flopo_local	ISCCNBS:L3_172
ISCCNBS:L3_173	FLOPO:0988191	moderate greenish blue	backbone_class	3	173	new_flopo_local	ISCCNBS:L3_173
ISCCNBS:L3_174	FLOPO:0988192	dark greenish blue	backbone_class	3	174	new_flopo_local	ISCCNBS:L3_174
ISCCNBS:L3_175	FLOPO:0988193	very dark greenish blue	backbone_class	3	175	new_flopo_local	ISCCNBS:L3_175
ISCCNBS:L3_176	FLOPO:0988194	vivid blue	backbone_class	3	176	new_flopo_local	ISCCNBS:L3_176
ISCCNBS:L3_177	FLOPO:0988195	brilliant blue	backbone_class	3	177	new_flopo_local	ISCCNBS:L3_177
ISCCNBS:L3_178	FLOPO:0988196	strong blue	backbone_class	3	178	new_flopo_local	ISCCNBS:L3_178
ISCCNBS:L3_179	PATO:0104064	deep blue	backbone_class	3	179	existing_pato_reused	ISCCNBS:L3_179
ISCCNBS:L3_180	FLOPO:0988197	very light blue	backbone_class	3	180	new_flopo_local	ISCCNBS:L3_180
ISCCNBS:L3_181	FLOPO:0988198	light blue	backbone_class	3	181	new_flopo_local	ISCCNBS:L3_181
ISCCNBS:L3_182	FLOPO:0988199	moderate blue	backbone_class	3	182	new_flopo_local	ISCCNBS:L3_182
ISCCNBS:L3_183	FLOPO:0988200	dark blue	backbone_class	3	183	new_flopo_local	ISCCNBS:L3_183
ISCCNBS:L3_184	PATO:0104077	very pale blue	backbone_class	3	184	existing_pato_reused	ISCCNBS:L3_184
ISCCNBS:L3_185	FLOPO:0988201	pale blue	backbone_class	3	185	new_flopo_local	ISCCNBS:L3_185
ISCCNBS:L3_186	FLOPO:0988202	grayish blue	backbone_class	3	186	new_flopo_local	ISCCNBS:L3_186
ISCCNBS:L3_187	FLOPO:0988203	dark grayish blue	backbone_class	3	187	new_flopo_local	ISCCNBS:L3_187
ISCCNBS:L3_188	FLOPO:0988204	blackish blue	backbone_class	3	188	new_flopo_local	ISCCNBS:L3_188
ISCCNBS:L3_189	FLOPO:0988205	bluish white	backbone_class	3	189	new_flopo_local	ISCCNBS:L3_189
ISCCNBS:L3_190	FLOPO:0988206	light bluish gray	backbone_class	3	190	new_flopo_local	ISCCNBS:L3_190
ISCCNBS:L3_191	PATO:0104305	bluish gray	backbone_class	3	191	existing_pato_reused	ISCCNBS:L3_191
ISCCNBS:L3_192	FLOPO:0988207	dark bluish gray	backbone_class	3	192	new_flopo_local	ISCCNBS:L3_192
ISCCNBS:L3_193	FLOPO:0988208	bluish black	backbone_class	3	193	new_flopo_local	ISCCNBS:L3_193
ISCCNBS:L3_194	FLOPO:0988209	vivid purplish blue	backbone_class	3	194	new_flopo_local	ISCCNBS:L3_194
ISCCNBS:L3_195	FLOPO:0988210	brilliant purplish blue	backbone_class	3	195	new_flopo_local	ISCCNBS:L3_195
ISCCNBS:L3_196	FLOPO:0988211	strong purplish blue	backbone_class	3	196	new_flopo_local	ISCCNBS:L3_196
ISCCNBS:L3_197	FLOPO:0988212	deep purplish blue	backbone_class	3	197	new_flopo_local	ISCCNBS:L3_197
ISCCNBS:L3_198	FLOPO:0988213	very light purplish blue	backbone_class	3	198	new_flopo_local	ISCCNBS:L3_198
ISCCNBS:L3_199	FLOPO:0988214	light purplish blue	backbone_class	3	199	new_flopo_local	ISCCNBS:L3_199
ISCCNBS:L3_200	FLOPO:0988215	moderate purplish blue	backbone_class	3	200	new_flopo_local	ISCCNBS:L3_200
ISCCNBS:L3_201	FLOPO:0988216	dark purplish blue	backbone_class	3	201	new_flopo_local	ISCCNBS:L3_201
ISCCNBS:L3_202	FLOPO:0988217	very pale purplish blue	backbone_class	3	202	new_flopo_local	ISCCNBS:L3_202
ISCCNBS:L3_203	FLOPO:0988218	pale purplish blue	backbone_class	3	203	new_flopo_local	ISCCNBS:L3_203
ISCCNBS:L3_204	FLOPO:0988219	grayish purplish blue	backbone_class	3	204	new_flopo_local	ISCCNBS:L3_204
ISCCNBS:L3_205	FLOPO:0988220	vivid violet	backbone_class	3	205	new_flopo_local	ISCCNBS:L3_205
ISCCNBS:L3_206	FLOPO:0988221	brilliant violet	backbone_class	3	206	new_flopo_local	ISCCNBS:L3_206
ISCCNBS:L3_207	FLOPO:0988222	strong violet	backbone_class	3	207	new_flopo_local	ISCCNBS:L3_207
ISCCNBS:L3_208	PATO:0104294	deep violet	backbone_class	3	208	existing_pato_reused	ISCCNBS:L3_208
ISCCNBS:L3_209	FLOPO:0988223	very light violet	backbone_class	3	209	new_flopo_local	ISCCNBS:L3_209
ISCCNBS:L3_210	FLOPO:0988224	light violet	backbone_class	3	210	new_flopo_local	ISCCNBS:L3_210
ISCCNBS:L3_211	FLOPO:0988225	moderate violet	backbone_class	3	211	new_flopo_local	ISCCNBS:L3_211
ISCCNBS:L3_212	FLOPO:0988226	dark violet	backbone_class	3	212	new_flopo_local	ISCCNBS:L3_212
ISCCNBS:L3_213	FLOPO:0988227	very pale violet	backbone_class	3	213	new_flopo_local	ISCCNBS:L3_213
ISCCNBS:L3_214	FLOPO:0988228	pale violet	backbone_class	3	214	new_flopo_local	ISCCNBS:L3_214
ISCCNBS:L3_215	FLOPO:0988229	grayish violet	backbone_class	3	215	new_flopo_local	ISCCNBS:L3_215
ISCCNBS:L3_216	FLOPO:0988230	vivid purple	backbone_class	3	216	new_flopo_local	ISCCNBS:L3_216
ISCCNBS:L3_217	FLOPO:0988231	brilliant purple	backbone_class	3	217	new_flopo_local	ISCCNBS:L3_217
ISCCNBS:L3_218	FLOPO:0988232	strong purple	backbone_class	3	218	new_flopo_local	ISCCNBS:L3_218
ISCCNBS:L3_219	PATO:0104085	deep purple	backbone_class	3	219	existing_pato_reused	ISCCNBS:L3_219
ISCCNBS:L3_220	FLOPO:0988233	very deep purple	backbone_class	3	220	new_flopo_local	ISCCNBS:L3_220
ISCCNBS:L3_221	FLOPO:0988234	very light purple	backbone_class	3	221	new_flopo_local	ISCCNBS:L3_221
ISCCNBS:L3_222	FLOPO:0988235	light purple	backbone_class	3	222	new_flopo_local	ISCCNBS:L3_222
ISCCNBS:L3_223	FLOPO:0988236	moderate purple	backbone_class	3	223	new_flopo_local	ISCCNBS:L3_223
ISCCNBS:L3_224	FLOPO:0988237	dark purple	backbone_class	3	224	new_flopo_local	ISCCNBS:L3_224
ISCCNBS:L3_225	FLOPO:0988238	very dark purple	backbone_class	3	225	new_flopo_local	ISCCNBS:L3_225
ISCCNBS:L3_226	FLOPO:0988239	very pale purple	backbone_class	3	226	new_flopo_local	ISCCNBS:L3_226
ISCCNBS:L3_227	FLOPO:0988240	pale purple	backbone_class	3	227	new_flopo_local	ISCCNBS:L3_227
ISCCNBS:L3_228	FLOPO:0988241	grayish purple	backbone_class	3	228	new_flopo_local	ISCCNBS:L3_228
ISCCNBS:L3_229	FLOPO:0988242	dark grayish purple	backbone_class	3	229	new_flopo_local	ISCCNBS:L3_229
ISCCNBS:L3_230	FLOPO:0988243	blackish purple	backbone_class	3	230	new_flopo_local	ISCCNBS:L3_230
ISCCNBS:L3_231	FLOPO:0988244	purplish white	backbone_class	3	231	new_flopo_local	ISCCNBS:L3_231
ISCCNBS:L3_232	FLOPO:0988245	light purplish gray	backbone_class	3	232	new_flopo_local	ISCCNBS:L3_232
ISCCNBS:L3_233	FLOPO:0988246	purplish gray	backbone_class	3	233	new_flopo_local	ISCCNBS:L3_233
ISCCNBS:L3_234	FLOPO:0988247	dark purplish gray	backbone_class	3	234	new_flopo_local	ISCCNBS:L3_234
ISCCNBS:L3_235	PATO:0104157	purplish black	backbone_class	3	235	existing_pato_reused	ISCCNBS:L3_235
ISCCNBS:L3_236	FLOPO:0988248	vivid reddish purple	backbone_class	3	236	new_flopo_local	ISCCNBS:L3_236
ISCCNBS:L3_237	FLOPO:0988249	strong reddish purple	backbone_class	3	237	new_flopo_local	ISCCNBS:L3_237
ISCCNBS:L3_238	FLOPO:0988250	deep reddish purple	backbone_class	3	238	new_flopo_local	ISCCNBS:L3_238
ISCCNBS:L3_239	FLOPO:0988251	very deep reddish purple	backbone_class	3	239	new_flopo_local	ISCCNBS:L3_239
ISCCNBS:L3_240	FLOPO:0988252	light reddish purple	backbone_class	3	240	new_flopo_local	ISCCNBS:L3_240
ISCCNBS:L3_241	FLOPO:0988253	moderate reddish purple	backbone_class	3	241	new_flopo_local	ISCCNBS:L3_241
ISCCNBS:L3_242	FLOPO:0988254	dark reddish purple	backbone_class	3	242	new_flopo_local	ISCCNBS:L3_242
ISCCNBS:L3_243	FLOPO:0988255	very dark reddish purple	backbone_class	3	243	new_flopo_local	ISCCNBS:L3_243
ISCCNBS:L3_244	FLOPO:0988256	pale reddish purple	backbone_class	3	244	new_flopo_local	ISCCNBS:L3_244
ISCCNBS:L3_245	FLOPO:0988257	grayish reddish purple	backbone_class	3	245	new_flopo_local	ISCCNBS:L3_245
ISCCNBS:L3_246	FLOPO:0988258	brilliant purplish pink	backbone_class	3	246	new_flopo_local	ISCCNBS:L3_246
ISCCNBS:L3_247	FLOPO:0988259	strong purplish pink	backbone_class	3	247	new_flopo_local	ISCCNBS:L3_247
ISCCNBS:L3_248	FLOPO:0988260	deep purplish pink	backbone_class	3	248	new_flopo_local	ISCCNBS:L3_248
ISCCNBS:L3_249	FLOPO:0988261	light purplish pink	backbone_class	3	249	new_flopo_local	ISCCNBS:L3_249
ISCCNBS:L3_250	FLOPO:0988262	moderate purplish pink	backbone_class	3	250	new_flopo_local	ISCCNBS:L3_250
ISCCNBS:L3_251	FLOPO:0988263	dark purplish pink	backbone_class	3	251	new_flopo_local	ISCCNBS:L3_251
ISCCNBS:L3_252	FLOPO:0988264	pale purplish pink	backbone_class	3	252	new_flopo_local	ISCCNBS:L3_252
ISCCNBS:L3_253	FLOPO:0988265	grayish purplish pink	backbone_class	3	253	new_flopo_local	ISCCNBS:L3_253
ISCCNBS:L3_254	FLOPO:0988266	vivid purplish red	backbone_class	3	254	new_flopo_local	ISCCNBS:L3_254
ISCCNBS:L3_255	FLOPO:0988267	strong purplish red	backbone_class	3	255	new_flopo_local	ISCCNBS:L3_255
ISCCNBS:L3_256	PATO:0104087	deep purplish red	backbone_class	3	256	existing_pato_reused	ISCCNBS:L3_256
ISCCNBS:L3_257	FLOPO:0988268	very deep purplish red	backbone_class	3	257	new_flopo_local	ISCCNBS:L3_257
ISCCNBS:L3_258	FLOPO:0988269	moderate purplish red	backbone_class	3	258	new_flopo_local	ISCCNBS:L3_258
ISCCNBS:L3_259	PATO:0104159	dark purplish red	backbone_class	3	259	existing_pato_reused	ISCCNBS:L3_259
ISCCNBS:L3_260	FLOPO:0988270	very dark purplish red	backbone_class	3	260	new_flopo_local	ISCCNBS:L3_260
ISCCNBS:L3_261	FLOPO:0988271	light grayish purplish red	backbone_class	3	261	new_flopo_local	ISCCNBS:L3_261
ISCCNBS:L3_262	FLOPO:0988272	grayish purplish red	backbone_class	3	262	new_flopo_local	ISCCNBS:L3_262
ISCCNBS:L3_264	FLOPO:0988273	light gray	backbone_class	3	264	new_flopo_local	ISCCNBS:L3_264
ISCCNBS:L3_265	FLOPO:0988274	medium gray	backbone_class	3	265	new_flopo_local	ISCCNBS:L3_265
ISCCNBS:L3_266	FLOPO:0988275	dark gray	backbone_class	3	266	new_flopo_local	ISCCNBS:L3_266
ISCCNBS:property_iscc_nbs_level	FLOPO:0988900	ISCC-NBS level	annotation_property			new_flopo_local	
ISCCNBS:property_iscc_nbs_block_number	FLOPO:0988901	ISCC-NBS block number	annotation_property			new_flopo_local	
ISCCNBS:property_iscc_nbs_abbreviation	FLOPO:0988902	ISCC-NBS abbreviation	annotation_property			new_flopo_local	
ISCCNBS:property_iscc_nbs_level3_blocks	FLOPO:0988903	ISCC-NBS level-3 blocks	annotation_property			new_flopo_local	
ISCCNBS:property_munsell_range	FLOPO:0988904	Munsell range	annotation_property			new_flopo_local	
ISCCNBS:property_munsell_centroid	FLOPO:0988905	Munsell centroid	annotation_property			new_flopo_local	
ISCCNBS:property_munsell_centroid_location	FLOPO:0988906	Munsell centroid location	annotation_property			new_flopo_local	
ISCCNBS:synonym_type_botanical_colour_name	http://purl.obolibrary.org/obo/flopo#botanical_colour_name	botanical colour name	synonym_type			new_flopo_local	
