id	label	synonyms	slim
PATO_0000001	quality	trait	
PATO_0000004	mobility		attribute_slim|disposition_slim|scalar_slim
PATO_0000008	speed	velocity	attribute_slim|scalar_slim
PATO_0000011	age		attribute_slim|scalar_slim
PATO_0000014	color	colour|relative color	attribute_slim
PATO_0000015	color hue		attribute_slim
PATO_0000016	color brightness	color intensity |color lightness |color value 	attribute_slim
PATO_0000017	color saturation		attribute_slim
PATO_0000018	fluorescence		value_slim
PATO_0000019	color pattern		attribute_slim
PATO_0000021	compatibility		attribute_slim|disposition_slim|relational_slim
PATO_0000025	composition	compositionality|content|structure, composition	attribute_slim|scalar_slim
PATO_0000033	concentration of	concentration	attribute_slim|relational_slim|scalar_slim
PATO_0000037	consistency	firmness	attribute_slim|mpath_slim
PATO_0000039	direction		attribute_slim
PATO_0000040	distance		attribute_slim|relational_slim|scalar_slim
PATO_0000043	flavor		attribute_slim|relational_slim
PATO_0000044	frequency		attribute_slim|scalar_slim
PATO_0000047	biological sex		attribute_slim
PATO_0000048	hardness	impenetrability|toughness	attribute_slim|disposition_slim
PATO_0000049	intensity		attribute_slim
PATO_0000050	life span		attribute_slim
PATO_0000051	morphology		attribute_slim
PATO_0000052	shape	relational shape quality	attribute_slim
PATO_0000056	trophic quality	nutritional quality	attribute_slim|disposition_slim
PATO_0000057	occurrence quality	incidence|temporal	attribute_slim
PATO_0000058	odor		attribute_slim
PATO_0000060	spatial pattern	distribution|pattern	attribute_slim
PATO_0000062	sleep pattern		attribute_slim
PATO_0000066	pilosity		attribute_slim|scalar_slim
PATO_0000068	qualitative		
PATO_0000069	deviation(from_normal)		attribute_slim
PATO_0000070	count	amount|count in organism|number|presence|presence or absence in organism|quantitative	attribute_slim
PATO_0000077	response to	responsivity	attribute_slim|disposition_slim|relational_slim|scalar_slim
PATO_0000078	rhythm quality		attribute_slim
PATO_0000080	amplitude		attribute_slim
PATO_0000082	persistence		attribute_slim
PATO_0000083	phase		attribute_slim
PATO_0000085	sensitivity toward	sensitivity	attribute_slim|disposition_slim|relational_slim
PATO_0000117	size		attribute_slim|scalar_slim
PATO_0000119	height		attribute_slim|scalar_slim
PATO_0000122	length		attribute_slim|mpath_slim|scalar_slim
PATO_0000125	mass		attribute_slim|relational_slim|scalar_slim
PATO_0000128	weight		attribute_slim|scalar_slim
PATO_0000133	orientation	amount of rotation|angle|angular magnitude|angular placement|plane angle	attribute_slim|relational_slim
PATO_0000136	closure		attribute_slim
PATO_0000140	position	location|placement|relational spatial quality	attribute_slim
PATO_0000141	structure	relational structural quality	attribute_slim
PATO_0000146	temperature		attribute_slim|scalar_slim
PATO_0000150	texture		attribute_slim
PATO_0000152	threshold		attribute_slim|disposition_slim|relational_slim
PATO_0000161	rate		attribute_slim|scalar_slim
PATO_0000165	time		attribute_slim|scalar_slim
PATO_0000169	viability		attribute_slim|disposition_slim
PATO_0000185	balance		attribute_slim|disposition_slim
PATO_0000186	behavioral quality	behavioural quality	
PATO_0000188	coordination		attribute_slim|disposition_slim|scalar_slim
PATO_0000189	discrimination		attribute_slim|disposition_slim|relational_slim
PATO_0000261	maturity		attribute_slim
PATO_0000273	fecundity		attribute_slim|disposition_slim|scalar_slim
PATO_0000274	fertility		attribute_slim|disposition_slim
PATO_0000276	brood size	litter size	attribute_slim|scalar_slim
PATO_0000277	female fertility		attribute_slim|disposition_slim
PATO_0000279	male fertility		attribute_slim|disposition_slim
PATO_0000297	arrested	abolished|incomplete	value_slim
PATO_0000299	mobile		disposition_slim|value_slim
PATO_0000300	immobile	fixed	disposition_slim|value_slim
PATO_0000303	increased speed	fast speed|high speed	value_slim
PATO_0000304	decreased speed	slow|slow speed	value_slim
PATO_0000308	old		value_slim
PATO_0000309	young		value_slim
PATO_0000317	black		mpath_slim|value_slim
PATO_0000318	blue		mpath_slim|value_slim
PATO_0000319	cyan		value_slim
PATO_0000320	green		mpath_slim|value_slim
PATO_0000321	magenta		mpath_slim|value_slim
PATO_0000322	red		mpath_slim|value_slim
PATO_0000323	white	whitish	mpath_slim|value_slim
PATO_0000324	yellow		mpath_slim|value_slim
PATO_0000327	low brightness	dark	value_slim
PATO_0000328	low saturation	dull|pale	value_slim
PATO_0000329	blotchy	blotched	value_slim
PATO_0000330	irregular spatial pattern		mpath_slim|value_slim
PATO_0000331	discolored		value_slim
PATO_0000333	spotted		value_slim
PATO_0000336	colored	pigmented	value_slim
PATO_0000337	colorless	unpigmented	value_slim
PATO_0000344	compatible		disposition_slim|relational_slim|value_slim
PATO_0000345	incompatible		disposition_slim|relational_slim|value_slim
PATO_0000365	down		value_slim
PATO_0000366	left		value_slim
PATO_0000367	right		value_slim
PATO_0000370	up		value_slim
PATO_0000374	increased distance	long distance	relational_slim|value_slim
PATO_0000375	decreased distance	short distance	relational_slim|value_slim
PATO_0000380	increased frequency	frequent|high frequency	mpath_slim|value_slim
PATO_0000381	decreased frequency	infrequent|low frequency	mpath_slim|value_slim
PATO_0000383	female		mpath_slim|value_slim
PATO_0000384	male		mpath_slim|value_slim
PATO_0000386	hard	firm|impenetrable|tough	disposition_slim|mpath_slim|value_slim
PATO_0000387	soft		disposition_slim|mpath_slim|value_slim
PATO_0000389	acute		mpath_slim|value_slim
PATO_0000394	mild		mpath_slim|value_slim
PATO_0000395	moderate		mpath_slim|value_slim
PATO_0000396	severe		mpath_slim|value_slim
PATO_0000402	branched	ramified|ramiform	mpath_slim|value_slim
PATO_0000403	cleft		mpath_slim|value_slim
PATO_0000404	coiled	helical|helicoid|helicoidal|helix-shaped|spiral	mpath_slim|value_slim
PATO_0000405	curled		mpath_slim|value_slim
PATO_0000406	curved	bowing|curled	value_slim
PATO_0000407	flat	plate-like	mpath_slim|value_slim
PATO_0000409	oblate	oblate spheroid	mpath_slim|value_slim
PATO_0000410	pinnate	feather-like|of a leaf shape	mpath_slim|value_slim
PATO_0000411	circular	round|rounded	mpath_slim|value_slim
PATO_0000413	square		value_slim
PATO_0000414	unbranched		mpath_slim|value_slim
PATO_0000415	uncoiled		mpath_slim|value_slim
PATO_0000422	auxotrophic		disposition_slim|value_slim
PATO_0000423	prototrophic		disposition_slim|value_slim
PATO_0000427	recurrent		mpath_slim|value_slim
PATO_0000428	sporadic		mpath_slim|value_slim
PATO_0000438	invariant	constant|uniform	value_slim
PATO_0000440	regular spatial pattern		mpath_slim|relational_slim|value_slim
PATO_0000441	repetitive		value_slim
PATO_0000453	glabrous	hairless	mpath_slim|value_slim
PATO_0000454	hairy		mpath_slim|value_slim
PATO_0000455	pubescent		value_slim
PATO_0000460	abnormal	aberrant|atypia|atypical|defective	abnormal_slim|mpath_slim|value_slim
PATO_0000461	normal	average	abnormal_slim|mpath_slim|value_slim
PATO_0000462	absent	absence|absent from organism	absent_slim|mpath_slim|value_slim
PATO_0000463	conspicuous	distinct	mpath_slim|value_slim
PATO_0000464	inconspicuous		mpath_slim|value_slim
PATO_0000467	present	present in organism	absent_slim|value_slim
PATO_0000470	present in greater numbers in organism	accessory|increased|increased number|supernumerary	value_slim
PATO_0000487	responsive to	responsive	disposition_slim|relational_slim|value_slim
PATO_0000488	unresponsive to	unresponsive	disposition_slim|relational_slim|value_slim
PATO_0000498	increased duration	chronic|high time|increased period|increased time|prolonged period|slow time	value_slim
PATO_0000499	decreased duration	decreased period|decreased time|fast time|low period|shortened period	value_slim
PATO_0000500	advanced phase		value_slim
PATO_0000501	dark phase		value_slim
PATO_0000502	delayed	late	value_slim
PATO_0000503	light phase		value_slim
PATO_0000504	arrhythmic		value_slim
PATO_0000505	rhythmic		value_slim
PATO_0000513	insensitive toward	insensitive|resistant	disposition_slim|relational_slim|value_slim
PATO_0000515	tolerant to	tolerant	disposition_slim|relational_slim|value_slim
PATO_0000516	sensitive toward	sensitive	disposition_slim|relational_slim|value_slim
PATO_0000546	photoinsensitive	photoresistant	disposition_slim|value_slim
PATO_0000547	photosensitive		disposition_slim|value_slim
PATO_0000569	decreased height	short	value_slim
PATO_0000570	increased height	tall	value_slim
PATO_0000573	increased length	long	value_slim
PATO_0000574	decreased length	short|shortened|stubby	value_slim
PATO_0000582	increased weight	heavy|high weight	value_slim
PATO_0000583	decreased weight	light weight|low weight	value_slim
PATO_0000584	hypertrophic	hypertrophy	mpath_slim|value_slim
PATO_0000585	hypotrophic	shrunken	mpath_slim|value_slim
PATO_0000586	increased size	big|enlarged|expanded|great|large	value_slim
PATO_0000587	decreased size	hypoplasia|small|tiny|underdeveloped	value_slim
PATO_0000588	vestigial		value_slim
PATO_0000591	increased thickness	high thickness|stout|thick|thickened	mpath_slim|value_slim
PATO_0000592	decreased thickness	low thickness|slender|thin	mpath_slim|value_slim
PATO_0000595	increased volume	high volume|large volume	mpath_slim|value_slim
PATO_0000596	decreased volume	low volume|small volume	mpath_slim|value_slim
PATO_0000599	decreased width	narrow	value_slim
PATO_0000600	increased width	broad|wide|wide/broad	value_slim
PATO_0000608	closed	blocked	value_slim
PATO_0000609	closure incomplete		value_slim
PATO_0000610	open		value_slim
PATO_0000613	disoriented		value_slim
PATO_0000614	oriented		value_slim
PATO_0000615	anterioralized		value_slim
PATO_0000616	asymmetrical	asymmetric|asymmetry	mpath_slim|value_slim
PATO_0000617	bent		value_slim
PATO_0000618	bilateral		mpath_slim|value_slim
PATO_0000619	crowded		value_slim
PATO_0000620	dorsalized		mpath_slim|value_slim
PATO_0000622	erect	upright	value_slim
PATO_0000623	exserted	prolapse|prolapsed	value_slim
PATO_0000624	inserted into	inserted|introduced into	relational_slim|value_slim
PATO_0000625	inverted	backward|reversed	mpath_slim|value_slim
PATO_0000626	lateralized		value_slim
PATO_0000627	localised	focal	mpath_slim|value_slim
PATO_0000628	mislocalised	ectopic|mislocalized	disposition_slim|value_slim
PATO_0000629	misrouted		value_slim
PATO_0000630	posterioralized		mpath_slim|value_slim
PATO_0000631	prostrate		value_slim
PATO_0000632	symmetrical	symmetric	mpath_slim|value_slim
PATO_0000633	uncrowded		value_slim
PATO_0000634	unilateral		mpath_slim|value_slim
PATO_0000635	unlocalised		mpath_slim|value_slim
PATO_0000636	ventralized		mpath_slim|value_slim
PATO_0000638	apoptotic		value_slim
PATO_0000639	degenerate	degeneration	mpath_slim|value_slim
PATO_0000640	dysplastic	dysplasia	mpath_slim|value_slim
PATO_0000642	fused with	coalesced|fused|fused to|joined with|merged with	mpath_slim|relational_slim|value_slim
PATO_0000643	herniated		mpath_slim|value_slim
PATO_0000644	hyperplastic	hyperplasia|overdeveloped	mpath_slim|value_slim
PATO_0000645	hypoplastic	hypoplasia|underdeveloped	mpath_slim|value_slim
PATO_0000646	malformed	malformation	mpath_slim|value_slim
PATO_0000647	necrotic		mpath_slim|value_slim
PATO_0000648	obstructed		mpath_slim|value_slim
PATO_0000651	unfused from	unfused	relational_slim|value_slim
PATO_0000665	high brightness	light	value_slim
PATO_0000688	asynchronous		value_slim
PATO_0000689	continuous	uninterrupted	value_slim
PATO_0000690	discontinuous	intermittent|interrupted	value_slim
PATO_0000692	heterochronic		value_slim
PATO_0000694	premature	advanced|early|precocious	value_slim
PATO_0000695	synchronous		value_slim
PATO_0000700	rough	coarse	mpath_slim|value_slim
PATO_0000701	smooth		mpath_slim|value_slim
PATO_0000706	increased threshold	high threshold	disposition_slim|relational_slim|value_slim
PATO_0000708	decreased threshold	low threshold	disposition_slim|relational_slim|value_slim
PATO_0000718	lethal (sensu genetics)		disposition_slim|value_slim
PATO_0000719	viable		disposition_slim|value_slim
PATO_0000757	balanced		value_slim
PATO_0000758	unbalanced		value_slim
PATO_0000759	bang sensitive		disposition_slim|value_slim
PATO_0000760	increased behavioural activity	hyperactive	value_slim
PATO_0000761	decreased behavioural activity	hypoactive	value_slim
PATO_0000763	paralysed	palsy	value_slim
PATO_0000764	passive		value_slim
PATO_0000769	coordinated		disposition_slim|value_slim
PATO_0000770	uncoordinated		disposition_slim|value_slim
PATO_0000771	aversion		disposition_slim|relational_slim|value_slim
PATO_0000772	indifference		disposition_slim|relational_slim|value_slim
PATO_0000773	preference		attribute_slim|disposition_slim|relational_slim
PATO_0000888	female fertile		disposition_slim|value_slim
PATO_0000890	male sterile	male infertile	disposition_slim|value_slim
PATO_0000891	male fertile		disposition_slim|value_slim
PATO_0000892	female sterile	female infertile	disposition_slim|value_slim
PATO_0000911	decreased rate	slow rate	mpath_slim|value_slim
PATO_0000912	increased rate	fast rate|high rate	mpath_slim|value_slim
PATO_0000915	thickness		attribute_slim|scalar_slim
PATO_0000918	volume		attribute_slim|mpath_slim|scalar_slim
PATO_0000921	width	breadth	attribute_slim|scalar_slim
PATO_0000927	photosensitivity		attribute_slim|disposition_slim|scalar_slim
PATO_0000936	truncated	truncate	value_slim
PATO_0000937	disorganized		mpath_slim|value_slim
PATO_0000938	organized		mpath_slim|value_slim
PATO_0000941	vacuolated		mpath_slim|value_slim
PATO_0000944	sharpness	apiculate	attribute_slim
PATO_0000945	epinastic		value_slim
PATO_0000946	oblong		mpath_slim|value_slim
PATO_0000947	elliptic	ellipse-shaped|ellipsoid|elliptical|oval|ovoid	mpath_slim|value_slim
PATO_0000948	heart shaped	cordate|cordiform	value_slim
PATO_0000949	fasciated		mpath_slim|value_slim
PATO_0000950	grey	plumbeous	mpath_slim|value_slim
PATO_0000951	purple		mpath_slim|value_slim
PATO_0000952	brown		mpath_slim|value_slim
PATO_0000953	orange		mpath_slim|value_slim
PATO_0000954	pink		mpath_slim|value_slim
PATO_0000955	fertile		disposition_slim|value_slim
PATO_0000956	sterile		disposition_slim|value_slim
PATO_0000957	opacity		attribute_slim
PATO_0000963	opaque	clouding|cloudy|non-transparent	mpath_slim|value_slim
PATO_0000964	transparent	clear	mpath_slim|value_slim
PATO_0000965	symmetry		attribute_slim
PATO_0000967	undulate	rippled|sinuate|undulated|undulating|waved|wavy	mpath_slim|value_slim
PATO_0000969	dwarf-like	dwarfed	value_slim
PATO_0000970	permeability		attribute_slim|disposition_slim|scalar_slim
PATO_0000973	porosity		attribute_slim|disposition_slim|scalar_slim
PATO_0000982	permeable	porous	disposition_slim|value_slim
PATO_0000983	impermeable		disposition_slim|value_slim
PATO_0000984	porous		disposition_slim|value_slim
PATO_0000985	non-porous		disposition_slim|value_slim
PATO_0000992	viscosity		attribute_slim|disposition_slim
PATO_0000998	viscous		disposition_slim|mpath_slim|value_slim
PATO_0000999	alternation		value_slim
PATO_0001005	latency		attribute_slim
PATO_0001018	physical quality	relational physical quality	attribute_slim
PATO_0001019	mass density	density	attribute_slim|scalar_slim
PATO_0001020	damage		attribute_slim
PATO_0001021	energy		attribute_slim|scalar_slim
PATO_0001022	impulse		attribute_slim|scalar_slim
PATO_0001023	momentum		attribute_slim|scalar_slim
PATO_0001024	power		attribute_slim
PATO_0001025	pressure		attribute_slim
PATO_0001026	work	W	attribute_slim
PATO_0001028	acceleration		attribute_slim|scalar_slim
PATO_0001029	efficiency		attribute_slim
PATO_0001030	flux		attribute_slim|scalar_slim
PATO_0001031	elasticity		attribute_slim|disposition_slim|scalar_slim
PATO_0001034	strain		attribute_slim
PATO_0001035	force	force amplitude	attribute_slim|scalar_slim
PATO_0001043	susceptibility toward	susceptibility	attribute_slim|disposition_slim|relational_slim
PATO_0001046	resistance to	resistance	attribute_slim|disposition_slim|relational_slim|scalar_slim
PATO_0001051	acute angle to		relational_slim|value_slim
PATO_0001052	obtuse angle to		relational_slim|value_slim
PATO_0001053	convex angle to		relational_slim|value_slim
PATO_0001054	internal angle		relational_slim|value_slim
PATO_0001055	reflex angle to		relational_slim|value_slim
PATO_0001152	susceptible toward	susceptible	disposition_slim|relational_slim|value_slim
PATO_0001153	insusceptible toward	insusceptible	disposition_slim|relational_slim|value_slim
PATO_0001154	elongated		value_slim
PATO_0001159	concentrated		relational_slim|value_slim
PATO_0001161	diluted		relational_slim|value_slim
PATO_0001162	increased concentration	high concentration	relational_slim|value_slim
PATO_0001163	decreased concentration	low concentration	relational_slim|value_slim
PATO_0001164	dense		mpath_slim|value_slim
PATO_0001167	damaged		value_slim
PATO_0001168	undamaged		value_slim
PATO_0001171	elastic		disposition_slim|mpath_slim|value_slim
PATO_0001172	inelastic		disposition_slim|mpath_slim|value_slim
PATO_0001178	resistant to	resistant	disposition_slim|relational_slim|value_slim
PATO_0001185	larval		value_slim
PATO_0001186	prepubescent		value_slim
PATO_0001187	pupal		value_slim
PATO_0001188	prepupal		value_slim
PATO_0001189	adolescent		mpath_slim|value_slim
PATO_0001190	juvenile		mpath_slim|value_slim
PATO_0001191	medial to		mpath_slim|relational_slim|value_slim
PATO_0001192	hyperresponsive to	hyperresponsive|increased responsivity	disposition_slim|relational_slim|value_slim
PATO_0001193	lateral to	lateral	mpath_slim|relational_slim|value_slim
PATO_0001194	hyporesponsive to	decreased responsivity|hyporesponsive	disposition_slim|relational_slim|value_slim
PATO_0001195	proximal to		mpath_slim|relational_slim|value_slim
PATO_0001196	ventral to	anterior_ to	mpath_slim|relational_slim|value_slim
PATO_0001199	linear		mpath_slim|value_slim
PATO_0001200	T-shaped		value_slim
PATO_0001201	Y-shaped		value_slim
PATO_0001205	dentated	dentate|toothed	mpath_slim|value_slim
PATO_0001206	serrated	serrate	mpath_slim|value_slim
PATO_0001208	odorless		value_slim
PATO_0001227	variant	variable	relational_slim|value_slim
PATO_0001229	high saturation	bright |vivid	value_slim
PATO_0001230	strength		attribute_slim|scalar_slim
PATO_0001233	dorsal to	dorsal|posterior_to (human torso)|superior_to (human head)	relational_slim|value_slim
PATO_0001234	distal to	distal	mpath_slim|relational_slim|value_slim
PATO_0001236	process quality	quality of a process|quality of occurrent|quality of process|relational quality of occurrent	
PATO_0001241	physical object quality	monadic quality of a continuant|monadic quality of an object|monadic quality of continuant|multiply inhering quality of a physical entity |quality of a continuant|quality of a single physical entity|quality of an object|quality of continuant	
PATO_0001242	wavelength		attribute_slim|scalar_slim
PATO_0001243	light blue		mpath_slim|value_slim
PATO_0001244	dark blue		mpath_slim|value_slim
PATO_0001245	dark brown		mpath_slim|value_slim
PATO_0001246	light brown		mpath_slim|value_slim
PATO_0001247	light cyan		value_slim
PATO_0001248	dark cyan		value_slim
PATO_0001249	dark green		mpath_slim|value_slim
PATO_0001250	light green		mpath_slim|value_slim
PATO_0001251	dark grey		mpath_slim|value_slim
PATO_0001252	light grey		mpath_slim|value_slim
PATO_0001253	light magenta		mpath_slim|value_slim
PATO_0001254	dark magenta		mpath_slim|value_slim
PATO_0001255	light orange		mpath_slim|value_slim
PATO_0001256	dark orange		mpath_slim|value_slim
PATO_0001257	light deep pink		mpath_slim|value_slim
PATO_0001258	deep pink		mpath_slim|value_slim
PATO_0001259	dark purple		mpath_slim|value_slim
PATO_0001260	light purple		mpath_slim|value_slim
PATO_0001261	dark red		mpath_slim|value_slim
PATO_0001262	light red		mpath_slim|value_slim
PATO_0001263	dark yellow		mpath_slim|value_slim
PATO_0001264	light yellow	blond	mpath_slim|value_slim
PATO_0001265	saturated blue	bright blue	mpath_slim|value_slim
PATO_0001266	desaturated blue	pale blue	value_slim
PATO_0001267	saturated brown	bright brown	value_slim
PATO_0001268	desaturated brown	pale brown	value_slim
PATO_0001269	saturated cyan	bright cyan 	value_slim
PATO_0001270	desaturated cyan	pale cyan	value_slim
PATO_0001271	saturated green	bright green	value_slim
PATO_0001272	desaturated green	pale green	value_slim
PATO_0001275	saturated magenta	bright magenta	value_slim
PATO_0001276	desaturated magenta	pale magenta	value_slim
PATO_0001277	saturated orange	bright orange	value_slim
PATO_0001278	desaturated orange	pale orange	value_slim
PATO_0001280	dark pale pink	bright pink 	mpath_slim|value_slim
PATO_0001281	saturated purple	bright purple	value_slim
PATO_0001282	desaturated purple	pale purple	value_slim
PATO_0001283	saturated red	bright red	mpath_slim|value_slim
PATO_0001284	desaturated red	pale red	value_slim
PATO_0001285	saturated yellow	bright yellow	value_slim
PATO_0001286	desaturated yellow	pale yellow	value_slim
PATO_0001287	red brown		mpath_slim|value_slim
PATO_0001288	dark red brown		mpath_slim|value_slim
PATO_0001289	light red brown		mpath_slim|value_slim
PATO_0001290	fluorescent		value_slim
PATO_0001291	electromagnetic (EM) radiation quality		attribute_slim
PATO_0001292	full-spectrum EM radiation quality		attribute_slim
PATO_0001293	absorption quality		attribute_slim
PATO_0001294	radiation reflective quality		attribute_slim
PATO_0001295	albedo		attribute_slim
PATO_0001296	luminous flux		attribute_slim
PATO_0001297	reflectivity		attribute_slim
PATO_0001298	phosphorescence		relational_slim
PATO_0001299	radiation emitting quality		attribute_slim
PATO_0001300	optical quality		attribute_slim
PATO_0001301	chromatic property		attribute_slim
PATO_0001302	vermilion		mpath_slim|value_slim
PATO_0001303	variability	variability of a physical quality	attribute_slim
PATO_0001304	variability of temperature		attribute_slim
PATO_0001305	increased temperature	high temperature|hot	value_slim
PATO_0001306	decreased temperature	cold|low temperature	value_slim
PATO_0001307	decreased variability of temperature	low variability of temperature	value_slim
PATO_0001308	increased variability of temperature	high variability of temperature	value_slim
PATO_0001309	duration quality of a process	period|time	attribute_slim
PATO_0001310	duration of temperature		attribute_slim
PATO_0001311	decreased duration of temperature		value_slim
PATO_0001312	increased duration of temperature	high duration of temperature	value_slim
PATO_0001313	invariant temperature		relational_slim
PATO_0001314	variant temperature		value_slim
PATO_0001315	mild increased temperature		value_slim
PATO_0001316	moderate increased temperature		value_slim
PATO_0001317	severe increased temperature		value_slim
PATO_0001318	indiscriminate		disposition_slim|relational_slim|value_slim
PATO_0001319	discriminate		disposition_slim|relational_slim|value_slim
PATO_0001320	pubescent hair		value_slim
PATO_0001321	right angle to		relational_slim|value_slim
PATO_0001322	straight angle to		relational_slim|value_slim
PATO_0001323	area		attribute_slim|mpath_slim|scalar_slim
PATO_0001324	bilateral symmetry	left-right symmetry	value_slim
PATO_0001325	radial symmetry		attribute_slim
PATO_0001327	zygomorphic		value_slim
PATO_0001328	actinomorphic		value_slim
PATO_0001329	flavourful		relational_slim|value_slim
PATO_0001330	flavourless		relational_slim|value_slim
PATO_0001331	odorous		value_slim
PATO_0001332	amorphous		mpath_slim|value_slim
PATO_0001333	temporally extended		value_slim
PATO_0001334	diameter		attribute_slim|mpath_slim|scalar_slim
PATO_0001335	bacterial mating type		attribute_slim
PATO_0001337	yeast mating type		attribute_slim
PATO_0001338	mixed sex		value_slim
PATO_0001339	biomaterial purity		attribute_slim|scalar_slim
PATO_0001340	hermaphrodite	intersex	value_slim
PATO_0001341	a mating type (yeast)	a	value_slim
PATO_0001342	Saccharomyces cerevisiae mating type		attribute_slim
PATO_0001343	Schizosaccharomyces pombe mating type		attribute_slim
PATO_0001344	alpha mating type (yeast)	alpha	value_slim
PATO_0001345	h minus	h -|M	value_slim
PATO_0001346	h plus	h+|P	value_slim
PATO_0001347	F mating type		value_slim
PATO_0001348	F minus mating type	F-	value_slim
PATO_0001349	high frequency recombinant	Hfr	value_slim
PATO_0001350	angular acceleration		attribute_slim|scalar_slim
PATO_0001351	area density		attribute_slim|scalar_slim
PATO_0001352	linear density		attribute_slim|scalar_slim
PATO_0001353	volumetric density		attribute_slim|scalar_slim
PATO_0001354	translucent		value_slim
PATO_0001355	convex		value_slim
PATO_0001356	pleomorphic		disposition_slim|mpath_slim|value_slim
PATO_0001357	pulvinate		mpath_slim|value_slim
PATO_0001358	umbonate		value_slim
PATO_0001359	rugose		mpath_slim|value_slim
PATO_0001360	filamentous		value_slim
PATO_0001361	warty		mpath_slim|value_slim
PATO_0001362	fragile		disposition_slim|value_slim
PATO_0001364	rhizoidal		value_slim
PATO_0001365	spiny		value_slim
PATO_0001366	punctiform		mpath_slim|value_slim
PATO_0001367	lobate		mpath_slim|value_slim
PATO_0001368	erose	jagged	value_slim
PATO_0001369	raised		mpath_slim|value_slim
PATO_0001370	viscid		value_slim
PATO_0001371	mucoid	mucinous|mucous	mpath_slim|value_slim
PATO_0001372	refractivity		attribute_slim|disposition_slim
PATO_0001373	glistening	glossy|shiny	value_slim
PATO_0001374	ploidy		attribute_slim
PATO_0001375	haploid		value_slim
PATO_0001376	monoploid		value_slim
PATO_0001377	polyploid		value_slim
PATO_0001378	autopolyploid		value_slim
PATO_0001379	allopolyploidy		value_slim
PATO_0001380	paleopolyploid		value_slim
PATO_0001381	triploid		value_slim
PATO_0001382	tetraploid		value_slim
PATO_0001383	pentaploid		value_slim
PATO_0001384	hexaploid		value_slim
PATO_0001385	aneuploid		value_slim
PATO_0001386	monosomy		value_slim
PATO_0001387	disomy		value_slim
PATO_0001388	uniparental disomy		value_slim
PATO_0001389	trisomy		value_slim
PATO_0001390	partial trisomy		value_slim
PATO_0001391	mosaic trisomy		value_slim
PATO_0001392	endopolyploid		value_slim
PATO_0001393	euploid		value_slim
PATO_0001394	diploid		value_slim
PATO_0001395	haplodiploid		value_slim
PATO_0001396	cellular quality		
PATO_0001397	cellular potency		attribute_slim|disposition_slim
PATO_0001398	self-renewal		attribute_slim|disposition_slim
PATO_0001399	totipotent		disposition_slim|value_slim
PATO_0001400	unipotent		disposition_slim|value_slim
PATO_0001401	oligopotent		disposition_slim|value_slim
PATO_0001402	multipotent		disposition_slim|value_slim
PATO_0001403	pluripotent		disposition_slim|value_slim
PATO_0001404	nucleate quality		attribute_slim
PATO_0001405	anucleate		mpath_slim|value_slim
PATO_0001406	binucleate		mpath_slim|value_slim
PATO_0001407	mononucleate		mpath_slim|value_slim
PATO_0001408	ciliatedness		value_slim
PATO_0001409	spindle-shaped		mpath_slim|value_slim
PATO_0001410	striated		mpath_slim|value_slim
PATO_0001411	structured		value_slim
PATO_0001412	unstructured		value_slim
PATO_0001413	angular velocity		attribute_slim|scalar_slim
PATO_0001414	catalytic activity		attribute_slim|scalar_slim
PATO_0001415	morbidity		attribute_slim|scalar_slim
PATO_0001416	regular duration		value_slim
PATO_0001417	irregular duration		value_slim
PATO_0001418	lethargic		value_slim
PATO_0001419	sharp		value_slim
PATO_0001420	buoyancy		attribute_slim|disposition_slim|scalar_slim
PATO_0001421	alive		value_slim
PATO_0001422	dead		value_slim
PATO_0001423	refractile		disposition_slim|value_slim
PATO_0001424	violet		mpath_slim|value_slim
PATO_0001425	rosy		value_slim
PATO_0001426	maroon		mpath_slim|value_slim
PATO_0001427	compound acidity		attribute_slim|scalar_slim
PATO_0001428	medium acidity		attribute_slim|scalar_slim
PATO_0001429	acidic		value_slim
PATO_0001430	alkaline		value_slim
PATO_0001431	adhesivity	adhesiveness|stickiness	attribute_slim|disposition_slim|relational_slim
PATO_0001432	decayed		value_slim
PATO_0001433	growth quality of occurrent	growth quality of a process|growth timing quality	attribute_slim
PATO_0001434	reproductive quality		
PATO_0001435	attachment quality		attribute_slim|relational_slim
PATO_0001436	sessile (sensu botany)		relational_slim|value_slim
PATO_0001437	sessile (sensu zoology)		mpath_slim|relational_slim|value_slim
PATO_0001438	pedicellate		relational_slim|value_slim
PATO_0001439	tonicity	tone	attribute_slim|disposition_slim|scalar_slim
PATO_0001440	homophilic		relational_slim|value_slim
PATO_0001441	heterophilic		relational_slim|value_slim
PATO_0001442	wholeness		attribute_slim
PATO_0001444	broken	burst|cracked|fractured|fragmented|hemorrhaged|ruptured|split|torn	value_slim
PATO_0001445	disassembled		value_slim
PATO_0001446	whole		value_slim
PATO_0001447	calcified	calcareous|calcification	mpath_slim|value_slim
PATO_0001448	ossified		value_slim
PATO_0001449	cartilaginous		mpath_slim|value_slim
PATO_0001450	edematous	edema|edemic|oedema|oedematous|oedemic	mpath_slim|value_slim
PATO_0001453	detached from	detached	mpath_slim|relational_slim|value_slim
PATO_0001454	sensitivity to oxygen		attribute_slim|disposition_slim|scalar_slim
PATO_0001455	aerobic		disposition_slim|value_slim
PATO_0001456	anaerobic		disposition_slim|value_slim
PATO_0001457	sensitivity of a process	sensitivity of occurrent	attribute_slim|disposition_slim|relational_slim
PATO_0001458	sensitivity of a process to oxygen	sensitivity of occurrent to oxygen	attribute_slim|disposition_slim
PATO_0001459	aerobic (for occurrence)		disposition_slim|value_slim
PATO_0001460	anaerobic (for occurrence)		disposition_slim|value_slim
PATO_0001461	surface tension		attribute_slim|disposition_slim|scalar_slim
PATO_0001462	membrane potential		attribute_slim|scalar_slim
PATO_0001463	action potential		attribute_slim|scalar_slim
PATO_0001464	electric potential		attribute_slim|scalar_slim
PATO_0001465	monstrous		value_slim
PATO_0001466	curved rostral	curved anterior|curved superior (human torso)	value_slim
PATO_0001467	curved caudal	curved inferior (human torso)|curved posterior	value_slim
PATO_0001468	curved dorsal	curved posterior (human torso)|curved superior (human head)	value_slim
PATO_0001469	curved ventral	curved anterior (human torso)|curved inferior (human head)	value_slim
PATO_0001470	proportionality to	proportion|proportionality|quotient|rate|ratio	attribute_slim|relational_slim
PATO_0001472	decreased depth	low depth|shallow	value_slim
PATO_0001473	duplicated	doubled	mpath_slim|value_slim
PATO_0001474	anteverted		mpath_slim|value_slim
PATO_0001475	increased position	high position	value_slim
PATO_0001476	decreased position	low position	value_slim
PATO_0001477	retracted	moved |retruded	value_slim
PATO_0001478	collapsed		mpath_slim|value_slim
PATO_0001480	spongy		mpath_slim|value_slim
PATO_0001481	sloped		value_slim
PATO_0001482	prominent		value_slim
PATO_0001483	aplastic	aplasia|undeveloped	mpath_slim|value_slim
PATO_0001484	recent		value_slim
PATO_0001485	condensed	compact|compressed|dense|squashed	mpath_slim|value_slim
PATO_0001486	chronological age		attribute_slim
PATO_0001487	senescent		mpath_slim|value_slim
PATO_0001488	cellular motility		attribute_slim|disposition_slim|scalar_slim
PATO_0001490	heterochronic growth		value_slim
PATO_0001491	neotenous growth	neotenic growth	value_slim
PATO_0001492	growth rate		attribute_slim|scalar_slim
PATO_0001493	hypertrophic growth		value_slim
PATO_0001494	hypotrophic growth		value_slim
PATO_0001495	notched	indented	mpath_slim|value_slim
PATO_0001496	brood quality		attribute_slim
PATO_0001497	brood viability		attribute_slim|disposition_slim
PATO_0001499	spherical	globular|rotund	mpath_slim|value_slim
PATO_0001500	tapered	taper	value_slim
PATO_0001501	immature	underdeveloped	value_slim
PATO_0001502	complexity		attribute_slim
PATO_0001503	simple		mpath_slim|value_slim
PATO_0001504	complex		mpath_slim|value_slim
PATO_0001505	separated from	discontiguous|divided_from|splitted from	relational_slim|value_slim
PATO_0001506	diastatic		relational_slim|value_slim
PATO_0001507	disrupted		mpath_slim|value_slim
PATO_0001509	functionality		attribute_slim|disposition_slim|scalar_slim
PATO_0001510	functional		disposition_slim|value_slim
PATO_0001511	non-functional	defective|disfunctional|failure|functional failure	disposition_slim|value_slim
PATO_0001512	punctate	dotted|spotted|stippled	mpath_slim|value_slim
PATO_0001514	delaminated		mpath_slim|value_slim
PATO_0001515	variable color	murky	value_slim
PATO_0001516	focus		attribute_slim
PATO_0001517	focused		value_slim
PATO_0001518	blurry		value_slim
PATO_0001519	sound quality		attribute_slim
PATO_0001520	sound frequency		attribute_slim|scalar_slim
PATO_0001521	sound amplitude	loudness	attribute_slim
PATO_0001522	sound speed		attribute_slim|scalar_slim
PATO_0001523	sound wavelength		attribute_slim|scalar_slim
PATO_0001524	intrasonic		value_slim
PATO_0001525	sonic		value_slim
PATO_0001526	ultrasonic		value_slim
PATO_0001527	quiet		value_slim
PATO_0001528	loud		value_slim
PATO_0001529	cellular spatiotemporal quality		attribute_slim
PATO_0001530	behavioral quality of a process	behavioral quality of occurrent	attribute_slim
PATO_0001531	cellular adhesivity		attribute_slim|disposition_slim
PATO_0001532	mono-colored	evenly colored|homogeneously colored|homogenously pigmented|uniformly colored	value_slim
PATO_0001533	multi-colored	variegated	value_slim
PATO_0001534	motley		value_slim
PATO_0001535	dappled	speckled	value_slim
PATO_0001536	solubility		attribute_slim|disposition_slim|relational_slim|scalar_slim
PATO_0001537	soluble in	soluble	disposition_slim|relational_slim|value_slim
PATO_0001538	insoluble in	insoluble	disposition_slim|relational_slim|value_slim
PATO_0001539	amylose composition	amylose compositionality	attribute_slim|scalar_slim
PATO_0001540	glutinous		value_slim
PATO_0001541	non-glutinous		value_slim
PATO_0001542	delayed phase		value_slim
PATO_0001543	flexibility		attribute_slim|disposition_slim
PATO_0001544	flexible	bendy	disposition_slim|value_slim
PATO_0001545	inflexible	stiff|stiffness	disposition_slim|value_slim
PATO_0001546	quality of a solid	solidity	attribute_slim
PATO_0001547	quality of a gas	gaseous	attribute_slim
PATO_0001548	quality of a liquid	liquidity	attribute_slim
PATO_0001549	increased sensitivity toward	high sensitivity toward|increased sensitivity	disposition_slim|relational_slim|value_slim
PATO_0001550	decreased sensitivity toward	decreased sensitivity|low sensitivity toward	disposition_slim|relational_slim|value_slim
PATO_0001551	increased sensitivity of a process	high sensitivity of occurrent|increased sensitivity of occurrent	relational_slim|value_slim
PATO_0001552	decreased sensitivity of a process	decreased sensitivity of occurrent|low sensitivity of occurrent	relational_slim|value_slim
PATO_0001553	increased sensitivity of a process to oxygen	high sensitivity of occurrent to oxygen	disposition_slim|value_slim
PATO_0001554	decreased sensitivity of a process to oxygen	low sensitivity of occurrent to oxygen	disposition_slim|value_slim
PATO_0001555	has number of	cardinality|extra or missing physical or functional parts|has or lacks parts of type|mereological quality|number|number of	attribute_slim|relational_slim
PATO_0001558	lacking processual parts		relational_slim|value_slim
PATO_0001559	having extra function	having supernumerary functions	disposition_slim|value_slim
PATO_0001561	having extra processual parts	having supernumerary processual parts	relational_slim|value_slim
PATO_0001562	decreased mass	low mass|small mass	value_slim
PATO_0001563	increased mass	high mass|large mass	value_slim
PATO_0001564	extra or missing processual parts		relational_slim
PATO_0001566	distributed	diffuse|scattered	mpath_slim|value_slim
PATO_0001567	undistributed		value_slim
PATO_0001570	having decreased processual parts		relational_slim|value_slim
PATO_0001571	dilated		mpath_slim|value_slim
PATO_0001573	isometrical		value_slim
PATO_0001574	flow rate		attribute_slim|scalar_slim
PATO_0001575	decreased pressure	low pressure	value_slim
PATO_0001576	increased pressure	high pressure	value_slim
PATO_0001577	increased permeability	high permeability	disposition_slim|value_slim
PATO_0001578	decreased permeability	low permeability	disposition_slim|value_slim
PATO_0001579	contractility		attribute_slim|disposition_slim|scalar_slim
PATO_0001580	increased contractility	high contractility	disposition_slim|value_slim
PATO_0001581	decreased contractility	low contractility	disposition_slim|value_slim
PATO_0001583	decreased variability	low variability	value_slim
PATO_0001584	increased variability	high variability	value_slim
PATO_0001585	conductivity		attribute_slim|disposition_slim|scalar_slim
PATO_0001586	variability of rate		value_slim
PATO_0001587	increased variability of rate	high variability of rate	value_slim
PATO_0001588	decreased variability of rate	low variability of rate	value_slim
PATO_0001590	overlap with	overlap	relational_slim|value_slim
PATO_0001591	curvature		attribute_slim
PATO_0001592	increased curvature		value_slim
PATO_0001593	decreased curvature		value_slim
PATO_0001594	arched		
PATO_0001595	depth		attribute_slim|scalar_slim
PATO_0001596	increased depth	deep	value_slim
PATO_0001597	everted		mpath_slim|value_slim
PATO_0001598	protruding	protruding |relational protruding quality	value_slim
PATO_0001599	rotated	rotation	attribute_slim|mpath_slim
PATO_0001600	posteriorly rotated		mpath_slim|value_slim
PATO_0001601	anteriorly rotated		mpath_slim|value_slim
PATO_0001602	distended	expanded 	mpath_slim|value_slim
PATO_0001603	increased life span	high life span	
PATO_0001604	decreased life span	low life span	
PATO_0001605	disheveled		value_slim
PATO_0001606	greasy		mpath_slim|value_slim
PATO_0001607	matted		mpath_slim|value_slim
PATO_0001608	patchy		mpath_slim|value_slim
PATO_0001609	sparse		mpath_slim|value_slim
PATO_0001611	variability of color		attribute_slim
PATO_0001612	increased variability of color	high variability of color	value_slim
PATO_0001613	decreased variability of color	low variability of color	value_slim
PATO_0001614	invariant color		value_slim
PATO_0001615	variant color		value_slim
PATO_0001617	deformed	disfigured|distorted	value_slim
PATO_0001618	increased tonicity	high tonicity	disposition_slim|value_slim
PATO_0001619	decreased tonicity	low tonicity	disposition_slim|value_slim
PATO_0001620	turgor		attribute_slim|scalar_slim
PATO_0001621	decreased turgor	low turgor	value_slim
PATO_0001622	increased turgor	high turgor	value_slim
PATO_0001623	atrophied	atrophic	mpath_slim|value_slim
PATO_0001624	decreased functionality	dysfunction|dysfunctional|having decreased function|impaired|lacks function of type|low functionality|partial functionality	disposition_slim|value_slim
PATO_0001625	increased functionality	high functionality	disposition_slim|value_slim
PATO_0001626	sufficiency	adequacy	attribute_slim
PATO_0001627	sufficient	adequate	value_slim
PATO_0001628	insufficient	inadequate 	value_slim
PATO_0001629	aggregated	clustered	mpath_slim|value_slim
PATO_0001630	dispersed		mpath_slim|value_slim
PATO_0001632	anterior to	preceding|ventral_to	mpath_slim|relational_slim|value_slim
PATO_0001633	posterior to	posterior (human torso)|superior (human head)	mpath_slim|relational_slim|value_slim
PATO_0001634	necessity (continuant)		attribute_slim
PATO_0001635	necessary (continuant)		value_slim
PATO_0001636	unnecessary (continuant)		value_slim
PATO_0001637	necessity of occurrent		attribute_slim
PATO_0001638	necessary (occurrent)		value_slim
PATO_0001639	unnecessary (occurrent)		value_slim
PATO_0001643	stubby		value_slim
PATO_0001645	protruding into		relational_slim|value_slim
PATO_0001646	protruding out of	exposed|extruding from	relational_slim|value_slim
PATO_0001648	circumference		attribute_slim|scalar_slim
PATO_0001649	curved lateral		value_slim
PATO_0001650	increased resistance to	high resistance to|increased resistance	disposition_slim|relational_slim|value_slim
PATO_0001651	decreased resistance to	decreased resistance|low resistance to	disposition_slim|relational_slim|value_slim
PATO_0001652	alignment		attribute_slim|relational_slim
PATO_0001653	aligned with	aligned |aligned to	relational_slim|value_slim
PATO_0001654	misaligned with	misaligned |unaligned with	relational_slim|value_slim
PATO_0001655	osmolarity		attribute_slim|relational_slim|scalar_slim
PATO_0001656	decreased osmolarity	low osmolarity	relational_slim|value_slim
PATO_0001657	increased osmolarity	high osmolarity	relational_slim|value_slim
PATO_0001658	dorsally rotated		mpath_slim|value_slim
PATO_0001659	ventrally rotated		mpath_slim|relational_slim|value_slim
PATO_0001662	fragility		attribute_slim|disposition_slim|scalar_slim
PATO_0001663	increased solubility	high solubility	disposition_slim|relational_slim|value_slim
PATO_0001664	decreased solubility	low solubility	disposition_slim|relational_slim|value_slim
PATO_0001665	superficial	superficial to	mpath_slim|relational_slim|value_slim
PATO_0001667	attached to	affixed to|attached	mpath_slim|relational_slim|value_slim
PATO_0001668	associated with	associated	mpath_slim|relational_slim|value_slim
PATO_0001669	increased susceptibility toward	high susceptibility toward|increased susceptibility	disposition_slim|relational_slim|value_slim
PATO_0001670	decreased susceptibility toward	decreased susceptibility|low susceptibility toward	disposition_slim|relational_slim|value_slim
PATO_0001671	increased distribution	high distribution	value_slim
PATO_0001672	decreased distribution	low distribution	value_slim
PATO_0001673	cystic	cysts	value_slim
PATO_0001674	catalytic (activity) concentration		attribute_slim|relational_slim|scalar_slim
PATO_0001675	decreased efficiency	low efficiency	value_slim
PATO_0001676	increased efficiency	high efficiency	value_slim
PATO_0001677	inefficient		value_slim
PATO_0001678	efficient		value_slim
PATO_0001679	specific volume		attribute_slim|scalar_slim
PATO_0001680	molar volume		attribute_slim|scalar_slim
PATO_0001681	molar mass		attribute_slim|scalar_slim
PATO_0001682	magnetism		attribute_slim|disposition_slim|scalar_slim
PATO_0001683	increased magnetism	high magnetism	disposition_slim|value_slim
PATO_0001684	decreased magnetism	low magnetism	disposition_slim|value_slim
PATO_0001685	magnetic		disposition_slim|value_slim
PATO_0001686	non-magnetic		disposition_slim|value_slim
PATO_0001687	elevation		attribute_slim
PATO_0001688	increased elevation	elevated|high elevation	value_slim
PATO_0001689	decreased elevation	low elevation	value_slim
PATO_0001690	contractile		disposition_slim|value_slim
PATO_0001691	non-contractile		disposition_slim|value_slim
PATO_0001693	increased viscosity	high viscosity	disposition_slim|value_slim
PATO_0001694	decreased viscosity	low viscosity	disposition_slim|value_slim
PATO_0001695	increased fecundity	high fecundity	disposition_slim|value_slim
PATO_0001696	decreased fecundity	low fecundity	disposition_slim|value_slim
PATO_0001697	decreased photosensitivity	low photosensitivity	disposition_slim|relational_slim|value_slim
PATO_0001698	increased photosensitivity	high photosensitivity	disposition_slim|relational_slim|value_slim
PATO_0001699	regular sleep pattern		value_slim
PATO_0001700	irregular sleep pattern		value_slim
PATO_0001701	mature		value_slim
PATO_0001702	saturated violet	bright violet	value_slim
PATO_0001703	desaturated violet	pale violet	value_slim
PATO_0001704	light violet		mpath_slim|value_slim
PATO_0001705	dark violet		mpath_slim|value_slim
PATO_0001706	behavioural inactive		disposition_slim|value_slim
PATO_0001707	behavioural active		value_slim
PATO_0001708	1-D extent	1-D size	attribute_slim
PATO_0001709	2-D extent	2-D size	attribute_slim
PATO_0001710	3-D extent	3D size	attribute_slim
PATO_0001711	perimeter		attribute_slim|scalar_slim
PATO_0001712	increased perimeter		value_slim
PATO_0001713	decreased perimeter		value_slim
PATO_0001714	increased diameter		value_slim
PATO_0001715	decreased diameter		value_slim
PATO_0001716	non-fragile	resilient|strong|tough	attribute_slim|disposition_slim
PATO_0001717	radiation emitting intensity quality		
PATO_0001718	luminance		
PATO_0001719	receptivity		attribute_slim|relational_slim|scalar_slim
PATO_0001720	female receptivity		attribute_slim|relational_slim|scalar_slim
PATO_0001721	male receptivity		attribute_slim|relational_slim|scalar_slim
PATO_0001723	increased female receptivity	high female receptivity	relational_slim|value_slim
PATO_0001724	decreased female receptivity	low female receptivity	relational_slim|value_slim
PATO_0001725	increased male receptivity	high male receptivity	relational_slim|value_slim
PATO_0001726	decreased male receptivity	low male receptivity	relational_slim|value_slim
PATO_0001727	disposition	tendency	attribute_slim|disposition_slim|relational_slim
PATO_0001728	multi-cellular organismal disposition		attribute_slim|disposition_slim
PATO_0001729	shedability		attribute_slim|disposition_slim|relational_slim
PATO_0001730	deciduous (generic)		disposition_slim|relational_slim|value_slim
PATO_0001731	deciduous (plant)		disposition_slim|relational_slim|value_slim
PATO_0001732	non-deciduous (any body part)		disposition_slim|relational_slim|value_slim
PATO_0001733	evergreen (plant)		disposition_slim|relational_slim|value_slim
PATO_0001734	semi-deciduous(plant)		disposition_slim|relational_slim|value_slim
PATO_0001735	liquid configuration	liquid	
PATO_0001736	solid configuration	solid	value_slim
PATO_0001737	gaseus configuration	gas	
PATO_0001738	dissociated from	dissociated	relational_slim|value_slim
PATO_0001739	radiation quality		attribute_slim
PATO_0001740	activity (of a radionuclide)	radioactivity	attribute_slim
PATO_0001741	radioactive		value_slim
PATO_0001742	increased radioactivity	high radioactivity	value_slim
PATO_0001743	decreased radioactivity	low radioactivity	value_slim
PATO_0001744	radiation exposure		attribute_slim|scalar_slim
PATO_0001745	radiation absorbed dose		attribute_slim|scalar_slim
PATO_0001746	radiation equivalent dose		attribute_slim|scalar_slim
PATO_0001747	radiation effective dose		attribute_slim|scalar_slim
PATO_0001748	invaginated		mpath_slim|value_slim
PATO_0001749	paedomorphic growth	hypoplastic growth|pedomorphic growth	value_slim
PATO_0001750	postdisplaced growth		value_slim
PATO_0001751	progenetic growth		value_slim
PATO_0001752	peramorphic growth	hyperplastic growth	attribute_slim
PATO_0001753	accelerated growth		value_slim
PATO_0001754	predisplaced growth	precocious growth	value_slim
PATO_0001755	hypermorphic growth		value_slim
PATO_0001756	heat conductivity	thermal conduction	attribute_slim|disposition_slim|scalar_slim
PATO_0001757	electrical conductivity		attribute_slim|disposition_slim|scalar_slim
PATO_0001758	nerve conductivity		attribute_slim|disposition_slim|scalar_slim
PATO_0001759	granular		mpath_slim|value_slim
PATO_0001760	female semi-fertile		disposition_slim|value_slim
PATO_0001761	male semi-fertile		disposition_slim|value_slim
PATO_0001762	male semi-sterile		disposition_slim|value_slim
PATO_0001763	female semi-sterile		disposition_slim|value_slim
PATO_0001764	increased age	high age	value_slim
PATO_0001765	decreased age	low age	value_slim
PATO_0001767	semi-fertile		disposition_slim|value_slim
PATO_0001768	semi-lethal (sensu genetics)		disposition_slim|value_slim
PATO_0001769	positional polarity	cellular polarity	attribute_slim
PATO_0001770	semi-viable		disposition_slim|value_slim
PATO_0001772	surrounding	encircling	relational_slim|value_slim
PATO_0001773	monophasic		value_slim
PATO_0001774	polyphasic		value_slim
PATO_0001775	dorsal-ventral polarity		value_slim
PATO_0001776	increased flexibility	high flexibility	disposition_slim|value_slim
PATO_0001777	decreased flexibility	low flexibility	disposition_slim|value_slim
PATO_0001778	increased strength	high strength	value_slim
PATO_0001779	decreased strength	weak	value_slim
PATO_0001780	dystrophic	dystrophied|dystrophy	mpath_slim|value_slim
PATO_0001781	irregular thickness		
PATO_0001782	increased intensity	high intensity	value_slim
PATO_0001783	decreased intensity	low intensity	value_slim
PATO_0001784	bifurcated	bifid|forked	mpath_slim|value_slim
PATO_0001785	splayed	flared	value_slim
PATO_0001786	split	clefted|divided|forked|septate	mpath_slim|value_slim
PATO_0001787	rotational curvature		value_slim
PATO_0001788	increased mass density	high density	value_slim
PATO_0001789	domed		mpath_slim|value_slim
PATO_0001790	decreased mass density	low density	value_slim
PATO_0001791	multi-localised	multi-focal	mpath_slim|value_slim
PATO_0001792	left side of		mpath_slim|relational_slim|value_slim
PATO_0001793	right side of		mpath_slim|relational_slim|value_slim
PATO_0001794	coiling		attribute_slim
PATO_0001795	increased coiling	high coiling	value_slim
PATO_0001796	decreased coiling	low coiling	value_slim
PATO_0001798	kinked	tightly curled|twisted	value_slim
PATO_0001799	ruffled		value_slim
PATO_0001800	water composition		attribute_slim|scalar_slim
PATO_0001801	decreased water composition	dehydrated|dry	value_slim
PATO_0001802	loose		value_slim
PATO_0001803	phototoxic		disposition_slim|value_slim
PATO_0001804	scaly	squamous	mpath_slim|value_slim
PATO_0001805	flaky		mpath_slim|value_slim
PATO_0001806	sensitivity to irradiation		attribute_slim|disposition_slim|scalar_slim
PATO_0001807	decreased sensitivity to irradiation	low sensitivity to irradiation	disposition_slim|value_slim
PATO_0001808	increased sensitivity to irradiation	high sensitivity to irradiation	disposition_slim|value_slim
PATO_0001809	tight		value_slim
PATO_0001810	wrinkled		mpath_slim|value_slim
PATO_0001813	atonicity		disposition_slim|value_slim
PATO_0001814	dystonicity		disposition_slim|value_slim
PATO_0001815	fatigability		attribute_slim|disposition_slim|scalar_slim
PATO_0001816	increased fatigability	high fatigability	disposition_slim|value_slim
PATO_0001817	decreased fatigability	low fatigability	disposition_slim|value_slim
PATO_0001818	progressive		mpath_slim|value_slim
PATO_0001819	atretic	atresia	mpath_slim|value_slim
PATO_0001821	imperforate		mpath_slim|value_slim
PATO_0001822	wetness		attribute_slim|mpath_slim|scalar_slim
PATO_0001823	wet		mpath_slim|value_slim
PATO_0001824	dry		mpath_slim|value_slim
PATO_0001825	increased wetness		value_slim
PATO_0001826	decreased wetness	low wetness	value_slim
PATO_0001827	pseudohermaphrodite		value_slim
PATO_0001828	male pseudohermaphrodite		value_slim
PATO_0001829	female pseudohermaphrodite		value_slim
PATO_0001830	decreased female fertility	low female fertility	disposition_slim|value_slim
PATO_0001831	increased female fertility	high female fertility	disposition_slim|value_slim
PATO_0001832	increased male fertility	high male fertility	disposition_slim|value_slim
PATO_0001833	decreased male fertility	low male fertility	disposition_slim|value_slim
PATO_0001834	decreased fertility	low fertility	disposition_slim|value_slim
PATO_0001835	increased fertility	high fertility	disposition_slim|value_slim
PATO_0001836	congested		mpath_slim|value_slim
PATO_0001838	decreased fluid flow	low flow	value_slim
PATO_0001839	increased fluid flow	high flow	value_slim
PATO_0001841	remittent		mpath_slim|value_slim
PATO_0001842	acidity	pH	scalar_slim|value_slim
PATO_0001843	decreased acidity	low acidity	value_slim
PATO_0001844	increased acidity	high acidity	value_slim
PATO_0001845	irregular rhythm		value_slim
PATO_0001846	tangled		mpath_slim|value_slim
PATO_0001847	constricted	stenosis|stenotic|stricture	value_slim
PATO_0001848	asymmetrically curved		value_slim
PATO_0001849	abrased		value_slim
PATO_0001850	scarred		mpath_slim|value_slim
PATO_0001851	swollen	swelling	mpath_slim|value_slim
PATO_0001852	dislocated	dislocation|luxated|luxation|relational dislocated quality	mpath_slim|value_slim
PATO_0001853	hydrocephalic		value_slim
PATO_0001854	vertical		value_slim
PATO_0001855	horizontal		value_slim
PATO_0001856	introverted		value_slim
PATO_0001857	concave		value_slim
PATO_0001858	partially paralysed		value_slim
PATO_0001859	increased coordination	high coordination	disposition_slim|value_slim
PATO_0001860	decreased coordination	low coordination	disposition_slim|value_slim
PATO_0001861	fasciculated	fascicled	mpath_slim|value_slim
PATO_0001862	lack of fertility in offspring	grandchildless	disposition_slim|value_slim
PATO_0001863	chronic		mpath_slim|value_slim
PATO_0001865	spheroid	sphericality	mpath_slim|value_slim
PATO_0001866	prolate	prolate spheroid	value_slim
PATO_0001867	rectangular		value_slim
PATO_0001868	autofluorescence		attribute_slim
PATO_0001869	pathological		abnormal_slim|value_slim
PATO_0001870	crescent-shaped	bow-shaped|crescentic|lunate	value_slim
PATO_0001871	reniform	bean shaped|kidney-shaped	value_slim
PATO_0001872	cuboid	block-like|cuboidal	value_slim
PATO_0001873	cylindrical	rod-like|rod-shaped|tubulate	value_slim
PATO_0001874	discoid	disc-shaped|disk-shaped	value_slim
PATO_0001875	triangular	delta shaped|deltoid|triangle|triangle-shaped	value_slim
PATO_0001876	dumbbell-shaped		value_slim
PATO_0001877	lanceolate	spear-shaped	value_slim
PATO_0001878	sigmoid	S-shaped|sigmoidal	value_slim
PATO_0001879	U-shaped	horseshoe|horseshoe shaped	value_slim
PATO_0001880	caudate	caudal|tailed	value_slim
PATO_0001881	arrow-shaped	sagittate	value_slim
PATO_0001882	limaciform		value_slim
PATO_0001883	clavate	club-like|club-shaped|clubbed	value_slim
PATO_0001884	hydrophobicity		attribute_slim|disposition_slim
PATO_0001885	hydrophobic		disposition_slim|value_slim
PATO_0001886	hydrophilicity		attribute_slim|disposition_slim
PATO_0001887	hydrophilic		disposition_slim|value_slim
PATO_0001888	miscibility		attribute_slim|disposition_slim
PATO_0001889	scalloped	crenate|crenulate	value_slim
PATO_0001890	tripartite	trifurcate	value_slim
PATO_0001891	ovate	eccentric|egg-shaped|oval|ovoid	mpath_slim|value_slim
PATO_0001892	decreased odor		value_slim
PATO_0001893	increased odor		value_slim
PATO_0001894	phenotypic sex		attribute_slim
PATO_0001895	mating type		attribute_slim
PATO_0001896	unlumenized		value_slim
PATO_0001897	lumenized		value_slim
PATO_0001898	increased circumference		value_slim
PATO_0001899	decreased circumference		value_slim
PATO_0001900	front		value_slim
PATO_0001901	back		value_slim
PATO_0001902	unidirectional		value_slim
PATO_0001903	bi-directional		value_slim
PATO_0001904	circling direction		value_slim
PATO_0001905	has normal numbers of parts of type	having physical part	relational_slim
PATO_0001906	movement quality		attribute_slim
PATO_0001907	botryoidal		value_slim
PATO_0001908	multinucleate		mpath_slim|value_slim
PATO_0001909	trinucleate		mpath_slim|value_slim
PATO_0001910	folded		value_slim
PATO_0001911	circling		value_slim
PATO_0001912	physiological state		
PATO_0001913	ictal		
PATO_0001914	non-ictal		
PATO_0001915	anterodorsal to		relational_slim|value_slim
PATO_0001916	posterodorsal to		relational_slim|value_slim
PATO_0001917	anteroventral to		relational_slim|value_slim
PATO_0001918	posteroventral to		relational_slim|value_slim
PATO_0001919	mislocalised dorsally		value_slim
PATO_0001920	mislocalised ventrally		value_slim
PATO_0001921	mislocalised anteriorly		value_slim
PATO_0001922	mislocalised posteriorly		value_slim
PATO_0001923	mislocalised laterally		value_slim
PATO_0001924	mislocalised medially		value_slim
PATO_0001925	surface feature shape		attribute_slim
PATO_0001926	increased fluorescence	high fluorescence	value_slim
PATO_0001927	decreased fluorescence	low fluorescence	value_slim
PATO_0001928	blistered	blistering	mpath_slim|value_slim
PATO_0001929	variability of shape		attribute_slim
PATO_0001930	variant shape		value_slim
PATO_0001931	invariant shape		value_slim
PATO_0001932	alternate placement		value_slim
PATO_0001933	opposite		relational_slim|value_slim
PATO_0001934	orbicular		value_slim
PATO_0001935	obtuse	roundish	value_slim
PATO_0001936	obovate	obovoid	value_slim
PATO_0001937	spatulate	spathulate	value_slim
PATO_0001938	rhomboid		value_slim
PATO_0001940	gigantic	giant	value_slim
PATO_0001941	yellow green		mpath_slim|value_slim
PATO_0001942	brown green	olive green	
PATO_0001943	lilac		mpath_slim|value_slim
PATO_0001944	yellow orange		mpath_slim|value_slim
PATO_0001945	ochre		value_slim
PATO_0001946	banded	striped	value_slim
PATO_0001947	netted	net-like |reticulated	value_slim
PATO_0001948	furrowed	fluted	value_slim
PATO_0001949	pointleted		value_slim
PATO_0001950	blunt		value_slim
PATO_0001951	whorled		value_slim
PATO_0001952	distichous		value_slim
PATO_0001953	decussate	crosscutting|intercrossing|intersecting	value_slim
PATO_0001954	subulate	awl-shaped|needle-like	value_slim
PATO_0001955	cuneate	wedge-shaped	value_slim
PATO_0001956	variability of size		attribute_slim
PATO_0001957	decreased variability of size	low variability of size	value_slim
PATO_0001958	increased variability of size	high variability of size	value_slim
PATO_0001959	defasciculated		value_slim
PATO_0001960	interdigitated		value_slim
PATO_0001961	in contact with	contiguous	relational_slim|value_slim
PATO_0001962	involute		value_slim
PATO_0001963	revolute		value_slim
PATO_0001964	circinate		value_slim
PATO_0001965	reclinate		value_slim
PATO_0001966	convolute		value_slim
PATO_0001967	actinodromous		value_slim
PATO_0001968	parallelodromous		value_slim
PATO_0001969	craspedodromous		value_slim
PATO_0001970	brochidodromous		value_slim
PATO_0001971	cladodromous		value_slim
PATO_0001972	reticulodromous		value_slim
PATO_0001973	cuspidate		value_slim
PATO_0001974	retuse		value_slim
PATO_0001975	unserrated		value_slim
PATO_0001976	serration		value_slim
PATO_0001977	angular	angulate	value_slim
PATO_0001978	cut	incised	value_slim
PATO_0001979	lobed		mpath_slim|value_slim
PATO_0001980	digitate		value_slim
PATO_0001981	auriculate		value_slim
PATO_0001982	attenuate		value_slim
PATO_0001983	perfoliate		value_slim
PATO_0001984	decurrent		value_slim
PATO_0001985	frozen		value_slim
PATO_0001986	dissolved		relational_slim|value_slim
PATO_0001987	saccular	sacular	value_slim
PATO_0001988	quadrangular		value_slim
PATO_0001989	sinuous	twisted	value_slim
PATO_0001990	duration of disease		
PATO_0001991	immortal		disposition_slim|value_slim
PATO_0001992	cellularity		attribute_slim|scalar_slim
PATO_0001993	multicellular		value_slim
PATO_0001994	unicellular		value_slim
PATO_0001995	organismal quality		
PATO_0001997	present in fewer numbers in organism	decreased|decreased amount|decreased number|reduced|subnumerary	
PATO_0001998	conspicuousness		
PATO_0001999	lacks parts or has fewer parts of type	loss of	relational_slim
PATO_0002000	lacks all parts of type	lacks all physical parts of type	relational_slim
PATO_0002001	has fewer parts of type	decreased number of|has decreased number of|has fewer physical parts of type	relational_slim
PATO_0002002	has extra parts of type	has extra parts of|has increased number of|having extra physical parts|having supernumerary physical parts|increased number of	relational_slim
PATO_0002003	population quality		attribute_slim
PATO_0002005	concavity		attribute_slim
PATO_0002006	2-D shape	2-D projection|cross-sectional	attribute_slim
PATO_0002007	convex 3-D shape		attribute_slim
PATO_0002008	concave 3-D shape		attribute_slim
PATO_0002009	branchiness		attribute_slim
PATO_0002010	looseness		value_slim
PATO_0002011	neoplastic	tumorous	disposition_slim|mpath_slim|value_slim
PATO_0002012	coating		value_slim
PATO_0002013	fasciculation		attribute_slim
PATO_0002014	structure, cavities		attribute_slim
PATO_0002016	magnitude		
PATO_0002017	increased magnitude	high magnitude	
PATO_0002018	decreased magnitude	low magnitude	
PATO_0002019	aplastic growth	agenesis|dysgenesis	
PATO_0002020	pale pink		
PATO_0002021	conical	cone-shaped	value_slim
PATO_0002022	villiform		value_slim
PATO_0002023	apical-basal polarity		value_slim
PATO_0002024	anterior-posterior polarity	rostral-caudal polarity |superior-caudal polarity (human torso)	value_slim
PATO_0002025	external angle		relational_slim|value_slim
PATO_0002026	non-progressive		mpath_slim|value_slim
PATO_0002027	osmolality		attribute_slim|relational_slim|scalar_slim
PATO_0002028	decreased osmolality	low osmolality	relational_slim|value_slim
PATO_0002029	increased osmolality	high osmolality	relational_slim|value_slim
PATO_0002030	specificity to		attribute_slim|disposition_slim|relational_slim
PATO_0002031	upturned		value_slim
PATO_0002032	forward scatter		attribute_slim
PATO_0002033	side scatter		attribute_slim
PATO_0002034	undivided	unseparated	value_slim
PATO_0002035	ipsilateral to	ipsilateral	mpath_slim|relational_slim|value_slim
PATO_0002036	axial to		mpath_slim|relational_slim|value_slim
PATO_0002037	degeneration		attribute_slim|scalar_slim
PATO_0002038	non-degenerate	not degenerate	value_slim
PATO_0002039	biconcave		value_slim
PATO_0002040	biconvex		value_slim
PATO_0002041	anterior-posterior diameter		attribute_slim|scalar_slim
PATO_0002042	decreased anterior-posterior diameter	low anterior-posterior diameter	value_slim
PATO_0002043	increased anterior-posterior diameter	high anterior-posterior diameter	value_slim
PATO_0002044	trapezoid	trapezoidal	value_slim
PATO_0002045	dendritic	dendriform|dendroid|dendroidal	value_slim
PATO_0002046	abaxial to		mpath_slim|relational_slim|value_slim
PATO_0002047	adaxial to		mpath_slim|relational_slim|value_slim
PATO_0002048	mosaicism	heterogeneity	attribute_slim
PATO_0002049	lateral and rotional curvature		value_slim
PATO_0002050	present in normal numbers in organism		
PATO_0002051	increased occurrence	increased incidence	
PATO_0002052	decreased occurrence	decreased incidence	
PATO_0002053	dorso-ventrally flattened		value_slim
PATO_0002054	laterally compressed	laterally flattened|transversely flattened	value_slim
PATO_0002055	increased fragility		disposition_slim|value_slim
PATO_0002056	decreased fragility		disposition_slim|value_slim
PATO_0002057	increased area		value_slim
PATO_0002058	decreased area		value_slim
PATO_0002059	emmision wavelength		attribute_slim
PATO_0002060	absorption wavelength		attribute_slim
PATO_0002062	physical quality of a process		attribute_slim
PATO_0002063	columnar		mpath_slim|value_slim
PATO_0002064	fenestrated		mpath_slim|value_slim
PATO_0002065	star shaped	stellate	mpath_slim|value_slim
PATO_0002066	crystal configuration		value_slim
PATO_0002067	stratification		attribute_slim
PATO_0002068	stratified		mpath_slim|value_slim
PATO_0002069	unstratified		mpath_slim|value_slim
PATO_0002070	affinity		attribute_slim|disposition_slim|relational_slim|scalar_slim
PATO_0002071	increased affinity		disposition_slim|relational_slim|value_slim
PATO_0002072	decreased affinity		disposition_slim|relational_slim|value_slim
PATO_0002073	avidity		attribute_slim|disposition_slim|relational_slim|scalar_slim
PATO_0002074	increased avidity		disposition_slim|relational_slim|value_slim
PATO_0002075	decreased avidity		disposition_slim|relational_slim|value_slim
PATO_0002076	movement behavioral quality	movement behavioural quality	attribute_slim
PATO_0002077	stacked		value_slim
PATO_0002078	hollow		value_slim
PATO_0002080	broken into two pieces		value_slim
PATO_0002081	shattered		value_slim
PATO_0002082	partially broken		value_slim
PATO_0002083	altered number of		attribute_slim|relational_slim
PATO_0002087	bullet-shaped		value_slim
PATO_0002088	monocystic		mpath_slim|value_slim
PATO_0002089	polycystic	multicystic	value_slim
PATO_0002090	adenomatous		mpath_slim|value_slim
PATO_0002091	subacute		mpath_slim|value_slim
PATO_0002092	anaplastic		mpath_slim|value_slim
PATO_0002093	ballooning		mpath_slim|value_slim
PATO_0002094	basophilic		disposition_slim|mpath_slim|value_slim
PATO_0002096	neoplastic, non-malignant	benign	disposition_slim|mpath_slim|value_slim
PATO_0002097	neoplastic, malignant		disposition_slim|mpath_slim|value_slim
PATO_0002098	neoplastic, metastatic		disposition_slim|mpath_slim|value_slim
PATO_0002099	differentiated		mpath_slim|value_slim
PATO_0002100	undifferentiated		mpath_slim|value_slim
PATO_0002101	metaplastic	trans-differentiated	mpath_slim|value_slim
PATO_0002102	proliferative		disposition_slim|mpath_slim|value_slim
PATO_0002103	infiltrative	infiltrating	mpath_slim|value_slim
PATO_0002104	inflammatory		mpath_slim|value_slim
PATO_0002105	hemorrhagic		mpath_slim|value_slim
PATO_0002106	poorly differentiated		mpath_slim|value_slim
PATO_0002107	peripheral		mpath_slim|relational_slim|value_slim
PATO_0002108	papillary		mpath_slim|value_slim
PATO_0002109	caseous	cheese-like	mpath_slim|value_slim
PATO_0002110	well differentiated		mpath_slim|value_slim
PATO_0002111	moderately well differentiated		mpath_slim
PATO_0002112	perforate	permeable|pierced	mpath_slim|value_slim
PATO_0002113	cribriform		mpath_slim|value_slim
PATO_0002114	fatty		mpath_slim|value_slim
PATO_0002115	fibrinoid		value_slim
PATO_0002116	fibrinopurulent		mpath_slim|value_slim
PATO_0002117	glandular		mpath_slim|value_slim
PATO_0002118	multiple		mpath_slim|value_slim
PATO_0002119	hydropic		mpath_slim|value_slim
PATO_0002120	suppurative	purulent	mpath_slim|value_slim
PATO_0002121	trabecular		mpath_slim|value_slim
PATO_0002122	mixed		mpath_slim|value_slim
PATO_0002123	minimal		mpath_slim|value_slim
PATO_0002124	laminar		mpath_slim|value_slim
PATO_0002125	nodular		mpath_slim|value_slim
PATO_0002126	osseous	bony	mpath_slim|value_slim
PATO_0002127	scirrhous		disposition_slim|mpath_slim|value_slim
PATO_0002128	serous		value_slim
PATO_0002129	neoplastic, invasive		disposition_slim|mpath_slim|value_slim
PATO_0002130	neoplastic, deeply invasive		disposition_slim|value_slim
PATO_0002131	abduction		attribute_slim|relational_slim
PATO_0002132	neoplastic, non-invasive		disposition_slim|mpath_slim|value_slim
PATO_0002133	adduction		attribute_slim|relational_slim
PATO_0002134	fibrillary	fibrillate	value_slim
PATO_0002135	delayed closure		
PATO_0002136	radiopacity		attribute_slim|disposition_slim|scalar_slim
PATO_0002137	radiopaque		disposition_slim|value_slim
PATO_0002138	edibility	edibleness	attribute_slim|disposition_slim|relational_slim
PATO_0002139	edible		disposition_slim|relational_slim|value_slim
PATO_0002140	inedible		disposition_slim|relational_slim|value_slim
PATO_0002141	irregular density		value_slim
PATO_0002142	bracket		value_slim
PATO_0002143	sloped downward		value_slim
PATO_0002144	increased radiopacity		disposition_slim|value_slim
PATO_0002145	decreased radiopacity		disposition_slim|value_slim
PATO_0002146	virulence		attribute_slim|scalar_slim
PATO_0002147	reduced virulence	attenuated	value_slim
PATO_0002148	increased virulence		value_slim
PATO_0002149	ivory		value_slim
PATO_0002150	splayed caudal	splayed inferior (human torso)|splayed posterior	value_slim
PATO_0002151	splayed dorsal	splayed posterior (human torso)	value_slim
PATO_0002152	splayed lateral		value_slim
PATO_0002153	splayed rostral	splayed anterior|splayed superior (human torso)	value_slim
PATO_0002154	splayed ventral	splayed anterior (human torso)|splayed inferior (human head)	value_slim
PATO_0002155	medially rotated	internally rotated	mpath_slim|value_slim
PATO_0002156	laterally rotated	externally rotated	mpath_slim|value_slim
PATO_0002157	partially dislocated	partial dislocated towards|subluxation|suluxated towards	relational_slim|value_slim
PATO_0002161	bicornuate		value_slim
PATO_0002162	high-arched		value_slim
PATO_0002163	herniated into		mpath_slim|relational_slim|value_slim
PATO_0002164	curved medial		value_slim
PATO_0002165	drooping	sagging	value_slim
PATO_0002166	premature closure		value_slim
PATO_0002167	herniated out of		mpath_slim|relational_slim|value_slim
PATO_0002168	displaced to	mislocalised to	relational_slim
PATO_0002169	split medially		value_slim
PATO_0002170	split laterally		value_slim
PATO_0002171	split bilaterally		value_slim
PATO_0002172	split radially		value_slim
PATO_0002173	misaligned towards		attribute_slim|relational_slim
PATO_0002174	misaligned away from		attribute_slim|relational_slim
PATO_0002175	deviation		attribute_slim
PATO_0002176	deviation towards the lateral side		value_slim
PATO_0002177	deviation towards the medial side		value_slim
PATO_0002178	mislocalised radially		value_slim
PATO_0002179	mislocalised proximally		value_slim
PATO_0002180	straight		value_slim
PATO_0002181	displaced		attribute_slim
PATO_0002182	molecular quality	relational molecular quality	
PATO_0002183	cyclicity		value_slim
PATO_0002184	cyclic cyclicity		value_slim
PATO_0002185	acyclic cyclicity		value_slim
PATO_0002186	polarity		attribute_slim|scalar_slim
PATO_0002187	polar polarity		value_slim
PATO_0002188	nonpolar polarity		value_slim
PATO_0002189	electric polarizability		attribute_slim|scalar_slim
PATO_0002190	aromaticity		attribute_slim|scalar_slim
PATO_0002191	aromatic		value_slim
PATO_0002192	non-aromatic		value_slim
PATO_0002193	electric charge		attribute_slim|scalar_slim
PATO_0002194	neutral charge		value_slim
PATO_0002195	positive charge		value_slim
PATO_0002196	negative charge		value_slim
PATO_0002197	electronegativity		attribute_slim|disposition_slim|scalar_slim
PATO_0002198	quality of a substance		attribute_slim
PATO_0002199	meltability		attribute_slim
PATO_0002200	vaporizability		attribute_slim
PATO_0002201	handedness		attribute_slim|disposition_slim
PATO_0002202	left handedness		disposition_slim|value_slim
PATO_0002203	right handedness		disposition_slim|value_slim
PATO_0002204	ambidextrous handedness		disposition_slim|value_slim
PATO_0002205	capacitance		attribute_slim|disposition_slim|scalar_slim
PATO_0002206	neonatal		value_slim
PATO_0002207	insertion depth		attribute_slim|relational_slim|scalar_slim
PATO_0002208	spoon-shaped		value_slim
PATO_0002209	incisiform		value_slim
PATO_0002210	bulbous	 bulblike|bulb-shaped|swollen	value_slim
PATO_0002211	recurved		value_slim
PATO_0002212	slender	gracile	value_slim
PATO_0002213	obclavate		value_slim
PATO_0002214	bilobed		mpath_slim|value_slim
PATO_0002215	falciform	falcate|hooked|scythe-shaped|sickle-shaped|unciform|uncinate	value_slim
PATO_0002216	ubiquinated	Ubiquitylation	value_slim
PATO_0002217	nitrated		value_slim
PATO_0002218	demyelinated		mpath_slim|value_slim
PATO_0002219	fan-shaped	fan-like	value_slim
PATO_0002220	phosphorylated		value_slim
PATO_0002221	increased phosphorylation	hyperphosphorylated	value_slim
PATO_0002222	decreased phosphorylation	hypophosporylated 	value_slim
PATO_0002223	oxidized		value_slim
PATO_0002224	V-shaped		value_slim
PATO_0002225	L-shaped		value_slim
PATO_0002226	subcylindrical		value_slim
PATO_0002227	cup-shaped	cup-like	value_slim
PATO_0002228	acuminate		value_slim
PATO_0002229	subrectangular		value_slim
PATO_0002230	subtriangular		value_slim
PATO_0002231	multifid		value_slim
PATO_0002232	semicircular	half circle|semicircle	value_slim
PATO_0002233	far from	distant from|remote from	relational_slim|value_slim
PATO_0002234	emarginate		value_slim
PATO_0002235	blade-like	 sword-like|blade-shaped|ensiform |sword-shaped	value_slim
PATO_0002236	aliform	wing-shaped	value_slim
PATO_0002237	retrorse		value_slim
PATO_0002238	antrorse		value_slim
PATO_0002239	hourglass-shaped	figure 8 shaped	value_slim
PATO_0002240	teardrop-shaped	drop shaped	value_slim
PATO_0002241	trilobed		value_slim
PATO_0002242	velocity		attribute_slim|scalar_slim
PATO_0002243	fluid flow rate	volume flow rate|volumetric flow rate	attribute_slim|scalar_slim
PATO_0002244	mass flow rate		attribute_slim
PATO_0002245	increased force	increased force amplitude	value_slim
PATO_0002246	decreased force	decreased force amplitude	value_slim
PATO_0002247	degree of pigmentation		attribute_slim|scalar_slim
PATO_0002248	pigmented		mpath_slim|value_slim
PATO_0002249	unpigmented	depigmented	mpath_slim|value_slim
PATO_0002250	increased pigmentation	hyperpigmented	mpath_slim|value_slim
PATO_0002251	decreased pigmentation	hypopigmented	mpath_slim|value_slim
PATO_0002252	antero-posteriorly flattened	antero-posteriorly compressed	absent_slim|value_slim
PATO_0002253	platelike	plate-like	value_slim
PATO_0002254	flattened	compressed	value_slim
PATO_0002255	grooved	channeled|creased	value_slim
PATO_0002256	tricuspidate	tricuspid	value_slim
PATO_0002257	multicuspidate		value_slim
PATO_0002258	pointed		value_slim
PATO_0002259	adjacent to	close to|near to|vicinity of	relational_slim|value_slim
PATO_0002260	semi erect	semi upright	
PATO_0002261	located in		relational_slim|value_slim
PATO_0002262	phosphorylation		attribute_slim|scalar_slim
PATO_0002263	dephosphorylated		value_slim
PATO_0002264	organization quality		attribute_slim
PATO_0002265	behavioural activity		attribute_slim|disposition_slim|scalar_slim
PATO_0002266	3-D shape		
PATO_0002267	edge shape		
PATO_0002268	centered		value_slim
PATO_0002269	accumulation	pooled	attribute_slim|relational_slim|scalar_slim
PATO_0002270	increased accumulation	accumulated	relational_slim|value_slim
PATO_0002271	decreased accumulation		relational_slim|value_slim
PATO_0002272	parallel to		relational_slim|value_slim
PATO_0002273	marbled		value_slim
PATO_0002274	mottled		value_slim
PATO_0002275	high contrast color pattern		disposition_slim
PATO_0002276	barred		value_slim
PATO_0002277	iridescent		
PATO_0002278	articulated with		relational_slim
PATO_0002279	tightly articulated with		relational_slim
PATO_0002280	broadly articulated with		relational_slim
PATO_0002281	biscupidate	bicuspid	
PATO_0002282	increased mobility		value_slim
PATO_0002283	decreased mobility		value_slim
PATO_0002284	tension		attribute_slim|scalar_slim
PATO_0002285	increased branchiness		value_slim
PATO_0002286	decreased branchiness		value_slim
PATO_0002287	increased elasticity		value_slim
PATO_0002288	decreased elasticity		value_slim
PATO_0002289	setose		value_slim
PATO_0002290	aplastic/hypoplastic		
PATO_0002291	agenesis		
PATO_0002292	transient	transient structure	
PATO_0002293	permanent	permanent structure	
PATO_0002294	scrobiculate		
PATO_0002295	areolate		value_slim
PATO_0002296	foveate	foveolate|pitted	value_slim
PATO_0002297	decreased cellular motility		value_slim
PATO_0002298	increased cellular motility		value_slim
PATO_0002299	tubular	tube like|tube-shaped|tubulate	
PATO_0002300	increased quality		
PATO_0002301	decreased quality		
PATO_0002302	decreased process quality		
PATO_0002303	decreased object quality		
PATO_0002304	increased process quality		
PATO_0002305	increased object quality		
PATO_0002306	equilateral triangular		value_slim
PATO_0002307	isosceles triangular		scalar_slim
PATO_0002308	scalene triangular		value_slim
PATO_0002309	fiber shaped		value_slim
PATO_0002310	robust		value_slim
PATO_0002311	fimbriated		value_slim
PATO_0002312	segmented		mpath_slim|value_slim
PATO_0002313	telescopic		value_slim
PATO_0002314	ligamentous		value_slim
PATO_0002315	brush-like shape		value_slim
PATO_0002316	autogenous	free	value_slim
PATO_0002317	parallelogram		value_slim
PATO_0002318	superelliptic	Lamé curve	
PATO_0002319	squircle		value_slim
PATO_0002320	diamond shaped		value_slim
PATO_0002321	hypoelliptic		
PATO_0002322	hyperelliptic		
PATO_0002323	temporal distribution quality		attribute_slim
PATO_0002324	offset quality		attribute_slim
PATO_0002325	onset quality		attribute_slim
PATO_0002326	angle		attribute_slim|relational_slim
PATO_0002327	increased angle to		relational_slim|value_slim
PATO_0002328	decreased angle to		relational_slim|value_slim
PATO_0002329	hyponastic		value_slim
PATO_0002330	oblanceolate		value_slim
PATO_0002331	adhesive	resinous	value_slim
PATO_0002332	non-adhesive	non-resinous	value_slim
PATO_0002333	increased adhesivity		value_slim
PATO_0002334	decreased adhesivity		
PATO_0002335	tholiform		value_slim
PATO_0002336	pyramidal		value_slim
PATO_0002337	lance-ovate		value_slim
PATO_0002338	lanceolate-triangular		value_slim
PATO_0002339	hispid		value_slim
PATO_0002340	hispidulous		value_slim
PATO_0002341	tomentose		value_slim
PATO_0002342	cupulate		value_slim
PATO_0002343	decumbent		value_slim
PATO_0002344	arachnose		value_slim
PATO_0002345	lemon-shaped		value_slim
PATO_0002346	snowman-shaped		value_slim
PATO_0002347	obconical		value_slim
PATO_0002348	ligneous		value_slim
PATO_0002349	basal to		value_slim
PATO_0002350	cauline to		value_slim
PATO_0002351	fleshy		value_slim
PATO_0002352	herbaceous		scalar_slim
PATO_0002353	activation quality		attribute_slim
PATO_0002354	active		attribute_slim
PATO_0002355	inactive		attribute_slim
PATO_0002356	constitutively active		attribute_slim
PATO_0002357	D-shaped		value_slim
PATO_0002358	ridged	ridge-like	value_slim
PATO_0002359	broad		value_slim
PATO_0002360	tendency		attribute_slim|disposition_slim|relational_slim
PATO_0002361	increased tendency		disposition_slim|relational_slim|value_slim
PATO_0002362	decreased tendency		disposition_slim|relational_slim|value_slim
PATO_0002363	bronze		value_slim
PATO_0002364	shortened		value_slim
PATO_0002365	intact female		value_slim
PATO_0002366	intact male		value_slim
PATO_0002367	castrated male		value_slim
PATO_0002368	nulliparous		value_slim
PATO_0002369	multiparous		value_slim
PATO_0002370	parity		attribute_slim
PATO_0002371	primiparous		value_slim
PATO_0002372	grand multi[arous		value_slim
PATO_0002373	mediolateral polarity		value_slim
PATO_0002374	fluctuating		value_slim
PATO_0002375	trumpet-shaped		value_slim
PATO_0002376	inflated	air-filled	value_slim
PATO_0002377	uninflated		value_slim
PATO_0002378	acinus		mpath_slim|value_slim
PATO_0002379	ovariohysterectomized female		value_slim
PATO_0002380	ovariectomized female		value_slim
PATO_0002381	waxiness		attribute_slim
PATO_0002382	increased waxiness		value_slim
PATO_0002383	decreased waxiness		
PATO_0002384	waxy		mpath_slim|value_slim
PATO_0002385	striate-angular		value_slim
PATO_0002386	anvil	anvil shaped	
PATO_0002387	peracute	per-acute	mpath_slim|value_slim
PATO_0002388	pedunculate		mpath_slim|value_slim
PATO_0002389	procumbent		value_slim
PATO_0002390	radius		attribute_slim|scalar_slim
PATO_0002391	triradiate		value_slim
PATO_0002392	diagonal to		relational_slim|value_slim
PATO_0002393	increased tolerance to		relational_slim|value_slim
PATO_0002394	decreased tolerance to		relational_slim|value_slim
PATO_0002395	mislocalized abaxially		value_slim
PATO_0002396	mislocalized adaxially		value_slim
PATO_0002397	subcircular	round|rounded	value_slim
PATO_0002399	anteromedially rotated		mpath_slim|value_slim
PATO_0002400	fusiform		mpath_slim|value_slim
PATO_0002401	random pattern		mpath_slim|value_slim
PATO_0002402	multifocal to coalescing		mpath_slim|value_slim
PATO_0002403	generalized		mpath_slim|value_slim
PATO_0002404	segmental		mpath_slim|value_slim
PATO_0002405	friability		mpath_slim|value_slim
PATO_0002406	friable		mpath_slim|value_slim
PATO_0002407	indurated		mpath_slim|value_slim
PATO_0002408	watery		mpath_slim|value_slim
PATO_0002409	fluid-filled		mpath_slim|value_slim
PATO_0002410	beige		mpath_slim|value_slim
PATO_0002411	yellow brown		value_slim
PATO_0002412	dark yellow brown		value_slim
PATO_0002413	light yellow brown		
PATO_0002414	chronic-active		mpath_slim|value_slim
PATO_0002415	focally extensive		mpath_slim|value_slim
PATO_0002416	sunken		mpath_slim|value_slim
PATO_0002417	transmural		mpath_slim|value_slim
PATO_0002418	acidophilic		mpath_slim|value_slim
PATO_0002419	eosinophilic		mpath_slim|value_slim
PATO_0002420	amphiphilic		mpath_slim|value_slim
PATO_0002421	cicatricial		mpath_slim|value_slim
PATO_0002422	acinar		mpath_slim|value_slim
PATO_0002423	papillomatous		mpath_slim|value_slim
PATO_0002424	divergent from		attribute_slim|relational_slim
PATO_0002425	exposed		value_slim
PATO_0002426	scaphoid		value_slim
PATO_0002427	knobbled		value_slim
PATO_0002428	tripodal		value_slim
PATO_0002429	x-shaped		value_slim
PATO_0002430	strap-shaped		value_slim
PATO_0002431	waisted		value_slim
PATO_0002432	spade-shaped		value_slim
PATO_0002433	sculpted surface		value_slim
PATO_0002434	perpendicular to		relational_slim|value_slim
PATO_0002435	abut		scalar_slim|value_slim
PATO_0002436	offset		relational_slim|value_slim
PATO_0002437	interlocked with		relational_slim|value_slim
PATO_0002438	subdermal	subcutaneous	value_slim
PATO_0002439	w-shaped		value_slim
PATO_0002440	ornamentation		disposition_slim
PATO_0002441	ornamented		value_slim
PATO_0002442	unornamented		value_slim
PATO_0002443	level with		relational_slim|value_slim
PATO_0002444	mineralized		value_slim
PATO_0002445	torsioned	twisted	
PATO_0002446	anchor-shaped		value_slim
PATO_0002447	quadripartite		value_slim
PATO_0002448	oriented towards		relational_slim|value_slim
PATO_0002449	posteromedial to		relational_slim|value_slim
PATO_0002450	firm		value_slim
PATO_0002451	sexually dimorphic		value_slim
PATO_0002452	decondensed		value_slim
PATO_0002453	eroding		value_slim
PATO_0002454	carpel-like		value_slim
PATO_0002455	corymb-like		value_slim
PATO_0002456	inflorescence-like		value_slim
PATO_0002457	leaf-like		value_slim
PATO_0002458	pin-like		value_slim
PATO_0002459	sepal-like		value_slim
PATO_0002460	shriveled		value_slim
PATO_0002461	wilty		value_slim
PATO_0002462	collagenous		value_slim
PATO_0002463	extends to		relational_slim
PATO_0002464	extends beyond		relational_slim
PATO_0002465	prism shaped	tent shaped	value_slim
PATO_0002466	keyhole shaped		value_slim
PATO_0002467	lathlike		value_slim
PATO_0002468	distensible		value_slim
PATO_0002469	sutured to		relational_slim|value_slim
PATO_0002470	transformed to		relational_slim|value_slim
PATO_0002471	increased velocity		value_slim
PATO_0002472	decreased velocity		value_slim
PATO_0002473	neoplastic, spontaneous		mpath_slim|value_slim
PATO_0002474	bitter		value_slim
PATO_0002475	subterminal		relational_slim|value_slim
PATO_0002476	terminal		relational_slim|value_slim
PATO_0002477	brittle		value_slim
PATO_0002478	transversely striated		mpath_slim|value_slim
PATO_0002479	obliquely striated		mpath_slim|value_slim
PATO_0002480	poorly ossified		value_slim
PATO_0002481	oblique orientation		value_slim
PATO_0002482	slit-like		value_slim
PATO_0002483	external to		relational_slim|value_slim
PATO_0002484	inverted-V shaped	chevron shaped	value_slim
PATO_0002485	parallel-sided		value_slim
PATO_0002486	multi-organismal process quality		attribute_slim
PATO_0002487	single organismal process quality		attribute_slim
PATO_0002488	overlapping		relational_slim|value_slim
PATO_0002489	overlapped by		relational_slim|value_slim
PATO_0002490	anterior orientation	anteriorly directly	value_slim
PATO_0002491	anterodorsal orientation	anterodorsally directed	value_slim
PATO_0002492	anterolateral orientation	anterolaterally directed	value_slim
PATO_0002493	anteroventral orientation	anteroventrally directed	value_slim
PATO_0002494	distal orientation	distally directed	value_slim
PATO_0002495	dorsal orientation	dorsally directed	value_slim
PATO_0002496	dorsolateral orientation	dorsolaterally directed	value_slim
PATO_0002497	lateral orientation	laterally directed	value_slim
PATO_0002498	medial orientation	medially directed	value_slim
PATO_0002499	posterior orientation	<new synonym>	value_slim
PATO_0002500	ventrolaterally orientation	ventrolaterally directed	value_slim
PATO_0002501	ventral orientation	ventrally directed	value_slim
PATO_0002502	transverse orientation	transversely oriented	value_slim
PATO_0002503	posterolateral orientation	posterolaterally directed	value_slim
PATO_0002504	posterodorsal orientation	posterodorsally directed	value_slim
PATO_0002505	nucleated		mpath_slim|value_slim
PATO_0002506	alobate		value_slim
PATO_0002507	keratinous		value_slim
PATO_0002508	concealed		value_slim
PATO_0002509	hexagonal		value_slim
PATO_0002510	multipartite		value_slim
PATO_0002511	cane-like	cane-shaped	value_slim
PATO_0002512	confluent with		relational_slim|value_slim
PATO_0002513	oblique to		relational_slim|value_slim
PATO_0002514	anteromedial orientation	medioanterior orientation	value_slim
PATO_0002515	increased elevation relative to		relational_slim|value_slim
PATO_0002516	concealed by		relational_slim|value_slim
PATO_0002517	saddle-shaped		value_slim
PATO_0002518	flush		value_slim
PATO_0002519	cancellous		value_slim
PATO_0002520	scute-like		value_slim
PATO_0002521	funnel-shaped		value_slim
PATO_0002522	keel-shaped		value_slim
PATO_0002523	vertical to		relational_slim|value_slim
PATO_0002524	mesiolateral orientation		value_slim
PATO_0002525	towards	monadic_form_of	relational_slim|value_slim
PATO_0104005	deep yellow	deep-yellow	value_slim
PATO_0104007	greyish green	gray-green|gray green|grayish green|grey-green|grey green	value_slim
PATO_0104010	papyraceous	chartaceous|papery	value_slim
PATO_0104013	greenish yellow	greenish-yellow	value_slim
PATO_0104016	terete		value_slim
PATO_0104019	succulent		value_slim
PATO_0104020	blue green	blue-green|bluish green|bluish-green	value_slim
PATO_0104031	cream	creamy	value_slim
PATO_0104032	coriaceous	leathery	value_slim
PATO_0104035	pendent		value_slim
PATO_0104041	velutinous	velvety	value_slim
PATO_0104051	pale greenish yellow	pale-greenish-yellow	value_slim
PATO_0104054	orange yellow	orange-yellow	value_slim
PATO_0104059	pinkish white	pinkish-white	value_slim
PATO_0104064	deep blue	deep-blue	value_slim
PATO_0104067	greenish white	greenish-white	value_slim
PATO_0104073	deep orange	deep-orange	value_slim
PATO_0104077	very pale blue	very-pale-blue	value_slim
PATO_0104079	reddish purple	reddish-purple	value_slim
PATO_0104085	deep purple	deep-purple	value_slim
PATO_0104087	deep purplish red	deep-purplish-red	value_slim
PATO_0104112	orange red	orange-red	value_slim
PATO_0104114	yellowish green	yellowish-green	value_slim
PATO_0104117	bristly		value_slim
PATO_0104123	deep green	deep-green	value_slim
PATO_0104151	dark pink	dark-pink	value_slim
PATO_0104157	purplish black	purplish-black	value_slim
PATO_0104159	dark purplish red	dark-purplish-red	value_slim
PATO_0104189	deep red	deep-red	value_slim
PATO_0104223	very pale green	very-pale-green	value_slim
PATO_0104242	pannose	felted	value_slim
PATO_0104277	glaucous		value_slim
PATO_0104294	deep violet	deep-violet	value_slim
PATO_0104305	bluish grey	blue-gray|blue gray|bluish gray|blue-grey|blue grey	value_slim
PATO_0104307	tessellated	tesselated	value_slim
PATO_0104311	purplish red	purplish-red	value_slim
