flopo_id	label	signature	bearer_po_id	category	new_parent	classification_method	review_status
FLOPO_0000001	stem phenotype	PHENO|PO_0009047	PO:0009047	plant_structure	FLOPO_0018579	transitive is_a ancestry in ont/plant_ontology.obo	deterministic
FLOPO_0000004	leaf phenotype	PHENO|PO_0025034	PO:0025034	plant_structure	FLOPO_0018579	transitive is_a ancestry in ont/plant_ontology.obo	deterministic
FLOPO_0000007	leaf tendril phenotype	PHENO|PO_0025361	PO:0025361	plant_structure	FLOPO_0018579	transitive is_a ancestry in ont/plant_ontology.obo	deterministic
FLOPO_0000010	bark phenotype	PHENO|PO_0004518	PO:0004518	plant_structure	FLOPO_0018579	transitive is_a ancestry in ont/plant_ontology.obo	deterministic
FLOPO_0000013	petal phenotype	PHENO|PO_0009032	PO:0009032	plant_structure	FLOPO_0018579	transitive is_a ancestry in ont/plant_ontology.obo	deterministic
FLOPO_0000016	shoot apex phenotype	PHENO|PO_0000037	PO:0000037	plant_structure	FLOPO_0018579	transitive is_a ancestry in ont/plant_ontology.obo	deterministic
FLOPO_0000019	corolla phenotype	PHENO|PO_0009059	PO:0009059	plant_structure	FLOPO_0018579	transitive is_a ancestry in ont/plant_ontology.obo	deterministic
FLOPO_0000022	involucre phenotype	PHENO|PO_0009100	PO:0009100	plant_structure	FLOPO_0018579	transitive is_a ancestry in ont/plant_ontology.obo	deterministic
FLOPO_0000024	axillary bud meristem phenotype	PHENO|PO_0000232	PO:0000232	plant_structure	FLOPO_0018579	transitive is_a ancestry in ont/plant_ontology.obo	deterministic
FLOPO_0000027	testa phenotype	PHENO|PO_0020057	PO:0020057	plant_structure	FLOPO_0018579	transitive is_a ancestry in ont/plant_ontology.obo	deterministic
FLOPO_0000030	fruit phenotype	PHENO|PO_0009001	PO:0009001	plant_structure	FLOPO_0018579	transitive is_a ancestry in ont/plant_ontology.obo	deterministic
FLOPO_0000034	inflorescence phenotype	PHENO|PO_0009049	PO:0009049	plant_structure	FLOPO_0018579	transitive is_a ancestry in ont/plant_ontology.obo	deterministic
FLOPO_0000039	root phenotype	PHENO|PO_0009005	PO:0009005	plant_structure	FLOPO_0018579	transitive is_a ancestry in ont/plant_ontology.obo	deterministic
FLOPO_0000042	calyx phenotype	PHENO|PO_0009060	PO:0009060	plant_structure	FLOPO_0018579	transitive is_a ancestry in ont/plant_ontology.obo	deterministic
FLOPO_0000045	leaflet phenotype	PHENO|PO_0020049	PO:0020049	plant_structure	FLOPO_0018579	transitive is_a ancestry in ont/plant_ontology.obo	deterministic
FLOPO_0000048	lamina phenotype	PHENO|PO_0025060	PO:0025060	plant_structure	FLOPO_0018579	transitive is_a ancestry in ont/plant_ontology.obo	deterministic
FLOPO_0000051	vascular leaf phenotype	PHENO|PO_0009025	PO:0009025	plant_structure	FLOPO_0018579	transitive is_a ancestry in ont/plant_ontology.obo	deterministic
FLOPO_0000056	keel phenotype	PHENO|PO_0025327	PO:0025327	plant_structure	FLOPO_0018579	transitive is_a ancestry in ont/plant_ontology.obo	deterministic
FLOPO_0000066	vascular bundle phenotype	PHENO|PO_0005020	PO:0005020	plant_structure	FLOPO_0018579	transitive is_a ancestry in ont/plant_ontology.obo	deterministic
FLOPO_0000071	lower glume phenotype	PHENO|PO_0006002	PO:0006002	plant_structure	FLOPO_0018579	transitive is_a ancestry in ont/plant_ontology.obo	deterministic
FLOPO_0000074	seed phenotype	PHENO|PO_0009010	PO:0009010	plant_structure	FLOPO_0018579	transitive is_a ancestry in ont/plant_ontology.obo	deterministic
FLOPO_0000083	ovary wall phenotype	PHENO|PO_0005022	PO:0005022	plant_structure	FLOPO_0018579	transitive is_a ancestry in ont/plant_ontology.obo	deterministic
FLOPO_0000086	central zone phenotype	PHENO|PO_0000224	PO:0000224	plant_structure	FLOPO_0018579	transitive is_a ancestry in ont/plant_ontology.obo	deterministic
FLOPO_0000094	central spike of tassel inflorescence phenotype	PHENO|PO_0006324	PO:0006324	plant_structure	FLOPO_0018579	transitive is_a ancestry in ont/plant_ontology.obo	deterministic
FLOPO_0000097	perianth phenotype	PHENO|PO_0009058	PO:0009058	plant_structure	FLOPO_0018579	transitive is_a ancestry in ont/plant_ontology.obo	deterministic
FLOPO_0000100	branch phenotype	PHENO|PO_0025073	PO:0025073	plant_structure	FLOPO_0018579	transitive is_a ancestry in ont/plant_ontology.obo	deterministic
FLOPO_0000107	stigma phenotype	PHENO|PO_0009073	PO:0009073	plant_structure	FLOPO_0018579	transitive is_a ancestry in ont/plant_ontology.obo	deterministic
FLOPO_0000111	bract phenotype	PHENO|PO_0009055	PO:0009055	plant_structure	FLOPO_0018579	transitive is_a ancestry in ont/plant_ontology.obo	deterministic
FLOPO_0000117	petiole phenotype	PHENO|PO_0020038	PO:0020038	plant_structure	FLOPO_0018579	transitive is_a ancestry in ont/plant_ontology.obo	deterministic
FLOPO_0000122	flower phenotype	PHENO|PO_0009046	PO:0009046	plant_structure	FLOPO_0018579	transitive is_a ancestry in ont/plant_ontology.obo	deterministic
FLOPO_0000129	ovule primordium phenotype	PHENO|PO_0000018	PO:0000018	plant_structure	FLOPO_0018579	transitive is_a ancestry in ont/plant_ontology.obo	deterministic
FLOPO_0000137	bud phenotype	PHENO|PO_0000055	PO:0000055	plant_structure	FLOPO_0018579	transitive is_a ancestry in ont/plant_ontology.obo	deterministic
FLOPO_0000154	style phenotype	PHENO|PO_0009074	PO:0009074	plant_structure	FLOPO_0018579	transitive is_a ancestry in ont/plant_ontology.obo	deterministic
FLOPO_0000158	glume phenotype	PHENO|PO_0009039	PO:0009039	plant_structure	FLOPO_0018579	transitive is_a ancestry in ont/plant_ontology.obo	deterministic
FLOPO_0000167	stipule phenotype	PHENO|PO_0020041	PO:0020041	plant_structure	FLOPO_0018579	transitive is_a ancestry in ont/plant_ontology.obo	deterministic
FLOPO_0000172	leaf vascular system phenotype	PHENO|PO_0000036	PO:0000036	plant_structure	FLOPO_0018579	transitive is_a ancestry in ont/plant_ontology.obo	deterministic
FLOPO_0000175	tassel sessile spikelet phenotype	PHENO|PO_0006311	PO:0006311	plant_structure	FLOPO_0018579	transitive is_a ancestry in ont/plant_ontology.obo	deterministic
FLOPO_0000188	stamen phenotype	PHENO|PO_0009029	PO:0009029	plant_structure	FLOPO_0018579	transitive is_a ancestry in ont/plant_ontology.obo	deterministic
FLOPO_0000194	rhizome phenotype	PHENO|PO_0004542	PO:0004542	plant_structure	FLOPO_0018579	transitive is_a ancestry in ont/plant_ontology.obo	deterministic
FLOPO_0000198	filament phenotype	PHENO|PO_0009067	PO:0009067	plant_structure	FLOPO_0018579	transitive is_a ancestry in ont/plant_ontology.obo	deterministic
FLOPO_0000201	pedicel phenotype	PHENO|PO_0009052	PO:0009052	plant_structure	FLOPO_0018579	transitive is_a ancestry in ont/plant_ontology.obo	deterministic
FLOPO_0000224	anther phenotype	PHENO|PO_0009066	PO:0009066	plant_structure	FLOPO_0018579	transitive is_a ancestry in ont/plant_ontology.obo	deterministic
FLOPO_0000229	spikelet phenotype	PHENO|PO_0009051	PO:0009051	plant_structure	FLOPO_0018579	transitive is_a ancestry in ont/plant_ontology.obo	deterministic
FLOPO_0000232	sepal phenotype	PHENO|PO_0009031	PO:0009031	plant_structure	FLOPO_0018579	transitive is_a ancestry in ont/plant_ontology.obo	deterministic
FLOPO_0000237	banner petal phenotype	PHENO|PO_0025324	PO:0025324	plant_structure	FLOPO_0018579	transitive is_a ancestry in ont/plant_ontology.obo	deterministic
FLOPO_0000265	lemma phenotype	PHENO|PO_0009037	PO:0009037	plant_structure	FLOPO_0018579	transitive is_a ancestry in ont/plant_ontology.obo	deterministic
FLOPO_0000272	root tip phenotype	PHENO|PO_0000025	PO:0000025	plant_structure	FLOPO_0018579	transitive is_a ancestry in ont/plant_ontology.obo	deterministic
FLOPO_0000279	peristome phenotype	PHENO|PO_0030042	PO:0030042	plant_structure	FLOPO_0018579	transitive is_a ancestry in ont/plant_ontology.obo	deterministic
FLOPO_0000283	peduncle phenotype	PHENO|PO_0009053	PO:0009053	plant_structure	FLOPO_0018579	transitive is_a ancestry in ont/plant_ontology.obo	deterministic
FLOPO_0000304	sheath cell phenotype	PHENO|PO_0004531	PO:0004531	plant_structure	FLOPO_0018579	transitive is_a ancestry in ont/plant_ontology.obo	deterministic
FLOPO_0000308	oil gland phenotype	PHENO|PO_0005669	PO:0005669	plant_structure	FLOPO_0018579	transitive is_a ancestry in ont/plant_ontology.obo	deterministic
FLOPO_0000321	xylem vessel member phenotype	PHENO|PO_0002003	PO:0002003	plant_structure	FLOPO_0018579	transitive is_a ancestry in ont/plant_ontology.obo	deterministic
FLOPO_0000338	periderm phenotype	PHENO|PO_0005046	PO:0005046	plant_structure	FLOPO_0018579	transitive is_a ancestry in ont/plant_ontology.obo	deterministic
FLOPO_0000341	tuber phenotype	PHENO|PO_0025522	PO:0025522	plant_structure	FLOPO_0018579	transitive is_a ancestry in ont/plant_ontology.obo	deterministic
FLOPO_0000345	bracteole phenotype	PHENO|PO_0009043	PO:0009043	plant_structure	FLOPO_0018579	transitive is_a ancestry in ont/plant_ontology.obo	deterministic
FLOPO_0000355	trichome phenotype	PHENO|PO_0000282	PO:0000282	plant_structure	FLOPO_0018579	transitive is_a ancestry in ont/plant_ontology.obo	deterministic
FLOPO_0000380	shoot-borne root phenotype	PHENO|PO_0000042	PO:0000042	plant_structure	FLOPO_0018579	transitive is_a ancestry in ont/plant_ontology.obo	deterministic
FLOPO_0000402	stele phenotype	PHENO|PO_0025197	PO:0025197	plant_structure	FLOPO_0018579	transitive is_a ancestry in ont/plant_ontology.obo	deterministic
FLOPO_0000407	scutellar node phenotype	PHENO|PO_0004708	PO:0004708	plant_structure	FLOPO_0018579	transitive is_a ancestry in ont/plant_ontology.obo	deterministic
FLOPO_0000415	hypanthium phenotype	PHENO|PO_0009065	PO:0009065	plant_structure	FLOPO_0018579	transitive is_a ancestry in ont/plant_ontology.obo	deterministic
FLOPO_0000425	costa phenotype	PHENO|PO_0030072	PO:0030072	plant_structure	FLOPO_0018579	transitive is_a ancestry in ont/plant_ontology.obo	deterministic
FLOPO_0000432	tubercle phenotype	PHENO|PO_0025352	PO:0025352	plant_structure	FLOPO_0018579	transitive is_a ancestry in ont/plant_ontology.obo	deterministic
FLOPO_0000439	petiolule phenotype	PHENO|PO_0020050	PO:0020050	plant_structure	FLOPO_0018579	transitive is_a ancestry in ont/plant_ontology.obo	deterministic
FLOPO_0000447	lenticel phenotype	PHENO|PO_0000031	PO:0000031	plant_structure	FLOPO_0018579	transitive is_a ancestry in ont/plant_ontology.obo	deterministic
FLOPO_0000456	tertiary leaf vein phenotype	PHENO|PO_0008021	PO:0008021	plant_structure	FLOPO_0018579	transitive is_a ancestry in ont/plant_ontology.obo	deterministic
FLOPO_0000467	secretory tissue phenotype	PHENO|PO_0005656	PO:0005656	plant_structure	FLOPO_0018579	transitive is_a ancestry in ont/plant_ontology.obo	deterministic
FLOPO_0000470	connective phenotype	PHENO|PO_0009068	PO:0009068	plant_structure	FLOPO_0018579	transitive is_a ancestry in ont/plant_ontology.obo	deterministic
FLOPO_0000473	exocarp phenotype	PHENO|PO_0009085	PO:0009085	plant_structure	FLOPO_0018579	transitive is_a ancestry in ont/plant_ontology.obo	deterministic
FLOPO_0000486	axil phenotype	PHENO|PO_0025224	PO:0025224	anatomical_space	FLOPO_0017857	transitive is_a ancestry in ont/plant_ontology.obo	deterministic
FLOPO_0000496	upper glume phenotype	PHENO|PO_0006004	PO:0006004	plant_structure	FLOPO_0018579	transitive is_a ancestry in ont/plant_ontology.obo	deterministic
FLOPO_0000516	apical hook phenotype	PHENO|PO_0000012	PO:0000012	plant_structure	FLOPO_0018579	transitive is_a ancestry in ont/plant_ontology.obo	deterministic
FLOPO_0000533	petiole margin phenotype	PHENO|PO_0025010	PO:0025010	plant_structure	FLOPO_0018579	transitive is_a ancestry in ont/plant_ontology.obo	deterministic
FLOPO_0000536	aril phenotype	PHENO|PO_0009090	PO:0009090	plant_structure	FLOPO_0018579	transitive is_a ancestry in ont/plant_ontology.obo	deterministic
FLOPO_0000553	plant cell phenotype	PHENO|PO_0009002	PO:0009002	plant_structure	FLOPO_0018579	transitive is_a ancestry in ont/plant_ontology.obo	deterministic
FLOPO_0000601	staminode phenotype	PHENO|PO_0009077	PO:0009077	plant_structure	FLOPO_0018579	transitive is_a ancestry in ont/plant_ontology.obo	deterministic
FLOPO_0000608	flower fascicle phenotype	PHENO|PO_0025323	PO:0025323	plant_structure	FLOPO_0018579	transitive is_a ancestry in ont/plant_ontology.obo	deterministic
FLOPO_0000629	endosperm phenotype	PHENO|PO_0009089	PO:0009089	plant_structure	FLOPO_0018579	transitive is_a ancestry in ont/plant_ontology.obo	deterministic
FLOPO_0000649	canal phenotype	PHENO|PO_0025132	PO:0025132	anatomical_space	FLOPO_0017857	transitive is_a ancestry in ont/plant_ontology.obo	deterministic
FLOPO_0000702	tepal phenotype	PHENO|PO_0009033	PO:0009033	plant_structure	FLOPO_0018579	transitive is_a ancestry in ont/plant_ontology.obo	deterministic
FLOPO_0000720	androecium phenotype	PHENO|PO_0009061	PO:0009061	plant_structure	FLOPO_0018579	transitive is_a ancestry in ont/plant_ontology.obo	deterministic
FLOPO_0000729	crown root phenotype	PHENO|PO_0000043	PO:0000043	plant_structure	FLOPO_0018579	transitive is_a ancestry in ont/plant_ontology.obo	deterministic
FLOPO_0000738	ligule phenotype	PHENO|PO_0020105	PO:0020105	plant_structure	FLOPO_0018579	transitive is_a ancestry in ont/plant_ontology.obo	deterministic
FLOPO_0000759	growth ring phenotype	PHENO|PO_0004514	PO:0004514	plant_structure	FLOPO_0018579	transitive is_a ancestry in ont/plant_ontology.obo	deterministic
FLOPO_0000771	seed trichome phenotype	PHENO|PO_0004511	PO:0004511	plant_structure	FLOPO_0018579	transitive is_a ancestry in ont/plant_ontology.obo	deterministic
FLOPO_0000787	palea phenotype	PHENO|PO_0009038	PO:0009038	plant_structure	FLOPO_0018579	transitive is_a ancestry in ont/plant_ontology.obo	deterministic
FLOPO_0000799	ray system phenotype	PHENO|PO_0025411	PO:0025411	plant_structure	FLOPO_0018579	transitive is_a ancestry in ont/plant_ontology.obo	deterministic
FLOPO_0000807	disk flower phenotype	PHENO|PO_0025332	PO:0025332	plant_structure	FLOPO_0018579	transitive is_a ancestry in ont/plant_ontology.obo	deterministic
FLOPO_0000823	persistent sepal phenotype	PHENO|PO_0025245	PO:0025245	plant_structure	FLOPO_0018579	transitive is_a ancestry in ont/plant_ontology.obo	deterministic
FLOPO_0000843	sorus phenotype	PHENO|PO_0025359	PO:0025359	plant_structure	FLOPO_0018579	transitive is_a ancestry in ont/plant_ontology.obo	deterministic
FLOPO_0000849	receptacle phenotype	PHENO|PO_0009064	PO:0009064	plant_structure	FLOPO_0018579	transitive is_a ancestry in ont/plant_ontology.obo	deterministic
FLOPO_0000899	stalk phenotype	PHENO|PO_0025066	PO:0025066	plant_structure	FLOPO_0018579	transitive is_a ancestry in ont/plant_ontology.obo	deterministic
FLOPO_0000973	carpel phenotype	PHENO|PO_0009030	PO:0009030	plant_structure	FLOPO_0018579	transitive is_a ancestry in ont/plant_ontology.obo	deterministic
FLOPO_0001011	hypocotyl phenotype	PHENO|PO_0020100	PO:0020100	plant_structure	FLOPO_0018579	transitive is_a ancestry in ont/plant_ontology.obo	deterministic
FLOPO_0001018	stolon phenotype	PHENO|PO_0003024	PO:0003024	plant_structure	FLOPO_0018579	transitive is_a ancestry in ont/plant_ontology.obo	deterministic
FLOPO_0001053	endocarp phenotype	PHENO|PO_0009086	PO:0009086	plant_structure	FLOPO_0018579	transitive is_a ancestry in ont/plant_ontology.obo	deterministic
FLOPO_0001059	leaf lamina phenotype	PHENO|PO_0020039	PO:0020039	plant_structure	FLOPO_0018579	transitive is_a ancestry in ont/plant_ontology.obo	deterministic
FLOPO_0001075	valve phenotype	PHENO|PO_0025228	PO:0025228	plant_structure	FLOPO_0018579	transitive is_a ancestry in ont/plant_ontology.obo	deterministic
FLOPO_0001095	collective phyllome structure phenotype	PHENO|PO_0025023	PO:0025023	plant_structure	FLOPO_0018579	transitive is_a ancestry in ont/plant_ontology.obo	deterministic
FLOPO_0001099	phyllome sinus phenotype	PHENO|PO_0025383	PO:0025383	anatomical_space	FLOPO_0017857	transitive is_a ancestry in ont/plant_ontology.obo	deterministic
FLOPO_0001104	epidermis phenotype	PHENO|PO_0005679	PO:0005679	plant_structure	FLOPO_0018579	transitive is_a ancestry in ont/plant_ontology.obo	deterministic
FLOPO_0001107	pistillode phenotype	PHENO|PO_0009078	PO:0009078	plant_structure	FLOPO_0018579	transitive is_a ancestry in ont/plant_ontology.obo	deterministic
FLOPO_0001124	pappus phenotype	PHENO|PO_0025393	PO:0025393	plant_structure	FLOPO_0018579	transitive is_a ancestry in ont/plant_ontology.obo	deterministic
FLOPO_0001129	mesocarp phenotype	PHENO|PO_0009087	PO:0009087	plant_structure	FLOPO_0018579	transitive is_a ancestry in ont/plant_ontology.obo	deterministic
FLOPO_0001157	plant callus phenotype	PHENO|PO_0005052	PO:0005052	plant_structure	FLOPO_0018579	transitive is_a ancestry in ont/plant_ontology.obo	deterministic
FLOPO_0001185	short shoot phenotype	PHENO|PO_0004701	PO:0004701	plant_structure	FLOPO_0018579	transitive is_a ancestry in ont/plant_ontology.obo	deterministic
FLOPO_0001223	locule phenotype	PHENO|PO_0025263	PO:0025263	anatomical_space	FLOPO_0017857	transitive is_a ancestry in ont/plant_ontology.obo	deterministic
FLOPO_0001234	stereome phenotype	PHENO|PO_0030050	PO:0030050	plant_structure	FLOPO_0018579	transitive is_a ancestry in ont/plant_ontology.obo	deterministic
FLOPO_0001290	anther theca phenotype	PHENO|PO_0009069	PO:0009069	plant_structure	FLOPO_0018579	transitive is_a ancestry in ont/plant_ontology.obo	deterministic
FLOPO_0001313	shoot system phenotype	PHENO|PO_0009006	PO:0009006	plant_structure	FLOPO_0018579	transitive is_a ancestry in ont/plant_ontology.obo	deterministic
FLOPO_0001328	septum phenotype	PHENO|PO_0000030	PO:0000030	plant_structure	FLOPO_0018579	transitive is_a ancestry in ont/plant_ontology.obo	deterministic
FLOPO_0001339	pericarp phenotype	PHENO|PO_0009084	PO:0009084	plant_structure	FLOPO_0018579	transitive is_a ancestry in ont/plant_ontology.obo	deterministic
FLOPO_0001391	awn phenotype	PHENO|PO_0025349	PO:0025349	plant_structure	FLOPO_0018579	transitive is_a ancestry in ont/plant_ontology.obo	deterministic
FLOPO_0001407	shoot internode phenotype	PHENO|PO_0005005	PO:0005005	plant_structure	FLOPO_0018579	transitive is_a ancestry in ont/plant_ontology.obo	deterministic
FLOPO_0001467	epicalyx phenotype	PHENO|PO_0009063	PO:0009063	plant_structure	FLOPO_0018579	transitive is_a ancestry in ont/plant_ontology.obo	deterministic
FLOPO_0001470	caruncle phenotype	PHENO|PO_0020060	PO:0020060	plant_structure	FLOPO_0018579	transitive is_a ancestry in ont/plant_ontology.obo	deterministic
FLOPO_0001524	hilum phenotype	PHENO|PO_0020063	PO:0020063	plant_structure	FLOPO_0018579	transitive is_a ancestry in ont/plant_ontology.obo	deterministic
FLOPO_0001563	raphe phenotype	PHENO|PO_0020027	PO:0020027	plant_structure	FLOPO_0018579	transitive is_a ancestry in ont/plant_ontology.obo	deterministic
FLOPO_0001592	palmate leaf phenotype	PHENO|PO_0020046	PO:0020046	plant_structure	FLOPO_0018579	transitive is_a ancestry in ont/plant_ontology.obo	deterministic
FLOPO_0001626	prickle phenotype	PHENO|PO_0025169	PO:0025169	plant_structure	FLOPO_0018579	transitive is_a ancestry in ont/plant_ontology.obo	deterministic
FLOPO_0001652	plant embryo phenotype	PHENO|PO_0009009	PO:0009009	plant_structure	FLOPO_0018579	transitive is_a ancestry in ont/plant_ontology.obo	deterministic
FLOPO_0001714	leaf midvein phenotype	PHENO|PO_0020139	PO:0020139	plant_structure	FLOPO_0018579	transitive is_a ancestry in ont/plant_ontology.obo	deterministic
FLOPO_0001761	thorn phenotype	PHENO|PO_0025172	PO:0025172	plant_structure	FLOPO_0018579	transitive is_a ancestry in ont/plant_ontology.obo	deterministic
FLOPO_0001780	seta phenotype	PHENO|PO_0030032	PO:0030032	plant_structure	FLOPO_0018579	transitive is_a ancestry in ont/plant_ontology.obo	deterministic
FLOPO_0001786	spore capsule annulus phenotype	PHENO|PO_0025093	PO:0025093	plant_structure	FLOPO_0018579	transitive is_a ancestry in ont/plant_ontology.obo	deterministic
FLOPO_0001887	cotyledon phenotype	PHENO|PO_0020030	PO:0020030	plant_structure	FLOPO_0018579	transitive is_a ancestry in ont/plant_ontology.obo	deterministic
FLOPO_0001892	petal apex phenotype	PHENO|PO_0025144	PO:0025144	plant_structure	FLOPO_0018579	transitive is_a ancestry in ont/plant_ontology.obo	deterministic
FLOPO_0001971	simple leaf phenotype	PHENO|PO_0020042	PO:0020042	plant_structure	FLOPO_0018579	transitive is_a ancestry in ont/plant_ontology.obo	deterministic
FLOPO_0002013	gynoecium ridge phenotype	PHENO|PO_0025088	PO:0025088	plant_structure	FLOPO_0018579	transitive is_a ancestry in ont/plant_ontology.obo	deterministic
FLOPO_0002115	nectary phenotype	PHENO|PO_0009035	PO:0009035	plant_structure	FLOPO_0018579	transitive is_a ancestry in ont/plant_ontology.obo	deterministic
FLOPO_0002154	papilla cell phenotype	PHENO|PO_0025166	PO:0025166	plant_structure	FLOPO_0018579	transitive is_a ancestry in ont/plant_ontology.obo	deterministic
FLOPO_0002255	bulb phenotype	PHENO|PO_0025356	PO:0025356	plant_structure	FLOPO_0018579	transitive is_a ancestry in ont/plant_ontology.obo	deterministic
FLOPO_0002348	sapwood phenotype	PHENO|PO_0004513	PO:0004513	plant_structure	FLOPO_0018579	transitive is_a ancestry in ont/plant_ontology.obo	deterministic
FLOPO_0002371	areole bud phenotype	PHENO|PO_0025353	PO:0025353	plant_structure	FLOPO_0018579	transitive is_a ancestry in ont/plant_ontology.obo	deterministic
FLOPO_0002399	thallus phenotype	PHENO|PO_0030027	PO:0030027	plant_structure	FLOPO_0018579	transitive is_a ancestry in ont/plant_ontology.obo	deterministic
FLOPO_0002487	corm phenotype	PHENO|PO_0025355	PO:0025355	plant_structure	FLOPO_0018579	transitive is_a ancestry in ont/plant_ontology.obo	deterministic
FLOPO_0002577	placenta phenotype	PHENO|PO_0025078	PO:0025078	plant_structure	FLOPO_0018579	transitive is_a ancestry in ont/plant_ontology.obo	deterministic
FLOPO_0002791	leaf axil phenotype	PHENO|PO_0009023	PO:0009023	anatomical_space	FLOPO_0017857	transitive is_a ancestry in ont/plant_ontology.obo	deterministic
FLOPO_0002837	terminal bud phenotype	PHENO|PO_0004713	PO:0004713	plant_structure	FLOPO_0018579	transitive is_a ancestry in ont/plant_ontology.obo	deterministic
FLOPO_0002904	seed coat phenotype	PHENO|PO_0009088	PO:0009088	plant_structure	FLOPO_0018579	transitive is_a ancestry in ont/plant_ontology.obo	deterministic
FLOPO_0002994	plumule phenotype	PHENO|PO_0020032	PO:0020032	plant_structure	FLOPO_0018579	transitive is_a ancestry in ont/plant_ontology.obo	deterministic
FLOPO_0003042	gynophore phenotype	PHENO|PO_0006330	PO:0006330	plant_structure	FLOPO_0018579	transitive is_a ancestry in ont/plant_ontology.obo	deterministic
FLOPO_0003099	radicle phenotype	PHENO|PO_0020031	PO:0020031	plant_structure	FLOPO_0018579	transitive is_a ancestry in ont/plant_ontology.obo	deterministic
FLOPO_0003216	inflorescence axis phenotype	PHENO|PO_0020122	PO:0020122	plant_structure	FLOPO_0018579	transitive is_a ancestry in ont/plant_ontology.obo	deterministic
FLOPO_0003241	hydathode phenotype	PHENO|PO_0005660	PO:0005660	plant_structure	FLOPO_0018579	transitive is_a ancestry in ont/plant_ontology.obo	deterministic
FLOPO_0003261	heartwood phenotype	PHENO|PO_0004512	PO:0004512	plant_structure	FLOPO_0018579	transitive is_a ancestry in ont/plant_ontology.obo	deterministic
FLOPO_0003281	infructescence phenotype	PHENO|PO_0006342	PO:0006342	plant_structure	FLOPO_0018579	transitive is_a ancestry in ont/plant_ontology.obo	deterministic
FLOPO_0003336	pollen phenotype	PHENO|PO_0025281	PO:0025281	plant_structure	FLOPO_0018579	transitive is_a ancestry in ont/plant_ontology.obo	deterministic
FLOPO_0003346	inflorescence bract phenotype	PHENO|PO_0009054	PO:0009054	plant_structure	FLOPO_0018579	transitive is_a ancestry in ont/plant_ontology.obo	deterministic
FLOPO_0003413	pseudostem phenotype	PHENO|PO_0025248	PO:0025248	plant_structure	FLOPO_0018579	transitive is_a ancestry in ont/plant_ontology.obo	deterministic
FLOPO_0003416	leaf sheath phenotype	PHENO|PO_0020104	PO:0020104	plant_structure	FLOPO_0018579	transitive is_a ancestry in ont/plant_ontology.obo	deterministic
FLOPO_0003455	stipel phenotype	PHENO|PO_0020051	PO:0020051	plant_structure	FLOPO_0018579	transitive is_a ancestry in ont/plant_ontology.obo	deterministic
FLOPO_0003712	pith phenotype	PHENO|PO_0006109	PO:0006109	plant_structure	FLOPO_0018579	transitive is_a ancestry in ont/plant_ontology.obo	deterministic
FLOPO_0003772	leaf rachis phenotype	PHENO|PO_0020055	PO:0020055	plant_structure	FLOPO_0018579	transitive is_a ancestry in ont/plant_ontology.obo	deterministic
FLOPO_0003834	gynoecium phenotype	PHENO|PO_0009062	PO:0009062	plant_structure	FLOPO_0018579	transitive is_a ancestry in ont/plant_ontology.obo	deterministic
FLOPO_0003905	exotesta phenotype	PHENO|PO_0006050	PO:0006050	plant_structure	FLOPO_0018579	transitive is_a ancestry in ont/plant_ontology.obo	deterministic
FLOPO_0003919	leaf margin phenotype	PHENO|PO_0020128	PO:0020128	plant_structure	FLOPO_0018579	transitive is_a ancestry in ont/plant_ontology.obo	deterministic
FLOPO_0004152	leaf base phenotype	PHENO|PO_0020040	PO:0020040	plant_structure	FLOPO_0018579	transitive is_a ancestry in ont/plant_ontology.obo	deterministic
FLOPO_0004241	plant cuticle phenotype	PHENO|PO_0000022	PO:0000022	plant_substance	FLOPO_0900047	transitive is_a ancestry in ont/plant_ontology.obo	deterministic
FLOPO_0004356	fertile lemma phenotype	PHENO|PO_0009041	PO:0009041	plant_structure	FLOPO_0018579	transitive is_a ancestry in ont/plant_ontology.obo	deterministic
FLOPO_0004402	parenchyma phenotype	PHENO|PO_0005421	PO:0005421	plant_structure	FLOPO_0018579	transitive is_a ancestry in ont/plant_ontology.obo	deterministic
FLOPO_0004423	sporangium phenotype	PHENO|PO_0025094	PO:0025094	plant_structure	FLOPO_0018579	transitive is_a ancestry in ont/plant_ontology.obo	deterministic
FLOPO_0004468	protonema sub-apical initial cell phenotype	PHENO|PO_0030086	PO:0030086	plant_structure	FLOPO_0018579	transitive is_a ancestry in ont/plant_ontology.obo	deterministic
FLOPO_0004578	plant spore phenotype	PHENO|PO_0025017	PO:0025017	plant_structure	FLOPO_0018579	transitive is_a ancestry in ont/plant_ontology.obo	deterministic
FLOPO_0004600	tuberous root phenotype	PHENO|PO_0025523	PO:0025523	plant_structure	FLOPO_0018579	transitive is_a ancestry in ont/plant_ontology.obo	deterministic
FLOPO_0004638	primary parietal cell phenotype	PHENO|PO_0006010	PO:0006010	plant_structure	FLOPO_0018579	transitive is_a ancestry in ont/plant_ontology.obo	deterministic
FLOPO_0004652	endotesta phenotype	PHENO|PO_0006051	PO:0006051	plant_structure	FLOPO_0018579	transitive is_a ancestry in ont/plant_ontology.obo	deterministic
FLOPO_0004802	sclerenchyma phenotype	PHENO|PO_0005427	PO:0005427	plant_structure	FLOPO_0018579	transitive is_a ancestry in ont/plant_ontology.obo	deterministic
FLOPO_0005104	lodicule phenotype	PHENO|PO_0009036	PO:0009036	plant_structure	FLOPO_0018579	transitive is_a ancestry in ont/plant_ontology.obo	deterministic
FLOPO_0005201	strobilus phenotype	PHENO|PO_0025083	PO:0025083	plant_structure	FLOPO_0018579	transitive is_a ancestry in ont/plant_ontology.obo	deterministic
FLOPO_0005345	resin canal phenotype	PHENO|PO_0005665	PO:0005665	anatomical_space	FLOPO_0017857	transitive is_a ancestry in ont/plant_ontology.obo	deterministic
FLOPO_0005363	vascular system phenotype	PHENO|PO_0000034	PO:0000034	plant_structure	FLOPO_0018579	transitive is_a ancestry in ont/plant_ontology.obo	deterministic
FLOPO_0005597	root-borne shoot system phenotype	PHENO|PO_0004544	PO:0004544	plant_structure	FLOPO_0018579	transitive is_a ancestry in ont/plant_ontology.obo	deterministic
FLOPO_0005613	axillary bud phenotype	PHENO|PO_0004709	PO:0004709	plant_structure	FLOPO_0018579	transitive is_a ancestry in ont/plant_ontology.obo	deterministic
FLOPO_0005849	cortex phenotype	PHENO|PO_0005708	PO:0005708	plant_structure	FLOPO_0018579	transitive is_a ancestry in ont/plant_ontology.obo	deterministic
FLOPO_0005913	stem base phenotype	PHENO|PO_0008039	PO:0008039	plant_structure	FLOPO_0018579	transitive is_a ancestry in ont/plant_ontology.obo	deterministic
FLOPO_0006033	coma phenotype	PHENO|PO_0020061	PO:0020061	plant_structure	FLOPO_0018579	transitive is_a ancestry in ont/plant_ontology.obo	deterministic
FLOPO_0006109	columella phenotype	PHENO|PO_0025230	PO:0025230	plant_structure	FLOPO_0018579	transitive is_a ancestry in ont/plant_ontology.obo	deterministic
FLOPO_0006206	leaf apex phenotype	PHENO|PO_0020137	PO:0020137	plant_structure	FLOPO_0018579	transitive is_a ancestry in ont/plant_ontology.obo	deterministic
FLOPO_0006360	root cap phenotype	PHENO|PO_0020123	PO:0020123	plant_structure	FLOPO_0018579	transitive is_a ancestry in ont/plant_ontology.obo	deterministic
FLOPO_0006564	funicle phenotype	PHENO|PO_0020006	PO:0020006	plant_structure	FLOPO_0018579	transitive is_a ancestry in ont/plant_ontology.obo	deterministic
FLOPO_0006599	stomatal pore phenotype	PHENO|PO_0008032	PO:0008032	anatomical_space	FLOPO_0017857	transitive is_a ancestry in ont/plant_ontology.obo	deterministic
FLOPO_0006854	strophiole phenotype	PHENO|PO_0019023	PO:0019023	plant_structure	FLOPO_0018579	transitive is_a ancestry in ont/plant_ontology.obo	deterministic
FLOPO_0006903	cambium phenotype	PHENO|PO_0005597	PO:0005597	plant_structure	FLOPO_0018579	transitive is_a ancestry in ont/plant_ontology.obo	deterministic
FLOPO_0007274	flower bud phenotype	PHENO|PO_0000056	PO:0000056	plant_structure	FLOPO_0018579	transitive is_a ancestry in ont/plant_ontology.obo	deterministic
FLOPO_0007816	epicotyl phenotype	PHENO|PO_0020035	PO:0020035	plant_structure	FLOPO_0018579	transitive is_a ancestry in ont/plant_ontology.obo	deterministic
FLOPO_0007921	antiraphe phenotype	PHENO|PO_0020028	PO:0020028	plant_structure	FLOPO_0018579	transitive is_a ancestry in ont/plant_ontology.obo	deterministic
FLOPO_0008156	perisperm phenotype	PHENO|PO_0020058	PO:0020058	plant_structure	FLOPO_0018579	transitive is_a ancestry in ont/plant_ontology.obo	deterministic
FLOPO_0008198	hypodermis phenotype	PHENO|PO_0005051	PO:0005051	plant_structure	FLOPO_0018579	transitive is_a ancestry in ont/plant_ontology.obo	deterministic
FLOPO_0008318	shoot axis phenotype	PHENO|PO_0025029	PO:0025029	plant_structure	FLOPO_0018579	transitive is_a ancestry in ont/plant_ontology.obo	deterministic
FLOPO_0008403	flower bract phenotype	PHENO|PO_0009034	PO:0009034	plant_structure	FLOPO_0018579	transitive is_a ancestry in ont/plant_ontology.obo	deterministic
FLOPO_0008420	mesophyll phenotype	PHENO|PO_0006070	PO:0006070	plant_structure	FLOPO_0018579	transitive is_a ancestry in ont/plant_ontology.obo	deterministic
FLOPO_0008734	pneumatophore phenotype	PHENO|PO_0025357	PO:0025357	plant_structure	FLOPO_0018579	transitive is_a ancestry in ont/plant_ontology.obo	deterministic
FLOPO_0009095	prophyll phenotype	PHENO|PO_0009042	PO:0009042	plant_structure	FLOPO_0018579	transitive is_a ancestry in ont/plant_ontology.obo	deterministic
FLOPO_0009135	integument phenotype	PHENO|PO_0020021	PO:0020021	plant_structure	FLOPO_0018579	transitive is_a ancestry in ont/plant_ontology.obo	deterministic
FLOPO_0009399	basal axillary shoot system phenotype	PHENO|PO_0005001	PO:0005001	plant_structure	FLOPO_0018579	transitive is_a ancestry in ont/plant_ontology.obo	deterministic
FLOPO_0009428	petal base phenotype	PHENO|PO_0025146	PO:0025146	plant_structure	FLOPO_0018579	transitive is_a ancestry in ont/plant_ontology.obo	deterministic
FLOPO_0009431	extrafloral nectary phenotype	PHENO|PO_0009057	PO:0009057	plant_structure	FLOPO_0018579	transitive is_a ancestry in ont/plant_ontology.obo	deterministic
FLOPO_0009583	phloem phenotype	PHENO|PO_0005417	PO:0005417	plant_structure	FLOPO_0018579	transitive is_a ancestry in ont/plant_ontology.obo	deterministic
FLOPO_0009720	xylem vessel phenotype	PHENO|PO_0025417	PO:0025417	plant_structure	FLOPO_0018579	transitive is_a ancestry in ont/plant_ontology.obo	deterministic
FLOPO_0009731	juice sac phenotype	PHENO|PO_0006013	PO:0006013	plant_structure	FLOPO_0018579	transitive is_a ancestry in ont/plant_ontology.obo	deterministic
FLOPO_0009737	vegetative bud phenotype	PHENO|PO_0000058	PO:0000058	plant_structure	FLOPO_0018579	transitive is_a ancestry in ont/plant_ontology.obo	deterministic
FLOPO_0009903	leaflet margin phenotype	PHENO|PO_0006034	PO:0006034	plant_structure	FLOPO_0018579	transitive is_a ancestry in ont/plant_ontology.obo	deterministic
FLOPO_0010170	megaspore phenotype	PHENO|PO_0020019	PO:0020019	plant_structure	FLOPO_0018579	transitive is_a ancestry in ont/plant_ontology.obo	deterministic
FLOPO_0010363	bract apex phenotype	PHENO|PO_0025154	PO:0025154	plant_structure	FLOPO_0018579	transitive is_a ancestry in ont/plant_ontology.obo	deterministic
FLOPO_0010448	microspore phenotype	PHENO|PO_0020048	PO:0020048	plant_structure	FLOPO_0018579	transitive is_a ancestry in ont/plant_ontology.obo	deterministic
FLOPO_0010653	free tepal phenotype	PHENO|PO_0025136	PO:0025136	plant_structure	FLOPO_0018579	transitive is_a ancestry in ont/plant_ontology.obo	deterministic
FLOPO_0010682	pulvinus phenotype	PHENO|PO_0009000	PO:0009000	plant_structure	FLOPO_0018579	transitive is_a ancestry in ont/plant_ontology.obo	deterministic
FLOPO_0011396	chalaza phenotype	PHENO|PO_0020026	PO:0020026	plant_structure	FLOPO_0018579	transitive is_a ancestry in ont/plant_ontology.obo	deterministic
FLOPO_0011471	arilloid phenotype	PHENO|PO_0019022	PO:0019022	plant_structure	FLOPO_0018579	transitive is_a ancestry in ont/plant_ontology.obo	deterministic
FLOPO_0012030	subterranean tuber phenotype	PHENO|PO_0004547	PO:0004547	plant_structure	FLOPO_0018579	transitive is_a ancestry in ont/plant_ontology.obo	deterministic
FLOPO_0012734	free petal phenotype	PHENO|PO_0025569	PO:0025569	plant_structure	FLOPO_0018579	transitive is_a ancestry in ont/plant_ontology.obo	deterministic
FLOPO_0012852	cauline leaf phenotype	PHENO|PO_0000013	PO:0000013	plant_structure	FLOPO_0018579	transitive is_a ancestry in ont/plant_ontology.obo	deterministic
FLOPO_0013109	fruit pedicel phenotype	PHENO|PO_0004536	PO:0004536	plant_structure	FLOPO_0018579	transitive is_a ancestry in ont/plant_ontology.obo	deterministic
FLOPO_0013204	elaiosome phenotype	PHENO|PO_0020062	PO:0020062	plant_structure	FLOPO_0018579	transitive is_a ancestry in ont/plant_ontology.obo	deterministic
FLOPO_0013413	bundle sheath phenotype	PHENO|PO_0006023	PO:0006023	plant_structure	FLOPO_0018579	transitive is_a ancestry in ont/plant_ontology.obo	deterministic
FLOPO_0013444	stomatal complex phenotype	PHENO|PO_0002000	PO:0002000	plant_structure	FLOPO_0018579	transitive is_a ancestry in ont/plant_ontology.obo	deterministic
FLOPO_0013576	micropyle phenotype	PHENO|PO_0020025	PO:0020025	anatomical_space	FLOPO_0017857	transitive is_a ancestry in ont/plant_ontology.obo	deterministic
FLOPO_0013585	seed operculum phenotype	PHENO|PO_0019024	PO:0019024	plant_structure	FLOPO_0018579	transitive is_a ancestry in ont/plant_ontology.obo	deterministic
FLOPO_0013668	sepal margin phenotype	PHENO|PO_0005021	PO:0005021	plant_structure	FLOPO_0018579	transitive is_a ancestry in ont/plant_ontology.obo	deterministic
FLOPO_0013941	phyllode leaf phenotype	PHENO|PO_0025335	PO:0025335	plant_structure	FLOPO_0018579	transitive is_a ancestry in ont/plant_ontology.obo	deterministic
FLOPO_0014176	petiole epidermis phenotype	PHENO|PO_0000051	PO:0000051	plant_structure	FLOPO_0018579	transitive is_a ancestry in ont/plant_ontology.obo	deterministic
FLOPO_0014206	nucellus phenotype	PHENO|PO_0020020	PO:0020020	plant_structure	FLOPO_0018579	transitive is_a ancestry in ont/plant_ontology.obo	deterministic
FLOPO_0014214	rhizoid phenotype	PHENO|PO_0030078	PO:0030078	plant_structure	FLOPO_0018579	transitive is_a ancestry in ont/plant_ontology.obo	deterministic
FLOPO_0014609	plant sap phenotype	PHENO|PO_0025538	PO:0025538	plant_substance	FLOPO_0900047	transitive is_a ancestry in ont/plant_ontology.obo	deterministic
FLOPO_0014884	velamen phenotype	PHENO|PO_0006042	PO:0006042	plant_structure	FLOPO_0018579	transitive is_a ancestry in ont/plant_ontology.obo	deterministic
FLOPO_0015016	obturator phenotype	PHENO|PO_0020029	PO:0020029	plant_structure	FLOPO_0018579	transitive is_a ancestry in ont/plant_ontology.obo	deterministic
FLOPO_0015171	arillode phenotype	PHENO|PO_0025378	PO:0025378	plant_structure	FLOPO_0018579	transitive is_a ancestry in ont/plant_ontology.obo	deterministic
FLOPO_0015281	root system phenotype	PHENO|PO_0025025	PO:0025025	plant_structure	FLOPO_0018579	transitive is_a ancestry in ont/plant_ontology.obo	deterministic
FLOPO_0015747	bract axil phenotype	PHENO|PO_0025225	PO:0025225	anatomical_space	FLOPO_0017857	transitive is_a ancestry in ont/plant_ontology.obo	deterministic
FLOPO_0015987	cladode phenotype	PHENO|PO_0025354	PO:0025354	plant_structure	FLOPO_0018579	transitive is_a ancestry in ont/plant_ontology.obo	deterministic
FLOPO_0016172	primary root phenotype	PHENO|PO_0020127	PO:0020127	plant_structure	FLOPO_0018579	transitive is_a ancestry in ont/plant_ontology.obo	deterministic
FLOPO_0016413	abscission zone phenotype	PHENO|PO_0000146	PO:0000146	plant_structure	FLOPO_0018579	transitive is_a ancestry in ont/plant_ontology.obo	deterministic
FLOPO_0016524	epiblast phenotype	PHENO|PO_0020036	PO:0020036	plant_structure	FLOPO_0018579	transitive is_a ancestry in ont/plant_ontology.obo	deterministic
FLOPO_0016585	gelatinous fiber cell phenotype	PHENO|PO_0025422	PO:0025422	plant_structure	FLOPO_0018579	transitive is_a ancestry in ont/plant_ontology.obo	deterministic
FLOPO_0016792	free sepal phenotype	PHENO|PO_0025587	PO:0025587	plant_structure	FLOPO_0018579	transitive is_a ancestry in ont/plant_ontology.obo	deterministic
FLOPO_0017478	long shoot phenotype	PHENO|PO_0004702	PO:0004702	plant_structure	FLOPO_0018579	transitive is_a ancestry in ont/plant_ontology.obo	deterministic
FLOPO_0017598	endodermis phenotype	PHENO|PO_0000252	PO:0000252	plant_structure	FLOPO_0018579	transitive is_a ancestry in ont/plant_ontology.obo	deterministic
FLOPO_0017857	plant anatomical space phenotype	PHENO|PO_0025117	PO:0025117	anatomical_space_root	FLOPO_0980417	transitive is_a ancestry in ont/plant_ontology.obo	deterministic
FLOPO_0018294	leaf tip phenotype	PHENO|PO_0025142	PO:0025142	plant_structure	FLOPO_0018579	transitive is_a ancestry in ont/plant_ontology.obo	deterministic
FLOPO_0018579	plant structure phenotype	PHENO|PO_0009011	PO:0009011	plant_structure_root	FLOPO_0980418	transitive is_a ancestry in ont/plant_ontology.obo	deterministic
FLOPO_0018607	fused tepal phenotype	PHENO|PO_0025137	PO:0025137	plant_structure	FLOPO_0018579	transitive is_a ancestry in ont/plant_ontology.obo	deterministic
FLOPO_0020604	sterile lemma phenotype	PHENO|PO_0009040	PO:0009040	plant_structure	FLOPO_0018579	transitive is_a ancestry in ont/plant_ontology.obo	deterministic
FLOPO_0020680	basal root phenotype	PHENO|PO_0025002	PO:0025002	plant_structure	FLOPO_0018579	transitive is_a ancestry in ont/plant_ontology.obo	deterministic
FLOPO_0020751	megagametophyte phenotype	PHENO|PO_0025279	PO:0025279	plant_structure	FLOPO_0018579	transitive is_a ancestry in ont/plant_ontology.obo	deterministic
FLOPO_0020858	multicellular trichome phenotype	PHENO|PO_0025162	PO:0025162	plant_structure	FLOPO_0018579	transitive is_a ancestry in ont/plant_ontology.obo	deterministic
FLOPO_0020997	megasporangium phenotype	PHENO|PO_0025201	PO:0025201	plant_structure	FLOPO_0018579	transitive is_a ancestry in ont/plant_ontology.obo	deterministic
FLOPO_0021389	gamete phenotype	PHENO|PO_0025006	PO:0025006	plant_structure	FLOPO_0018579	transitive is_a ancestry in ont/plant_ontology.obo	deterministic
FLOPO_0021427	chlorenchyma phenotype	PHENO|PO_0005426	PO:0005426	plant_structure	FLOPO_0018579	transitive is_a ancestry in ont/plant_ontology.obo	deterministic
FLOPO_0022034	pinnate leaf phenotype	PHENO|PO_0020045	PO:0020045	plant_structure	FLOPO_0018579	transitive is_a ancestry in ont/plant_ontology.obo	deterministic
FLOPO_0022301	fruit valve phenotype	PHENO|PO_0000033	PO:0000033	plant_structure	FLOPO_0018579	transitive is_a ancestry in ont/plant_ontology.obo	deterministic
FLOPO_0022504	lateral root phenotype	PHENO|PO_0020121	PO:0020121	plant_structure	FLOPO_0018579	transitive is_a ancestry in ont/plant_ontology.obo	deterministic
FLOPO_0022616	aerenchyma phenotype	PHENO|PO_0005702	PO:0005702	plant_structure	FLOPO_0018579	transitive is_a ancestry in ont/plant_ontology.obo	deterministic
FLOPO_0022844	xylem phenotype	PHENO|PO_0005352	PO:0005352	plant_structure	FLOPO_0018579	transitive is_a ancestry in ont/plant_ontology.obo	deterministic
FLOPO_0022861	tegmen phenotype	PHENO|PO_0020056	PO:0020056	plant_structure	FLOPO_0018579	transitive is_a ancestry in ont/plant_ontology.obo	deterministic
FLOPO_0024052	inner integument phenotype	PHENO|PO_0020022	PO:0020022	plant_structure	FLOPO_0018579	transitive is_a ancestry in ont/plant_ontology.obo	deterministic
FLOPO_0980068	pedicel ciliatedness	OTHER	PO:0009052	manual_pedicel	FLOPO_0000201	approved manual repair: pedicel ciliatedness is placed under the existing pedicel phenotype	approved
