po_id	po_label	pato_id	pato_label	proposed_label	review_scope	pato_is_attribute	evidence_count	taxon_count	source_document_count	numeric_count	qualified_count	example_1	example_2	example_3	review_status	reviewer	review_date	review_notes
PO_0000003	whole plant	PATO_0000119	height	whole plant height	reusable_trait	true	420	412	31	420	8				approved	https://orcid.org/0000-0001-8149-5890	2026-07-17	Approved by Robert Hoehndorf as reusable, irrespective of current corpus reuse count.
PO_0030112	pedicel	PATO_0000122	length	pedicel length	reusable_trait	true	397	339	33	397	7				approved	https://orcid.org/0000-0001-8149-5890	2026-07-17	Approved by Robert Hoehndorf as reusable, irrespective of current corpus reuse count.
PO_0009072	plant ovary	PATO_0000122	length	plant ovary length	reusable_trait	true	241	221	23	241	3				approved	https://orcid.org/0000-0001-8149-5890	2026-07-17	Approved by Robert Hoehndorf as reusable, irrespective of current corpus reuse count.
PO_0009072	plant ovary	PATO_0000453	glabrous	plant ovary glabrous	reusable_phenotype	false	236	234	30	0	5				approved	https://orcid.org/0000-0001-8149-5890	2026-07-17	Approved by Robert Hoehndorf as reusable, irrespective of current corpus reuse count.
PO_0020038	petiole	PATO_0001320	pubescent hair	petiole pubescent hair	reusable_phenotype	false	208	200	26	0	19				approved	https://orcid.org/0000-0001-8149-5890	2026-07-17	Approved by Robert Hoehndorf as reusable, irrespective of current corpus reuse count.
PO_0009046	flower	PATO_0001436	sessile (sensu botany)	flower sessile (sensu botany)	reusable_phenotype	false	188	178	30	0	9				approved	https://orcid.org/0000-0001-8149-5890	2026-07-17	Approved by Robert Hoehndorf as reusable, irrespective of current corpus reuse count.
PO_0030112	pedicel	PATO_0001320	pubescent hair	pedicel pubescent hair	reusable_phenotype	false	159	153	25	0	17				approved	https://orcid.org/0000-0001-8149-5890	2026-07-17	Approved by Robert Hoehndorf as reusable, irrespective of current corpus reuse count.
PO_0009072	plant ovary	PATO_0001320	pubescent hair	plant ovary pubescent hair	reusable_phenotype	false	157	155	22	0	9				approved	https://orcid.org/0000-0001-8149-5890	2026-07-17	Approved by Robert Hoehndorf as reusable, irrespective of current corpus reuse count.
PO_0009032	petal	PATO_0000921	width	petal width	reusable_trait	true	140	109	5	140	1				approved	https://orcid.org/0000-0001-8149-5890	2026-07-17	Approved by Robert Hoehndorf as reusable, irrespective of current corpus reuse count.
PO_0030112	pedicel	PATO_0000453	glabrous	pedicel glabrous	reusable_phenotype	false	114	111	28	0	6				approved	https://orcid.org/0000-0001-8149-5890	2026-07-17	Approved by Robert Hoehndorf as reusable, irrespective of current corpus reuse count.
PO_0000282	trichome	PATO_0000323	white	trichome white	reusable_phenotype	false	113	82	20	0	0				approved	https://orcid.org/0000-0001-8149-5890	2026-07-17	Approved by Robert Hoehndorf as reusable, irrespective of current corpus reuse count.
PO_0020039	leaf lamina	PATO_0000921	width	leaf lamina width	reusable_trait	true	108	105	16	108	0				approved	https://orcid.org/0000-0001-8149-5890	2026-07-17	Approved by Robert Hoehndorf as reusable, irrespective of current corpus reuse count.
PO_0020041	stipule	PATO_0001320	pubescent hair	stipule pubescent hair	reusable_phenotype	false	106	104	13	0	9				approved	https://orcid.org/0000-0001-8149-5890	2026-07-17	Approved by Robert Hoehndorf as reusable, irrespective of current corpus reuse count.
PO_0009060	calyx	PATO_0001320	pubescent hair	calyx pubescent hair	reusable_phenotype	false	105	95	18	0	11				approved	https://orcid.org/0000-0001-8149-5890	2026-07-17	Approved by Robert Hoehndorf as reusable, irrespective of current corpus reuse count.
PO_0009055	bract	PATO_0001320	pubescent hair	bract pubescent hair	reusable_phenotype	false	100	93	22	0	12				approved	https://orcid.org/0000-0001-8149-5890	2026-07-17	Approved by Robert Hoehndorf as reusable, irrespective of current corpus reuse count.
PO_0009049	inflorescence	PATO_0001320	pubescent hair	inflorescence pubescent hair	reusable_phenotype	false	99	98	20	0	9				approved	https://orcid.org/0000-0001-8149-5890	2026-07-17	Approved by Robert Hoehndorf as reusable, irrespective of current corpus reuse count.
PO_0020039	leaf lamina	PATO_0104032	coriaceous	leaf lamina coriaceous	reusable_phenotype	false	99	99	28	0	8				approved	https://orcid.org/0000-0001-8149-5890	2026-07-17	Approved by Robert Hoehndorf as reusable, irrespective of current corpus reuse count.
PO_0009074	style	PATO_0001320	pubescent hair	style pubescent hair	reusable_phenotype	false	94	94	18	0	16				approved	https://orcid.org/0000-0001-8149-5890	2026-07-17	Approved by Robert Hoehndorf as reusable, irrespective of current corpus reuse count.
PO_0009031	sepal	PATO_0001320	pubescent hair	sepal pubescent hair	reusable_phenotype	false	89	85	22	0	10				approved	https://orcid.org/0000-0001-8149-5890	2026-07-17	Approved by Robert Hoehndorf as reusable, irrespective of current corpus reuse count.
PO_0009032	petal	PATO_0001320	pubescent hair	petal pubescent hair	reusable_phenotype	false	78	69	17	0	3				approved	https://orcid.org/0000-0001-8149-5890	2026-07-17	Approved by Robert Hoehndorf as reusable, irrespective of current corpus reuse count.
PO_0009043	bracteole	PATO_0001320	pubescent hair	bracteole pubescent hair	reusable_phenotype	false	78	74	16	0	7				approved	https://orcid.org/0000-0001-8149-5890	2026-07-17	Approved by Robert Hoehndorf as reusable, irrespective of current corpus reuse count.
PO_0009049	inflorescence	PATO_0001436	sessile (sensu botany)	inflorescence sessile (sensu botany)	reusable_phenotype	false	77	74	13	0	4				approved	https://orcid.org/0000-0001-8149-5890	2026-07-17	Approved by Robert Hoehndorf as reusable, irrespective of current corpus reuse count.
PO_0009060	calyx	PATO_0000119	height	calyx height	reusable_trait	true	72	66	11	72	8				approved	https://orcid.org/0000-0001-8149-5890	2026-07-17	Approved by Robert Hoehndorf as reusable, irrespective of current corpus reuse count.
PO_0000056	flower bud	PATO_0001334	diameter	flower bud diameter	reusable_trait	true	69	66	8	69	4				approved	https://orcid.org/0000-0001-8149-5890	2026-07-17	Approved by Robert Hoehndorf as reusable, irrespective of current corpus reuse count.
PO_0009001	fruit	PATO_0001320	pubescent hair	fruit pubescent hair	reusable_phenotype	false	65	64	17	0	5				approved	https://orcid.org/0000-0001-8149-5890	2026-07-17	Approved by Robert Hoehndorf as reusable, irrespective of current corpus reuse count.
PO_0020039	leaf lamina	PATO_0001320	pubescent hair	leaf lamina pubescent hair	reusable_phenotype	false	64	60	16	0	9				approved	https://orcid.org/0000-0001-8149-5890	2026-07-17	Approved by Robert Hoehndorf as reusable, irrespective of current corpus reuse count.
PO_0009072	plant ovary	PATO_0000946	oblong	plant ovary oblong	reusable_phenotype	false	62	62	14	0	0				approved	https://orcid.org/0000-0001-8149-5890	2026-07-17	Approved by Robert Hoehndorf as reusable, irrespective of current corpus reuse count.
PO_0000056	flower bud	PATO_0001499	spherical	flower bud spherical	reusable_phenotype	false	61	59	15	0	0				approved	https://orcid.org/0000-0001-8149-5890	2026-07-17	Approved by Robert Hoehndorf as reusable, irrespective of current corpus reuse count.
PO_0009053	peduncle	PATO_0001320	pubescent hair	peduncle pubescent hair	reusable_phenotype	false	61	61	19	0	5				approved	https://orcid.org/0000-0001-8149-5890	2026-07-17	Approved by Robert Hoehndorf as reusable, irrespective of current corpus reuse count.
PO_0009001	fruit	PATO_0005014	subspherical	fruit subspherical	reusable_phenotype	false	59	59	25	0	0				approved	https://orcid.org/0000-0001-8149-5890	2026-07-17	Approved by Robert Hoehndorf as reusable, irrespective of current corpus reuse count.
PO_0009059	corolla	PATO_0001320	pubescent hair	corolla pubescent hair	reusable_phenotype	false	58	56	7	0	5				approved	https://orcid.org/0000-0001-8149-5890	2026-07-17	Approved by Robert Hoehndorf as reusable, irrespective of current corpus reuse count.
PO_0009073	stigma	PATO_0001436	sessile (sensu botany)	stigma sessile (sensu botany)	reusable_phenotype	false	55	55	11	0	1				approved	https://orcid.org/0000-0001-8149-5890	2026-07-17	Approved by Robert Hoehndorf as reusable, irrespective of current corpus reuse count.
PO_0020075	mericarp	PATO_0000122	length	mericarp length	reusable_trait	true	55	52	3	55	0				approved	https://orcid.org/0000-0001-8149-5890	2026-07-17	Approved by Robert Hoehndorf as reusable, irrespective of current corpus reuse count.
PO_0009046	flower	PATO_0001320	pubescent hair	flower pubescent hair	reusable_phenotype	false	54	53	21	0	7				approved	https://orcid.org/0000-0001-8149-5890	2026-07-17	Approved by Robert Hoehndorf as reusable, irrespective of current corpus reuse count.
PO_0009025	vascular leaf	PATO_0104032	coriaceous	vascular leaf coriaceous	reusable_phenotype	false	53	53	14	0	10				approved	https://orcid.org/0000-0001-8149-5890	2026-07-17	Approved by Robert Hoehndorf as reusable, irrespective of current corpus reuse count.
PO_0000056	flower bud	PATO_0000122	length	flower bud length	reusable_trait	true	51	49	12	51	1				approved	https://orcid.org/0000-0001-8149-5890	2026-07-17	Approved by Robert Hoehndorf as reusable, irrespective of current corpus reuse count.
PO_0009064	receptacle	PATO_0000119	height	receptacle height	reusable_trait	true	48	40	5	48	0				approved	https://orcid.org/0000-0001-8149-5890	2026-07-17	Approved by Robert Hoehndorf as reusable, irrespective of current corpus reuse count.
PO_0009067	filament	PATO_0001320	pubescent hair	filament pubescent hair	reusable_phenotype	false	44	43	17	0	8				approved	https://orcid.org/0000-0001-8149-5890	2026-07-17	Approved by Robert Hoehndorf as reusable, irrespective of current corpus reuse count.
PO_0000282	trichome	PATO_0000952	brown	trichome brown	reusable_phenotype	false	42	36	19	0	0				approved	https://orcid.org/0000-0001-8149-5890	2026-07-17	Approved by Robert Hoehndorf as reusable, irrespective of current corpus reuse count.
PO_0009072	plant ovary	PATO_0000119	height	plant ovary height	reusable_trait	true	42	38	11	42	1				approved	https://orcid.org/0000-0001-8149-5890	2026-07-17	Approved by Robert Hoehndorf as reusable, irrespective of current corpus reuse count.
PO_0009025	vascular leaf	PATO_0000320	green	vascular leaf green	reusable_phenotype	false	40	39	15	0	1				approved	https://orcid.org/0000-0001-8149-5890	2026-07-17	Approved by Robert Hoehndorf as reusable, irrespective of current corpus reuse count.
PO_0009072	plant ovary	PATO_0001436	sessile (sensu botany)	plant ovary sessile (sensu botany)	reusable_phenotype	false	39	38	11	0	3				approved	https://orcid.org/0000-0001-8149-5890	2026-07-17	Approved by Robert Hoehndorf as reusable, irrespective of current corpus reuse count.
PO_0020049	leaflet	PATO_0001436	sessile (sensu botany)	leaflet sessile (sensu botany)	reusable_phenotype	false	39	39	4	0	1				approved	https://orcid.org/0000-0001-8149-5890	2026-07-17	Approved by Robert Hoehndorf as reusable, irrespective of current corpus reuse count.
PO_0009068	connective	PATO_0001436	sessile (sensu botany)	connective sessile (sensu botany)	reusable_phenotype	false	37	37	5	0	1				approved	https://orcid.org/0000-0001-8149-5890	2026-07-17	Approved by Robert Hoehndorf as reusable, irrespective of current corpus reuse count.
PO_0009025	vascular leaf	PATO_0001320	pubescent hair	vascular leaf pubescent hair	reusable_phenotype	false	36	36	18	0	8				approved	https://orcid.org/0000-0001-8149-5890	2026-07-17	Approved by Robert Hoehndorf as reusable, irrespective of current corpus reuse count.
PO_0020075	mericarp	PATO_0000921	width	mericarp width	reusable_trait	true	34	34	2	34	0				approved	https://orcid.org/0000-0001-8149-5890	2026-07-17	Approved by Robert Hoehndorf as reusable, irrespective of current corpus reuse count.
PO_0025073	branch	PATO_0001320	pubescent hair	branch pubescent hair	reusable_phenotype	false	34	34	16	0	3				approved	https://orcid.org/0000-0001-8149-5890	2026-07-17	Approved by Robert Hoehndorf as reusable, irrespective of current corpus reuse count.
PO_0000056	flower bud	PATO_0001320	pubescent hair	flower bud pubescent hair	reusable_phenotype	false	33	31	10	0	4				approved	https://orcid.org/0000-0001-8149-5890	2026-07-17	Approved by Robert Hoehndorf as reusable, irrespective of current corpus reuse count.
PO_0009047	stem	PATO_0001320	pubescent hair	stem pubescent hair	reusable_phenotype	false	33	33	15	0	5				approved	https://orcid.org/0000-0001-8149-5890	2026-07-17	Approved by Robert Hoehndorf as reusable, irrespective of current corpus reuse count.
PO_0009072	plant ovary	PATO_0001334	diameter	plant ovary diameter	reusable_trait	true	33	33	15	33	4				approved	https://orcid.org/0000-0001-8149-5890	2026-07-17	Approved by Robert Hoehndorf as reusable, irrespective of current corpus reuse count.
PO_0030112	pedicel	PATO_0002341	tomentose	pedicel tomentose	reusable_phenotype	false	33	33	12	0	0				approved	https://orcid.org/0000-0001-8149-5890	2026-07-17	Approved by Robert Hoehndorf as reusable, irrespective of current corpus reuse count.
PO_0009072	plant ovary	PATO_0001499	spherical	plant ovary spherical	reusable_phenotype	false	32	32	17	0	4				approved	https://orcid.org/0000-0001-8149-5890	2026-07-17	Approved by Robert Hoehndorf as reusable, irrespective of current corpus reuse count.
PO_0009055	bract	PATO_0000921	width	bract width	reusable_trait	true	31	30	7	31	0				approved	https://orcid.org/0000-0001-8149-5890	2026-07-17	Approved by Robert Hoehndorf as reusable, irrespective of current corpus reuse count.
PO_0009072	plant ovary	PATO_0000921	width	plant ovary width	reusable_trait	true	31	31	8	31	2				approved	https://orcid.org/0000-0001-8149-5890	2026-07-17	Approved by Robert Hoehndorf as reusable, irrespective of current corpus reuse count.
PO_0009059	corolla	PATO_0000119	height	corolla height	reusable_trait	true	29	27	5	29	1				approved	https://orcid.org/0000-0001-8149-5890	2026-07-17	Approved by Robert Hoehndorf as reusable, irrespective of current corpus reuse count.
PO_0009064	receptacle	PATO_0000921	width	receptacle width	reusable_trait	true	29	28	4	29	0				approved	https://orcid.org/0000-0001-8149-5890	2026-07-17	Approved by Robert Hoehndorf as reusable, irrespective of current corpus reuse count.
PO_0009073	stigma	PATO_0001320	pubescent hair	stigma pubescent hair	reusable_phenotype	false	29	29	6	0	3				approved	https://orcid.org/0000-0001-8149-5890	2026-07-17	Approved by Robert Hoehndorf as reusable, irrespective of current corpus reuse count.
PO_0009025	vascular leaf	PATO_0000921	width	vascular leaf width	reusable_trait	true	28	28	13	28	0				approved	https://orcid.org/0000-0001-8149-5890	2026-07-17	Approved by Robert Hoehndorf as reusable, irrespective of current corpus reuse count.
PO_0009001	fruit	PATO_0104032	coriaceous	fruit coriaceous	reusable_phenotype	false	27	27	14	0	1				approved	https://orcid.org/0000-0001-8149-5890	2026-07-17	Approved by Robert Hoehndorf as reusable, irrespective of current corpus reuse count.
PO_0009032	petal	PATO_0000119	height	petal height	reusable_trait	true	27	25	5	27	1				approved	https://orcid.org/0000-0001-8149-5890	2026-07-17	Approved by Robert Hoehndorf as reusable, irrespective of current corpus reuse count.
PO_0009043	bracteole	PATO_0000921	width	bracteole width	reusable_trait	true	27	27	3	27	0				approved	https://orcid.org/0000-0001-8149-5890	2026-07-17	Approved by Robert Hoehndorf as reusable, irrespective of current corpus reuse count.
PO_0009029	stamen	PATO_0000921	width	stamen width	reusable_trait	true	23	23	2	23	1				approved	https://orcid.org/0000-0001-8149-5890	2026-07-17	Approved by Robert Hoehndorf as reusable, irrespective of current corpus reuse count.
PO_0009066	anther	PATO_0001436	sessile (sensu botany)	anther sessile (sensu botany)	reusable_phenotype	false	23	23	1	0	0				approved	https://orcid.org/0000-0001-8149-5890	2026-07-17	Approved by Robert Hoehndorf as reusable, irrespective of current corpus reuse count.
PO_0009072	plant ovary	PATO_0002341	tomentose	plant ovary tomentose	reusable_phenotype	false	23	23	10	0	0				approved	https://orcid.org/0000-0001-8149-5890	2026-07-17	Approved by Robert Hoehndorf as reusable, irrespective of current corpus reuse count.
PO_0030107	achene fruit	PATO_0000701	smooth	achene fruit smooth	reusable_phenotype	false	23	23	2	0	11				approved	https://orcid.org/0000-0001-8149-5890	2026-07-17	Approved by Robert Hoehndorf as reusable, irrespective of current corpus reuse count.
PO_0030107	achene fruit	PATO_0000952	brown	achene fruit brown	reusable_phenotype	false	23	22	2	0	0				approved	https://orcid.org/0000-0001-8149-5890	2026-07-17	Approved by Robert Hoehndorf as reusable, irrespective of current corpus reuse count.
PO_0000282	trichome	PATO_0000324	yellow	trichome yellow	reusable_phenotype	false	22	21	13	0	0				approved	https://orcid.org/0000-0001-8149-5890	2026-07-17	Approved by Robert Hoehndorf as reusable, irrespective of current corpus reuse count.
PO_0009067	filament	PATO_0000119	height	filament height	reusable_trait	true	22	22	7	22	0				approved	https://orcid.org/0000-0001-8149-5890	2026-07-17	Approved by Robert Hoehndorf as reusable, irrespective of current corpus reuse count.
PO_0000056	flower bud	PATO_0005014	subspherical	flower bud subspherical	reusable_phenotype	false	21	21	3	0	0				approved	https://orcid.org/0000-0001-8149-5890	2026-07-17	Approved by Robert Hoehndorf as reusable, irrespective of current corpus reuse count.
PO_0000056	flower bud	PATO_0001935	obtuse	flower bud obtuse	reusable_phenotype	false	20	20	7	0	1				approved	https://orcid.org/0000-0001-8149-5890	2026-07-17	Approved by Robert Hoehndorf as reusable, irrespective of current corpus reuse count.
PO_0000282	trichome	PATO_0000322	red	trichome red	reusable_phenotype	false	20	20	10	0	1				approved	https://orcid.org/0000-0001-8149-5890	2026-07-17	Approved by Robert Hoehndorf as reusable, irrespective of current corpus reuse count.
PO_0009025	vascular leaf	PATO_0001436	sessile (sensu botany)	vascular leaf sessile (sensu botany)	reusable_phenotype	false	20	20	10	0	3				approved	https://orcid.org/0000-0001-8149-5890	2026-07-17	Approved by Robert Hoehndorf as reusable, irrespective of current corpus reuse count.
PO_0009072	plant ovary	PATO_0001199	linear	plant ovary linear	reusable_phenotype	false	20	19	6	0	0				approved	https://orcid.org/0000-0001-8149-5890	2026-07-17	Approved by Robert Hoehndorf as reusable, irrespective of current corpus reuse count.
PO_0000056	flower bud	PATO_0000921	width	flower bud width	reusable_trait	true	19	18	6	19	0				approved	https://orcid.org/0000-0001-8149-5890	2026-07-17	Approved by Robert Hoehndorf as reusable, irrespective of current corpus reuse count.
PO_0009010	seed	PATO_0001436	sessile (sensu botany)	seed sessile (sensu botany)	reusable_phenotype	false	19	19	1	0	0				approved	https://orcid.org/0000-0001-8149-5890	2026-07-17	Approved by Robert Hoehndorf as reusable, irrespective of current corpus reuse count.
PO_0020049	leaflet	PATO_0001320	pubescent hair	leaflet pubescent hair	reusable_phenotype	false	19	18	5	0	1				approved	https://orcid.org/0000-0001-8149-5890	2026-07-17	Approved by Robert Hoehndorf as reusable, irrespective of current corpus reuse count.
PO_0009001	fruit	PATO_0000119	height	fruit height	reusable_trait	true	18	18	9	18	1				approved	https://orcid.org/0000-0001-8149-5890	2026-07-17	Approved by Robert Hoehndorf as reusable, irrespective of current corpus reuse count.
PO_0009001	fruit	PATO_0001436	sessile (sensu botany)	fruit sessile (sensu botany)	reusable_phenotype	false	18	18	10	0	2				approved	https://orcid.org/0000-0001-8149-5890	2026-07-17	Approved by Robert Hoehndorf as reusable, irrespective of current corpus reuse count.
PO_0009046	flower	PATO_0000921	width	flower width	reusable_trait	true	18	16	12	18	1				approved	https://orcid.org/0000-0001-8149-5890	2026-07-17	Approved by Robert Hoehndorf as reusable, irrespective of current corpus reuse count.
PO_0025281	pollen	PATO_0000323	white	pollen white	reusable_phenotype	false	18	18	3	0	0				approved	https://orcid.org/0000-0001-8149-5890	2026-07-17	Approved by Robert Hoehndorf as reusable, irrespective of current corpus reuse count.
PO_0000003	whole plant	PATO_0001320	pubescent hair	whole plant pubescent hair	reusable_phenotype	false	17	17	5	0	4				approved	https://orcid.org/0000-0001-8149-5890	2026-07-17	Approved by Robert Hoehndorf as reusable, irrespective of current corpus reuse count.
PO_0009025	vascular leaf	PATO_0000947	elliptic	vascular leaf elliptic	reusable_phenotype	false	17	17	9	0	1				approved	https://orcid.org/0000-0001-8149-5890	2026-07-17	Approved by Robert Hoehndorf as reusable, irrespective of current corpus reuse count.
PO_0009059	corolla	PATO_0000921	width	corolla width	reusable_trait	true	17	17	6	17	0				approved	https://orcid.org/0000-0001-8149-5890	2026-07-17	Approved by Robert Hoehndorf as reusable, irrespective of current corpus reuse count.
PO_0020057	testa	PATO_0000921	width	testa width	reusable_trait	true	17	17	1	17	0				approved	https://orcid.org/0000-0001-8149-5890	2026-07-17	Approved by Robert Hoehndorf as reusable, irrespective of current corpus reuse count.
PO_0030107	achene fruit	PATO_0000122	length	achene fruit length	reusable_trait	true	17	16	1	17	0				approved	https://orcid.org/0000-0001-8149-5890	2026-07-17	Approved by Robert Hoehndorf as reusable, irrespective of current corpus reuse count.
PO_0009025	vascular leaf	PATO_0000952	brown	vascular leaf brown	reusable_phenotype	false	16	16	5	0	0				approved	https://orcid.org/0000-0001-8149-5890	2026-07-17	Approved by Robert Hoehndorf as reusable, irrespective of current corpus reuse count.
PO_0009031	sepal	PATO_0000119	height	sepal height	reusable_trait	true	16	14	4	16	2				approved	https://orcid.org/0000-0001-8149-5890	2026-07-17	Approved by Robert Hoehndorf as reusable, irrespective of current corpus reuse count.
PO_0020039	leaf lamina	PATO_0001334	diameter	leaf lamina diameter	reusable_trait	true	16	16	7	16	0				approved	https://orcid.org/0000-0001-8149-5890	2026-07-17	Approved by Robert Hoehndorf as reusable, irrespective of current corpus reuse count.
PO_0000056	flower bud	PATO_0000320	green	flower bud green	reusable_phenotype	false	15	15	6	0	0				approved	https://orcid.org/0000-0001-8149-5890	2026-07-17	Approved by Robert Hoehndorf as reusable, irrespective of current corpus reuse count.
PO_0009010	seed	PATO_0001320	pubescent hair	seed pubescent hair	reusable_phenotype	false	15	15	8	0	4				approved	https://orcid.org/0000-0001-8149-5890	2026-07-17	Approved by Robert Hoehndorf as reusable, irrespective of current corpus reuse count.
PO_0009055	bract	PATO_0104032	coriaceous	bract coriaceous	reusable_phenotype	false	15	15	8	0	2				approved	https://orcid.org/0000-0001-8149-5890	2026-07-17	Approved by Robert Hoehndorf as reusable, irrespective of current corpus reuse count.
PO_0009010	seed	PATO_0005014	subspherical	seed subspherical	reusable_phenotype	false	14	14	10	0	0				approved	https://orcid.org/0000-0001-8149-5890	2026-07-17	Approved by Robert Hoehndorf as reusable, irrespective of current corpus reuse count.
PO_0020075	mericarp	PATO_0001436	sessile (sensu botany)	mericarp sessile (sensu botany)	reusable_phenotype	false	14	14	1	0	0				approved	https://orcid.org/0000-0001-8149-5890	2026-07-17	Approved by Robert Hoehndorf as reusable, irrespective of current corpus reuse count.
PO_0020039	leaf lamina	PATO_0000952	brown	leaf lamina brown	reusable_phenotype	false	13	13	7	0	0				approved	https://orcid.org/0000-0001-8149-5890	2026-07-17	Approved by Robert Hoehndorf as reusable, irrespective of current corpus reuse count.
PO_0009064	receptacle	PATO_0001320	pubescent hair	receptacle pubescent hair	reusable_phenotype	false	12	12	5	0	1				approved	https://orcid.org/0000-0001-8149-5890	2026-07-17	Approved by Robert Hoehndorf as reusable, irrespective of current corpus reuse count.
PO_0009072	plant ovary	PATO_0000320	green	plant ovary green	reusable_phenotype	false	12	12	9	0	0				approved	https://orcid.org/0000-0001-8149-5890	2026-07-17	Approved by Robert Hoehndorf as reusable, irrespective of current corpus reuse count.
PO_0009072	plant ovary	PATO_0000701	smooth	plant ovary smooth	reusable_phenotype	false	12	12	4	0	0				approved	https://orcid.org/0000-0001-8149-5890	2026-07-17	Approved by Robert Hoehndorf as reusable, irrespective of current corpus reuse count.
PO_0009072	plant ovary	PATO_0005014	subspherical	plant ovary subspherical	reusable_phenotype	false	12	12	10	0	0				approved	https://orcid.org/0000-0001-8149-5890	2026-07-17	Approved by Robert Hoehndorf as reusable, irrespective of current corpus reuse count.
PO_0020039	leaf lamina	PATO_0000119	height	leaf lamina height	reusable_trait	true	12	12	2	12	1				approved	https://orcid.org/0000-0001-8149-5890	2026-07-17	Approved by Robert Hoehndorf as reusable, irrespective of current corpus reuse count.
PO_0020049	leaflet	PATO_0104032	coriaceous	leaflet coriaceous	reusable_phenotype	false	12	12	6	0	1				approved	https://orcid.org/0000-0001-8149-5890	2026-07-17	Approved by Robert Hoehndorf as reusable, irrespective of current corpus reuse count.
PO_0030112	pedicel	PATO_0001334	diameter	pedicel diameter	reusable_trait	true	12	10	4	12	0				approved	https://orcid.org/0000-0001-8149-5890	2026-07-17	Approved by Robert Hoehndorf as reusable, irrespective of current corpus reuse count.
PO_0000056	flower bud	PATO_0000119	height	flower bud height	reusable_trait	true	11	10	6	11	1				approved	https://orcid.org/0000-0001-8149-5890	2026-07-17	Approved by Robert Hoehndorf as reusable, irrespective of current corpus reuse count.
PO_0009046	flower	PATO_0104032	coriaceous	flower coriaceous	reusable_phenotype	false	11	11	1	0	1				approved	https://orcid.org/0000-0001-8149-5890	2026-07-17	Approved by Robert Hoehndorf as reusable, irrespective of current corpus reuse count.
PO_0009055	bract	PATO_0001436	sessile (sensu botany)	bract sessile (sensu botany)	reusable_phenotype	false	11	11	6	0	0				approved	https://orcid.org/0000-0001-8149-5890	2026-07-17	Approved by Robert Hoehndorf as reusable, irrespective of current corpus reuse count.
PO_0009068	connective	PATO_0001320	pubescent hair	connective pubescent hair	reusable_phenotype	false	11	11	5	0	2				approved	https://orcid.org/0000-0001-8149-5890	2026-07-17	Approved by Robert Hoehndorf as reusable, irrespective of current corpus reuse count.
PO_0020075	mericarp	PATO_0000453	glabrous	mericarp glabrous	reusable_phenotype	false	11	11	2	0	0				approved	https://orcid.org/0000-0001-8149-5890	2026-07-17	Approved by Robert Hoehndorf as reusable, irrespective of current corpus reuse count.
PO_0000056	flower bud	PATO_0002341	tomentose	flower bud tomentose	reusable_phenotype	false	10	10	3	0	0				approved	https://orcid.org/0000-0001-8149-5890	2026-07-17	Approved by Robert Hoehndorf as reusable, irrespective of current corpus reuse count.
PO_0000282	trichome	PATO_0000317	black	trichome black	reusable_phenotype	false	10	10	4	0	0				approved	https://orcid.org/0000-0001-8149-5890	2026-07-17	Approved by Robert Hoehndorf as reusable, irrespective of current corpus reuse count.
PO_0005848	secondary xylem	PATO_0001334	diameter	secondary xylem diameter	reusable_trait	true	10	9	1	10	0				approved	https://orcid.org/0000-0001-8149-5890	2026-07-17	Approved by Robert Hoehndorf as reusable, irrespective of current corpus reuse count.
PO_0009025	vascular leaf	PATO_0001982	attenuate	vascular leaf attenuate	reusable_phenotype	false	10	10	6	0	0				approved	https://orcid.org/0000-0001-8149-5890	2026-07-17	Approved by Robert Hoehndorf as reusable, irrespective of current corpus reuse count.
PO_0009077	staminode	PATO_0001320	pubescent hair	staminode pubescent hair	reusable_phenotype	false	10	10	5	0	3				approved	https://orcid.org/0000-0001-8149-5890	2026-07-17	Approved by Robert Hoehndorf as reusable, irrespective of current corpus reuse count.
PO_0030112	pedicel	PATO_0000320	green	pedicel green	reusable_phenotype	false	10	10	6	0	0				approved	https://orcid.org/0000-0001-8149-5890	2026-07-17	Approved by Robert Hoehndorf as reusable, irrespective of current corpus reuse count.
PO_0009025	vascular leaf	PATO_0000119	height	vascular leaf height	reusable_trait	true	9	9	8	9	0				approved	https://orcid.org/0000-0001-8149-5890	2026-07-17	Approved by Robert Hoehndorf as reusable, irrespective of current corpus reuse count.
PO_0009030	carpel	PATO_0001320	pubescent hair	carpel pubescent hair	reusable_phenotype	false	9	9	4	0	0				approved	https://orcid.org/0000-0001-8149-5890	2026-07-17	Approved by Robert Hoehndorf as reusable, irrespective of current corpus reuse count.
PO_0009032	petal	PATO_0001436	sessile (sensu botany)	petal sessile (sensu botany)	reusable_phenotype	false	9	9	4	0	0				approved	https://orcid.org/0000-0001-8149-5890	2026-07-17	Approved by Robert Hoehndorf as reusable, irrespective of current corpus reuse count.
PO_0009043	bracteole	PATO_0000119	height	bracteole height	reusable_trait	true	9	8	1	9	1				approved	https://orcid.org/0000-0001-8149-5890	2026-07-17	Approved by Robert Hoehndorf as reusable, irrespective of current corpus reuse count.
PO_0009072	plant ovary	PATO_0000622	erect	plant ovary erect	reusable_phenotype	false	9	9	6	0	1				approved	https://orcid.org/0000-0001-8149-5890	2026-07-17	Approved by Robert Hoehndorf as reusable, irrespective of current corpus reuse count.
PO_0020038	petiole	PATO_0000921	width	petiole width	reusable_trait	true	9	9	5	9	1				approved	https://orcid.org/0000-0001-8149-5890	2026-07-17	Approved by Robert Hoehndorf as reusable, irrespective of current corpus reuse count.
PO_0020041	stipule	PATO_0000119	height	stipule height	reusable_trait	true	9	9	2	9	0				approved	https://orcid.org/0000-0001-8149-5890	2026-07-17	Approved by Robert Hoehndorf as reusable, irrespective of current corpus reuse count.
PO_0020050	petiolule	PATO_0001320	pubescent hair	petiolule pubescent hair	reusable_phenotype	false	9	9	2	0	0				approved	https://orcid.org/0000-0001-8149-5890	2026-07-17	Approved by Robert Hoehndorf as reusable, irrespective of current corpus reuse count.
PO_0005848	secondary xylem	PATO_0000324	yellow	secondary xylem yellow	reusable_phenotype	false	8	8	6	0	0				approved	https://orcid.org/0000-0001-8149-5890	2026-07-17	Approved by Robert Hoehndorf as reusable, irrespective of current corpus reuse count.
PO_0008037	seedling	PATO_0000122	length	seedling length	reusable_trait	true	8	6	3	8	0				approved	https://orcid.org/0000-0001-8149-5890	2026-07-17	Approved by Robert Hoehndorf as reusable, irrespective of current corpus reuse count.
PO_0009029	stamen	PATO_0001320	pubescent hair	stamen pubescent hair	reusable_phenotype	false	8	8	5	0	2				approved	https://orcid.org/0000-0001-8149-5890	2026-07-17	Approved by Robert Hoehndorf as reusable, irrespective of current corpus reuse count.
PO_0009072	plant ovary	PATO_0000947	elliptic	plant ovary elliptic	reusable_phenotype	false	8	8	5	0	0				approved	https://orcid.org/0000-0001-8149-5890	2026-07-17	Approved by Robert Hoehndorf as reusable, irrespective of current corpus reuse count.
PO_0020039	leaf lamina	PATO_0000317	black	leaf lamina black	reusable_phenotype	false	8	8	1	0	0				approved	https://orcid.org/0000-0001-8149-5890	2026-07-17	Approved by Robert Hoehndorf as reusable, irrespective of current corpus reuse count.
PO_0020039	leaf lamina	PATO_0000701	smooth	leaf lamina smooth	reusable_phenotype	false	8	8	8	0	1				approved	https://orcid.org/0000-0001-8149-5890	2026-07-17	Approved by Robert Hoehndorf as reusable, irrespective of current corpus reuse count.
PO_0020075	mericarp	PATO_0000320	green	mericarp green	reusable_phenotype	false	8	8	1	0	0				approved	https://orcid.org/0000-0001-8149-5890	2026-07-17	Approved by Robert Hoehndorf as reusable, irrespective of current corpus reuse count.
PO_0020075	mericarp	PATO_0000946	oblong	mericarp oblong	reusable_phenotype	false	8	8	2	0	0				approved	https://orcid.org/0000-0001-8149-5890	2026-07-17	Approved by Robert Hoehndorf as reusable, irrespective of current corpus reuse count.
PO_0030112	pedicel	PATO_0001436	sessile (sensu botany)	pedicel sessile (sensu botany)	reusable_phenotype	false	8	8	2	0	0				approved	https://orcid.org/0000-0001-8149-5890	2026-07-17	Approved by Robert Hoehndorf as reusable, irrespective of current corpus reuse count.
PO_0000282	trichome	PATO_0000320	green	trichome green	reusable_phenotype	false	7	7	6	0	0				approved	https://orcid.org/0000-0001-8149-5890	2026-07-17	Approved by Robert Hoehndorf as reusable, irrespective of current corpus reuse count.
PO_0004518	bark	PATO_0000119	height	bark height	reusable_trait	true	7	6	4	7	0				approved	https://orcid.org/0000-0001-8149-5890	2026-07-17	Approved by Robert Hoehndorf as reusable, irrespective of current corpus reuse count.
PO_0009025	vascular leaf	PATO_0000701	smooth	vascular leaf smooth	reusable_phenotype	false	7	7	3	0	0				approved	https://orcid.org/0000-0001-8149-5890	2026-07-17	Approved by Robert Hoehndorf as reusable, irrespective of current corpus reuse count.
PO_0009029	stamen	PATO_0001436	sessile (sensu botany)	stamen sessile (sensu botany)	reusable_phenotype	false	7	7	3	0	0				approved	https://orcid.org/0000-0001-8149-5890	2026-07-17	Approved by Robert Hoehndorf as reusable, irrespective of current corpus reuse count.
PO_0009031	sepal	PATO_0104032	coriaceous	sepal coriaceous	reusable_phenotype	false	7	7	5	0	1				approved	https://orcid.org/0000-0001-8149-5890	2026-07-17	Approved by Robert Hoehndorf as reusable, irrespective of current corpus reuse count.
PO_0009060	calyx	PATO_0104032	coriaceous	calyx coriaceous	reusable_phenotype	false	7	7	4	0	0				approved	https://orcid.org/0000-0001-8149-5890	2026-07-17	Approved by Robert Hoehndorf as reusable, irrespective of current corpus reuse count.
PO_0009066	anther	PATO_0001320	pubescent hair	anther pubescent hair	reusable_phenotype	false	7	7	2	0	1				approved	https://orcid.org/0000-0001-8149-5890	2026-07-17	Approved by Robert Hoehndorf as reusable, irrespective of current corpus reuse count.
PO_0009068	connective	PATO_0000921	width	connective width	reusable_trait	true	7	7	1	7	0				approved	https://orcid.org/0000-0001-8149-5890	2026-07-17	Approved by Robert Hoehndorf as reusable, irrespective of current corpus reuse count.
PO_0009084	pericarp	PATO_0104032	coriaceous	pericarp coriaceous	reusable_phenotype	false	7	7	5	0	1				approved	https://orcid.org/0000-0001-8149-5890	2026-07-17	Approved by Robert Hoehndorf as reusable, irrespective of current corpus reuse count.
PO_0020075	mericarp	PATO_0002341	tomentose	mericarp tomentose	reusable_phenotype	false	7	7	1	0	0				approved	https://orcid.org/0000-0001-8149-5890	2026-07-17	Approved by Robert Hoehndorf as reusable, irrespective of current corpus reuse count.
PO_0025078	placenta	PATO_0001436	sessile (sensu botany)	placenta sessile (sensu botany)	reusable_phenotype	false	7	7	1	0	1				approved	https://orcid.org/0000-0001-8149-5890	2026-07-17	Approved by Robert Hoehndorf as reusable, irrespective of current corpus reuse count.
PO_0030107	achene fruit	PATO_0000323	white	achene fruit white	reusable_phenotype	false	7	7	1	0	0				approved	https://orcid.org/0000-0001-8149-5890	2026-07-17	Approved by Robert Hoehndorf as reusable, irrespective of current corpus reuse count.
PO_0030107	achene fruit	PATO_0000947	elliptic	achene fruit elliptic	reusable_phenotype	false	7	7	1	0	0				approved	https://orcid.org/0000-0001-8149-5890	2026-07-17	Approved by Robert Hoehndorf as reusable, irrespective of current corpus reuse count.
PO_0009025	vascular leaf	PATO_0001334	diameter	vascular leaf diameter	reusable_trait	true	6	6	3	6	0				approved	https://orcid.org/0000-0001-8149-5890	2026-07-17	Approved by Robert Hoehndorf as reusable, irrespective of current corpus reuse count.
PO_0009053	peduncle	PATO_0000921	width	peduncle width	reusable_trait	true	6	6	4	6	0				approved	https://orcid.org/0000-0001-8149-5890	2026-07-17	Approved by Robert Hoehndorf as reusable, irrespective of current corpus reuse count.
PO_0009053	peduncle	PATO_0001436	sessile (sensu botany)	peduncle sessile (sensu botany)	reusable_phenotype	false	6	6	2	0	0				approved	https://orcid.org/0000-0001-8149-5890	2026-07-17	Approved by Robert Hoehndorf as reusable, irrespective of current corpus reuse count.
PO_0020039	leaf lamina	PATO_0001436	sessile (sensu botany)	leaf lamina sessile (sensu botany)	reusable_phenotype	false	6	6	4	0	0				approved	https://orcid.org/0000-0001-8149-5890	2026-07-17	Approved by Robert Hoehndorf as reusable, irrespective of current corpus reuse count.
PO_0020075	mericarp	PATO_0000701	smooth	mericarp smooth	reusable_phenotype	false	6	6	2	0	0				approved	https://orcid.org/0000-0001-8149-5890	2026-07-17	Approved by Robert Hoehndorf as reusable, irrespective of current corpus reuse count.
PO_0020075	mericarp	PATO_0000947	elliptic	mericarp elliptic	reusable_phenotype	false	6	6	1	0	1				approved	https://orcid.org/0000-0001-8149-5890	2026-07-17	Approved by Robert Hoehndorf as reusable, irrespective of current corpus reuse count.
PO_0020075	mericarp	PATO_0000952	brown	mericarp brown	reusable_phenotype	false	6	6	2	0	0				approved	https://orcid.org/0000-0001-8149-5890	2026-07-17	Approved by Robert Hoehndorf as reusable, irrespective of current corpus reuse count.
PO_0025073	branch	PATO_0000317	black	branch black	reusable_phenotype	false	6	6	3	0	0				approved	https://orcid.org/0000-0001-8149-5890	2026-07-17	Approved by Robert Hoehndorf as reusable, irrespective of current corpus reuse count.
PO_0025078	placenta	PATO_0000947	elliptic	placenta elliptic	reusable_phenotype	false	6	6	1	0	0				approved	https://orcid.org/0000-0001-8149-5890	2026-07-17	Approved by Robert Hoehndorf as reusable, irrespective of current corpus reuse count.
PO_0030112	pedicel	PATO_0000119	height	pedicel height	reusable_trait	true	6	5	3	6	1				approved	https://orcid.org/0000-0001-8149-5890	2026-07-17	Approved by Robert Hoehndorf as reusable, irrespective of current corpus reuse count.
PO_0030115	raceme inflorescence	PATO_0000122	length	raceme inflorescence length	reusable_trait	true	6	6	3	6	0				approved	https://orcid.org/0000-0001-8149-5890	2026-07-17	Approved by Robert Hoehndorf as reusable, irrespective of current corpus reuse count.
PO_0000003	whole plant	PATO_0000317	black	whole plant black	reusable_phenotype	false	5	5	2	0	0				approved	https://orcid.org/0000-0001-8149-5890	2026-07-17	Approved by Robert Hoehndorf as reusable, irrespective of current corpus reuse count.
PO_0000056	flower bud	PATO_0000324	yellow	flower bud yellow	reusable_phenotype	false	5	5	4	0	0				approved	https://orcid.org/0000-0001-8149-5890	2026-07-17	Approved by Robert Hoehndorf as reusable, irrespective of current corpus reuse count.
PO_0000056	flower bud	PATO_0001199	linear	flower bud linear	reusable_phenotype	false	5	5	3	0	1				approved	https://orcid.org/0000-0001-8149-5890	2026-07-17	Approved by Robert Hoehndorf as reusable, irrespective of current corpus reuse count.
PO_0000056	flower bud	PATO_0001982	attenuate	flower bud attenuate	reusable_phenotype	false	5	5	3	0	1				approved	https://orcid.org/0000-0001-8149-5890	2026-07-17	Approved by Robert Hoehndorf as reusable, irrespective of current corpus reuse count.
PO_0009029	stamen	PATO_0000119	height	stamen height	reusable_trait	true	5	5	2	5	0				approved	https://orcid.org/0000-0001-8149-5890	2026-07-17	Approved by Robert Hoehndorf as reusable, irrespective of current corpus reuse count.
PO_0009072	plant ovary	PATO_0000317	black	plant ovary black	reusable_phenotype	false	5	5	2	0	0				approved	https://orcid.org/0000-0001-8149-5890	2026-07-17	Approved by Robert Hoehndorf as reusable, irrespective of current corpus reuse count.
PO_0009072	plant ovary	PATO_0002358	ridged	plant ovary ridged	reusable_phenotype	false	5	5	4	0	1				approved	https://orcid.org/0000-0001-8149-5890	2026-07-17	Approved by Robert Hoehndorf as reusable, irrespective of current corpus reuse count.
PO_0020041	stipule	PATO_0001334	diameter	stipule diameter	reusable_trait	true	5	5	2	5	1				approved	https://orcid.org/0000-0001-8149-5890	2026-07-17	Approved by Robert Hoehndorf as reusable, irrespective of current corpus reuse count.
PO_0025228	valve	PATO_0000921	width	valve width	reusable_trait	true	5	5	3	5	0				approved	https://orcid.org/0000-0001-8149-5890	2026-07-17	Approved by Robert Hoehndorf as reusable, irrespective of current corpus reuse count.
PO_0030112	pedicel	PATO_0000701	smooth	pedicel smooth	reusable_phenotype	false	5	5	1	0	0				approved	https://orcid.org/0000-0001-8149-5890	2026-07-17	Approved by Robert Hoehndorf as reusable, irrespective of current corpus reuse count.
PO_0030112	pedicel	PATO_0000915	thickness	pedicel thickness	reusable_trait	true	5	5	3	5	0				approved	https://orcid.org/0000-0001-8149-5890	2026-07-17	Approved by Robert Hoehndorf as reusable, irrespective of current corpus reuse count.
PO_0030112	pedicel	PATO_0001199	linear	pedicel linear	reusable_phenotype	false	5	5	3	0	0				approved	https://orcid.org/0000-0001-8149-5890	2026-07-17	Approved by Robert Hoehndorf as reusable, irrespective of current corpus reuse count.
PO_0030112	pedicel	PATO_0001877	lanceolate	pedicel lanceolate	reusable_phenotype	false	5	5	4	0	0				approved	https://orcid.org/0000-0001-8149-5890	2026-07-17	Approved by Robert Hoehndorf as reusable, irrespective of current corpus reuse count.
PO_0000056	flower bud	PATO_0000322	red	flower bud red	reusable_phenotype	false	4	4	4	0	1				approved	https://orcid.org/0000-0001-8149-5890	2026-07-17	Approved by Robert Hoehndorf as reusable, irrespective of current corpus reuse count.
PO_0000056	flower bud	PATO_0001436	sessile (sensu botany)	flower bud sessile (sensu botany)	reusable_phenotype	false	4	4	4	0	0				approved	https://orcid.org/0000-0001-8149-5890	2026-07-17	Approved by Robert Hoehndorf as reusable, irrespective of current corpus reuse count.
PO_0000056	flower bud	PATO_0002228	acuminate	flower bud acuminate	reusable_phenotype	false	4	4	4	0	0				approved	https://orcid.org/0000-0001-8149-5890	2026-07-17	Approved by Robert Hoehndorf as reusable, irrespective of current corpus reuse count.
PO_0004542	rhizome	PATO_0000119	height	rhizome height	reusable_trait	true	4	4	3	4	0				approved	https://orcid.org/0000-0001-8149-5890	2026-07-17	Approved by Robert Hoehndorf as reusable, irrespective of current corpus reuse count.
PO_0006002	lower glume	PATO_0104032	coriaceous	lower glume coriaceous	reusable_phenotype	false	4	4	1	0	0				approved	https://orcid.org/0000-0001-8149-5890	2026-07-17	Approved by Robert Hoehndorf as reusable, irrespective of current corpus reuse count.
PO_0009010	seed	PATO_0104032	coriaceous	seed coriaceous	reusable_phenotype	false	4	4	3	0	0				approved	https://orcid.org/0000-0001-8149-5890	2026-07-17	Approved by Robert Hoehndorf as reusable, irrespective of current corpus reuse count.
PO_0009032	petal	PATO_0104032	coriaceous	petal coriaceous	reusable_phenotype	false	4	4	2	0	0				approved	https://orcid.org/0000-0001-8149-5890	2026-07-17	Approved by Robert Hoehndorf as reusable, irrespective of current corpus reuse count.
PO_0009051	spikelet	PATO_0001320	pubescent hair	spikelet pubescent hair	reusable_phenotype	false	4	3	1	0	1				approved	https://orcid.org/0000-0001-8149-5890	2026-07-17	Approved by Robert Hoehndorf as reusable, irrespective of current corpus reuse count.
PO_0009059	corolla	PATO_0001436	sessile (sensu botany)	corolla sessile (sensu botany)	reusable_phenotype	false	4	4	3	0	0				approved	https://orcid.org/0000-0001-8149-5890	2026-07-17	Approved by Robert Hoehndorf as reusable, irrespective of current corpus reuse count.
PO_0009059	corolla	PATO_0104032	coriaceous	corolla coriaceous	reusable_phenotype	false	4	4	1	0	0				approved	https://orcid.org/0000-0001-8149-5890	2026-07-17	Approved by Robert Hoehndorf as reusable, irrespective of current corpus reuse count.
PO_0009072	plant ovary	PATO_0000322	red	plant ovary red	reusable_phenotype	false	4	4	4	0	0				approved	https://orcid.org/0000-0001-8149-5890	2026-07-17	Approved by Robert Hoehndorf as reusable, irrespective of current corpus reuse count.
PO_0009072	plant ovary	PATO_0000324	yellow	plant ovary yellow	reusable_phenotype	false	4	4	4	0	0				approved	https://orcid.org/0000-0001-8149-5890	2026-07-17	Approved by Robert Hoehndorf as reusable, irrespective of current corpus reuse count.
PO_0009072	plant ovary	PATO_0001935	obtuse	plant ovary obtuse	reusable_phenotype	false	4	4	4	0	0				approved	https://orcid.org/0000-0001-8149-5890	2026-07-17	Approved by Robert Hoehndorf as reusable, irrespective of current corpus reuse count.
PO_0009073	stigma	PATO_0000921	width	stigma width	reusable_trait	true	4	4	3	4	0				approved	https://orcid.org/0000-0001-8149-5890	2026-07-17	Approved by Robert Hoehndorf as reusable, irrespective of current corpus reuse count.
PO_0009073	stigma	PATO_0005014	subspherical	stigma subspherical	reusable_phenotype	false	4	4	3	0	0				approved	https://orcid.org/0000-0001-8149-5890	2026-07-17	Approved by Robert Hoehndorf as reusable, irrespective of current corpus reuse count.
PO_0009084	pericarp	PATO_0000921	width	pericarp width	reusable_trait	true	4	4	1	4	0				approved	https://orcid.org/0000-0001-8149-5890	2026-07-17	Approved by Robert Hoehndorf as reusable, irrespective of current corpus reuse count.
PO_0020038	petiole	PATO_0001436	sessile (sensu botany)	petiole sessile (sensu botany)	reusable_phenotype	false	4	4	1	0	0				approved	https://orcid.org/0000-0001-8149-5890	2026-07-17	Approved by Robert Hoehndorf as reusable, irrespective of current corpus reuse count.
PO_0020039	leaf lamina	PATO_0000323	white	leaf lamina white	reusable_phenotype	false	4	4	4	0	0				approved	https://orcid.org/0000-0001-8149-5890	2026-07-17	Approved by Robert Hoehndorf as reusable, irrespective of current corpus reuse count.
PO_0020039	leaf lamina	PATO_0000622	erect	leaf lamina erect	reusable_phenotype	false	4	4	3	0	0				approved	https://orcid.org/0000-0001-8149-5890	2026-07-17	Approved by Robert Hoehndorf as reusable, irrespective of current corpus reuse count.
PO_0020041	stipule	PATO_0104032	coriaceous	stipule coriaceous	reusable_phenotype	false	4	4	4	0	1				approved	https://orcid.org/0000-0001-8149-5890	2026-07-17	Approved by Robert Hoehndorf as reusable, irrespective of current corpus reuse count.
PO_0020075	mericarp	PATO_0001334	diameter	mericarp diameter	reusable_trait	true	4	4	3	4	0				approved	https://orcid.org/0000-0001-8149-5890	2026-07-17	Approved by Robert Hoehndorf as reusable, irrespective of current corpus reuse count.
PO_0025073	branch	PATO_0001436	sessile (sensu botany)	branch sessile (sensu botany)	reusable_phenotype	false	4	4	2	0	0				approved	https://orcid.org/0000-0001-8149-5890	2026-07-17	Approved by Robert Hoehndorf as reusable, irrespective of current corpus reuse count.
PO_0030107	achene fruit	PATO_0000453	glabrous	achene fruit glabrous	reusable_phenotype	false	4	4	1	0	0				approved	https://orcid.org/0000-0001-8149-5890	2026-07-17	Approved by Robert Hoehndorf as reusable, irrespective of current corpus reuse count.
PO_0030117	spike inflorescence	PATO_0000122	length	spike inflorescence length	reusable_trait	true	4	4	1	4	0				approved	https://orcid.org/0000-0001-8149-5890	2026-07-17	Approved by Robert Hoehndorf as reusable, irrespective of current corpus reuse count.
PO_0030117	spike inflorescence	PATO_0001320	pubescent hair	spike inflorescence pubescent hair	reusable_phenotype	false	4	4	2	0	0				approved	https://orcid.org/0000-0001-8149-5890	2026-07-17	Approved by Robert Hoehndorf as reusable, irrespective of current corpus reuse count.
PO_0000003	whole plant	PATO_0000921	width	whole plant width	reusable_trait	true	3	3	3	3	0				approved	https://orcid.org/0000-0001-8149-5890	2026-07-17	Approved by Robert Hoehndorf as reusable, irrespective of current corpus reuse count.
PO_0000003	whole plant	PATO_0005014	subspherical	whole plant subspherical	reusable_phenotype	false	3	3	1	0	0				approved	https://orcid.org/0000-0001-8149-5890	2026-07-17	Approved by Robert Hoehndorf as reusable, irrespective of current corpus reuse count.
PO_0000055	bud	PATO_0001320	pubescent hair	bud pubescent hair	reusable_phenotype	false	3	3	3	0	0				approved	https://orcid.org/0000-0001-8149-5890	2026-07-17	Approved by Robert Hoehndorf as reusable, irrespective of current corpus reuse count.
PO_0000056	flower bud	PATO_0000947	elliptic	flower bud elliptic	reusable_phenotype	false	3	3	3	0	0				approved	https://orcid.org/0000-0001-8149-5890	2026-07-17	Approved by Robert Hoehndorf as reusable, irrespective of current corpus reuse count.
PO_0004513	sapwood	PATO_0000317	black	sapwood black	reusable_phenotype	false	3	3	1	0	2				approved	https://orcid.org/0000-0001-8149-5890	2026-07-17	Approved by Robert Hoehndorf as reusable, irrespective of current corpus reuse count.
PO_0004542	rhizome	PATO_0001320	pubescent hair	rhizome pubescent hair	reusable_phenotype	false	3	2	2	0	1				approved	https://orcid.org/0000-0001-8149-5890	2026-07-17	Approved by Robert Hoehndorf as reusable, irrespective of current corpus reuse count.
PO_0005848	secondary xylem	PATO_0000323	white	secondary xylem white	reusable_phenotype	false	3	2	2	0	0				approved	https://orcid.org/0000-0001-8149-5890	2026-07-17	Approved by Robert Hoehndorf as reusable, irrespective of current corpus reuse count.
PO_0009025	vascular leaf	PATO_0000317	black	vascular leaf black	reusable_phenotype	false	3	3	2	0	0				approved	https://orcid.org/0000-0001-8149-5890	2026-07-17	Approved by Robert Hoehndorf as reusable, irrespective of current corpus reuse count.
PO_0009033	tepal	PATO_0000119	height	tepal height	reusable_trait	true	3	3	1	3	0				approved	https://orcid.org/0000-0001-8149-5890	2026-07-17	Approved by Robert Hoehndorf as reusable, irrespective of current corpus reuse count.
PO_0009039	glume	PATO_0001320	pubescent hair	glume pubescent hair	reusable_phenotype	false	3	3	1	0	1				approved	https://orcid.org/0000-0001-8149-5890	2026-07-17	Approved by Robert Hoehndorf as reusable, irrespective of current corpus reuse count.
PO_0009041	fertile lemma	PATO_0001320	pubescent hair	fertile lemma pubescent hair	reusable_phenotype	false	3	3	1	0	0				approved	https://orcid.org/0000-0001-8149-5890	2026-07-17	Approved by Robert Hoehndorf as reusable, irrespective of current corpus reuse count.
PO_0009043	bracteole	PATO_0001436	sessile (sensu botany)	bracteole sessile (sensu botany)	reusable_phenotype	false	3	3	2	0	0				approved	https://orcid.org/0000-0001-8149-5890	2026-07-17	Approved by Robert Hoehndorf as reusable, irrespective of current corpus reuse count.
PO_0009047	stem	PATO_0001436	sessile (sensu botany)	stem sessile (sensu botany)	reusable_phenotype	false	3	3	2	0	0				approved	https://orcid.org/0000-0001-8149-5890	2026-07-17	Approved by Robert Hoehndorf as reusable, irrespective of current corpus reuse count.
PO_0009051	spikelet	PATO_0001436	sessile (sensu botany)	spikelet sessile (sensu botany)	reusable_phenotype	false	3	3	2	0	0				approved	https://orcid.org/0000-0001-8149-5890	2026-07-17	Approved by Robert Hoehndorf as reusable, irrespective of current corpus reuse count.
PO_0009072	plant ovary	PATO_0000915	thickness	plant ovary thickness	reusable_trait	true	3	3	3	3	1				approved	https://orcid.org/0000-0001-8149-5890	2026-07-17	Approved by Robert Hoehndorf as reusable, irrespective of current corpus reuse count.
PO_0009072	plant ovary	PATO_0000952	brown	plant ovary brown	reusable_phenotype	false	3	3	3	0	0				approved	https://orcid.org/0000-0001-8149-5890	2026-07-17	Approved by Robert Hoehndorf as reusable, irrespective of current corpus reuse count.
PO_0009072	plant ovary	PATO_0002228	acuminate	plant ovary acuminate	reusable_phenotype	false	3	3	3	0	0				approved	https://orcid.org/0000-0001-8149-5890	2026-07-17	Approved by Robert Hoehndorf as reusable, irrespective of current corpus reuse count.
PO_0009074	style	PATO_0001436	sessile (sensu botany)	style sessile (sensu botany)	reusable_phenotype	false	3	3	1	0	0				approved	https://orcid.org/0000-0001-8149-5890	2026-07-17	Approved by Robert Hoehndorf as reusable, irrespective of current corpus reuse count.
PO_0009077	staminode	PATO_0000323	white	staminode white	reusable_phenotype	false	3	3	1	0	0				approved	https://orcid.org/0000-0001-8149-5890	2026-07-17	Approved by Robert Hoehndorf as reusable, irrespective of current corpus reuse count.
PO_0009077	staminode	PATO_0001436	sessile (sensu botany)	staminode sessile (sensu botany)	reusable_phenotype	false	3	3	3	0	1				approved	https://orcid.org/0000-0001-8149-5890	2026-07-17	Approved by Robert Hoehndorf as reusable, irrespective of current corpus reuse count.
PO_0020019	megaspore	PATO_0000324	yellow	megaspore yellow	reusable_phenotype	false	3	3	1	0	0				approved	https://orcid.org/0000-0001-8149-5890	2026-07-17	Approved by Robert Hoehndorf as reusable, irrespective of current corpus reuse count.
PO_0020075	mericarp	PATO_0000322	red	mericarp red	reusable_phenotype	false	3	3	1	0	0				approved	https://orcid.org/0000-0001-8149-5890	2026-07-17	Approved by Robert Hoehndorf as reusable, irrespective of current corpus reuse count.
PO_0020075	mericarp	PATO_0001320	pubescent hair	mericarp pubescent hair	reusable_phenotype	false	3	3	1	0	0				approved	https://orcid.org/0000-0001-8149-5890	2026-07-17	Approved by Robert Hoehndorf as reusable, irrespective of current corpus reuse count.
PO_0020104	leaf sheath	PATO_0001320	pubescent hair	leaf sheath pubescent hair	reusable_phenotype	false	3	3	1	0	2				approved	https://orcid.org/0000-0001-8149-5890	2026-07-17	Approved by Robert Hoehndorf as reusable, irrespective of current corpus reuse count.
PO_0025078	placenta	PATO_0000119	height	placenta height	reusable_trait	true	3	3	1	3	0				approved	https://orcid.org/0000-0001-8149-5890	2026-07-17	Approved by Robert Hoehndorf as reusable, irrespective of current corpus reuse count.
PO_0025228	valve	PATO_0000119	height	valve height	reusable_trait	true	3	3	1	3	1				approved	https://orcid.org/0000-0001-8149-5890	2026-07-17	Approved by Robert Hoehndorf as reusable, irrespective of current corpus reuse count.
PO_0025228	valve	PATO_0104032	coriaceous	valve coriaceous	reusable_phenotype	false	3	3	3	0	0				approved	https://orcid.org/0000-0001-8149-5890	2026-07-17	Approved by Robert Hoehndorf as reusable, irrespective of current corpus reuse count.
PO_0030102	nut fruit	PATO_0000119	height	nut fruit height	reusable_trait	true	3	3	1	3	0				approved	https://orcid.org/0000-0001-8149-5890	2026-07-17	Approved by Robert Hoehndorf as reusable, irrespective of current corpus reuse count.
PO_0030102	nut fruit	PATO_0001334	diameter	nut fruit diameter	reusable_trait	true	3	3	1	3	0				approved	https://orcid.org/0000-0001-8149-5890	2026-07-17	Approved by Robert Hoehndorf as reusable, irrespective of current corpus reuse count.
PO_0030107	achene fruit	PATO_0000317	black	achene fruit black	reusable_phenotype	false	3	3	2	0	1				approved	https://orcid.org/0000-0001-8149-5890	2026-07-17	Approved by Robert Hoehndorf as reusable, irrespective of current corpus reuse count.
PO_0030112	pedicel	PATO_0000952	brown	pedicel brown	reusable_phenotype	false	3	3	3	0	0				approved	https://orcid.org/0000-0001-8149-5890	2026-07-17	Approved by Robert Hoehndorf as reusable, irrespective of current corpus reuse count.
PO_0030115	raceme inflorescence	PATO_0001320	pubescent hair	raceme inflorescence pubescent hair	reusable_phenotype	false	3	3	2	0	0				approved	https://orcid.org/0000-0001-8149-5890	2026-07-17	Approved by Robert Hoehndorf as reusable, irrespective of current corpus reuse count.
PO_0030117	spike inflorescence	PATO_0000453	glabrous	spike inflorescence glabrous	reusable_phenotype	false	3	3	2	0	0				approved	https://orcid.org/0000-0001-8149-5890	2026-07-17	Approved by Robert Hoehndorf as reusable, irrespective of current corpus reuse count.
PO_0030123	panicle inflorescence	PATO_0001320	pubescent hair	panicle inflorescence pubescent hair	reusable_phenotype	false	3	3	3	0	0				approved	https://orcid.org/0000-0001-8149-5890	2026-07-17	Approved by Robert Hoehndorf as reusable, irrespective of current corpus reuse count.
PO_0000056	flower bud	PATO_0000701	smooth	flower bud smooth	reusable_phenotype	false	2	2	1	0	0				approved	https://orcid.org/0000-0001-8149-5890	2026-07-17	Approved by Robert Hoehndorf as reusable, irrespective of current corpus reuse count.
PO_0000056	flower bud	PATO_0000952	brown	flower bud brown	reusable_phenotype	false	2	2	2	0	0				approved	https://orcid.org/0000-0001-8149-5890	2026-07-17	Approved by Robert Hoehndorf as reusable, irrespective of current corpus reuse count.
PO_0000056	flower bud	PATO_0104032	coriaceous	flower bud coriaceous	reusable_phenotype	false	2	2	2	0	0				approved	https://orcid.org/0000-0001-8149-5890	2026-07-17	Approved by Robert Hoehndorf as reusable, irrespective of current corpus reuse count.
PO_0004701	short shoot	PATO_0005014	subspherical	short shoot subspherical	reusable_phenotype	false	2	2	1	0	0				approved	https://orcid.org/0000-0001-8149-5890	2026-07-17	Approved by Robert Hoehndorf as reusable, irrespective of current corpus reuse count.
PO_0006002	lower glume	PATO_0001436	sessile (sensu botany)	lower glume sessile (sensu botany)	reusable_phenotype	false	2	2	1	0	0				approved	https://orcid.org/0000-0001-8149-5890	2026-07-17	Approved by Robert Hoehndorf as reusable, irrespective of current corpus reuse count.
PO_0006342	infructescence	PATO_0001320	pubescent hair	infructescence pubescent hair	reusable_phenotype	false	2	2	2	0	0				approved	https://orcid.org/0000-0001-8149-5890	2026-07-17	Approved by Robert Hoehndorf as reusable, irrespective of current corpus reuse count.
PO_0008037	seedling	PATO_0000453	glabrous	seedling glabrous	reusable_phenotype	false	2	2	2	0	0				approved	https://orcid.org/0000-0001-8149-5890	2026-07-17	Approved by Robert Hoehndorf as reusable, irrespective of current corpus reuse count.
PO_0008037	seedling	PATO_0001320	pubescent hair	seedling pubescent hair	reusable_phenotype	false	2	2	1	0	0				approved	https://orcid.org/0000-0001-8149-5890	2026-07-17	Approved by Robert Hoehndorf as reusable, irrespective of current corpus reuse count.
PO_0008037	seedling	PATO_0002358	ridged	seedling ridged	reusable_phenotype	false	2	2	1	0	0				approved	https://orcid.org/0000-0001-8149-5890	2026-07-17	Approved by Robert Hoehndorf as reusable, irrespective of current corpus reuse count.
PO_0009026	sporophyll	PATO_0002228	acuminate	sporophyll acuminate	reusable_phenotype	false	2	2	1	0	1				approved	https://orcid.org/0000-0001-8149-5890	2026-07-17	Approved by Robert Hoehndorf as reusable, irrespective of current corpus reuse count.
PO_0009030	carpel	PATO_0005014	subspherical	carpel subspherical	reusable_phenotype	false	2	2	1	0	0				approved	https://orcid.org/0000-0001-8149-5890	2026-07-17	Approved by Robert Hoehndorf as reusable, irrespective of current corpus reuse count.
PO_0009037	lemma	PATO_0104032	coriaceous	lemma coriaceous	reusable_phenotype	false	2	2	1	0	0				approved	https://orcid.org/0000-0001-8149-5890	2026-07-17	Approved by Robert Hoehndorf as reusable, irrespective of current corpus reuse count.
PO_0009043	bracteole	PATO_0000322	red	bracteole red	reusable_phenotype	false	2	2	2	0	0				approved	https://orcid.org/0000-0001-8149-5890	2026-07-17	Approved by Robert Hoehndorf as reusable, irrespective of current corpus reuse count.
PO_0009055	bract	PATO_0000119	height	bract height	reusable_trait	true	2	2	2	2	0				approved	https://orcid.org/0000-0001-8149-5890	2026-07-17	Approved by Robert Hoehndorf as reusable, irrespective of current corpus reuse count.
PO_0009060	calyx	PATO_0001436	sessile (sensu botany)	calyx sessile (sensu botany)	reusable_phenotype	false	2	2	2	0	1				approved	https://orcid.org/0000-0001-8149-5890	2026-07-17	Approved by Robert Hoehndorf as reusable, irrespective of current corpus reuse count.
PO_0009060	calyx	PATO_0002358	ridged	calyx ridged	reusable_phenotype	false	2	2	2	0	0				approved	https://orcid.org/0000-0001-8149-5890	2026-07-17	Approved by Robert Hoehndorf as reusable, irrespective of current corpus reuse count.
PO_0009061	androecium	PATO_0000119	height	androecium height	reusable_trait	true	2	2	1	2	0				approved	https://orcid.org/0000-0001-8149-5890	2026-07-17	Approved by Robert Hoehndorf as reusable, irrespective of current corpus reuse count.
PO_0009061	androecium	PATO_0001436	sessile (sensu botany)	androecium sessile (sensu botany)	reusable_phenotype	false	2	2	1	0	0				approved	https://orcid.org/0000-0001-8149-5890	2026-07-17	Approved by Robert Hoehndorf as reusable, irrespective of current corpus reuse count.
PO_0009064	receptacle	PATO_0005014	subspherical	receptacle subspherical	reusable_phenotype	false	2	2	1	0	0				approved	https://orcid.org/0000-0001-8149-5890	2026-07-17	Approved by Robert Hoehndorf as reusable, irrespective of current corpus reuse count.
PO_0009064	receptacle	PATO_0104032	coriaceous	receptacle coriaceous	reusable_phenotype	false	2	2	1	0	1				approved	https://orcid.org/0000-0001-8149-5890	2026-07-17	Approved by Robert Hoehndorf as reusable, irrespective of current corpus reuse count.
PO_0009068	connective	PATO_0000119	height	connective height	reusable_trait	true	2	2	2	2	0				approved	https://orcid.org/0000-0001-8149-5890	2026-07-17	Approved by Robert Hoehndorf as reusable, irrespective of current corpus reuse count.
PO_0009068	connective	PATO_0104032	coriaceous	connective coriaceous	reusable_phenotype	false	2	2	1	0	0				approved	https://orcid.org/0000-0001-8149-5890	2026-07-17	Approved by Robert Hoehndorf as reusable, irrespective of current corpus reuse count.
PO_0009072	plant ovary	PATO_0000323	white	plant ovary white	reusable_phenotype	false	2	2	1	0	0				approved	https://orcid.org/0000-0001-8149-5890	2026-07-17	Approved by Robert Hoehndorf as reusable, irrespective of current corpus reuse count.
PO_0009072	plant ovary	PATO_0001982	attenuate	plant ovary attenuate	reusable_phenotype	false	2	2	2	0	0				approved	https://orcid.org/0000-0001-8149-5890	2026-07-17	Approved by Robert Hoehndorf as reusable, irrespective of current corpus reuse count.
PO_0009074	style	PATO_0000921	width	style width	reusable_trait	true	2	2	2	2	0				approved	https://orcid.org/0000-0001-8149-5890	2026-07-17	Approved by Robert Hoehndorf as reusable, irrespective of current corpus reuse count.
PO_0009077	staminode	PATO_0000119	height	staminode height	reusable_trait	true	2	2	2	2	1				approved	https://orcid.org/0000-0001-8149-5890	2026-07-17	Approved by Robert Hoehndorf as reusable, irrespective of current corpus reuse count.
PO_0009077	staminode	PATO_0000921	width	staminode width	reusable_trait	true	2	2	2	2	0				approved	https://orcid.org/0000-0001-8149-5890	2026-07-17	Approved by Robert Hoehndorf as reusable, irrespective of current corpus reuse count.
PO_0009084	pericarp	PATO_0001320	pubescent hair	pericarp pubescent hair	reusable_phenotype	false	2	2	2	0	1				approved	https://orcid.org/0000-0001-8149-5890	2026-07-17	Approved by Robert Hoehndorf as reusable, irrespective of current corpus reuse count.
PO_0009085	exocarp	PATO_0104032	coriaceous	exocarp coriaceous	reusable_phenotype	false	2	2	2	0	0				approved	https://orcid.org/0000-0001-8149-5890	2026-07-17	Approved by Robert Hoehndorf as reusable, irrespective of current corpus reuse count.
PO_0009086	endocarp	PATO_0104032	coriaceous	endocarp coriaceous	reusable_phenotype	false	2	2	2	0	1				approved	https://orcid.org/0000-0001-8149-5890	2026-07-17	Approved by Robert Hoehndorf as reusable, irrespective of current corpus reuse count.
PO_0009090	aril	PATO_0000119	height	aril height	reusable_trait	true	2	2	2	2	0				approved	https://orcid.org/0000-0001-8149-5890	2026-07-17	Approved by Robert Hoehndorf as reusable, irrespective of current corpus reuse count.
PO_0009090	aril	PATO_0000921	width	aril width	reusable_trait	true	2	2	2	2	0				approved	https://orcid.org/0000-0001-8149-5890	2026-07-17	Approved by Robert Hoehndorf as reusable, irrespective of current corpus reuse count.
PO_0009090	aril	PATO_0104032	coriaceous	aril coriaceous	reusable_phenotype	false	2	2	2	0	0				approved	https://orcid.org/0000-0001-8149-5890	2026-07-17	Approved by Robert Hoehndorf as reusable, irrespective of current corpus reuse count.
PO_0020039	leaf lamina	PATO_0000322	red	leaf lamina red	reusable_phenotype	false	2	2	2	0	0				approved	https://orcid.org/0000-0001-8149-5890	2026-07-17	Approved by Robert Hoehndorf as reusable, irrespective of current corpus reuse count.
PO_0020041	stipule	PATO_0000322	red	stipule red	reusable_phenotype	false	2	2	2	0	1				approved	https://orcid.org/0000-0001-8149-5890	2026-07-17	Approved by Robert Hoehndorf as reusable, irrespective of current corpus reuse count.
PO_0020057	testa	PATO_0001320	pubescent hair	testa pubescent hair	reusable_phenotype	false	2	2	2	0	0				approved	https://orcid.org/0000-0001-8149-5890	2026-07-17	Approved by Robert Hoehndorf as reusable, irrespective of current corpus reuse count.
PO_0020057	testa	PATO_0104032	coriaceous	testa coriaceous	reusable_phenotype	false	2	2	1	0	0				approved	https://orcid.org/0000-0001-8149-5890	2026-07-17	Approved by Robert Hoehndorf as reusable, irrespective of current corpus reuse count.
PO_0020075	mericarp	PATO_0000324	yellow	mericarp yellow	reusable_phenotype	false	2	2	1	0	0				approved	https://orcid.org/0000-0001-8149-5890	2026-07-17	Approved by Robert Hoehndorf as reusable, irrespective of current corpus reuse count.
PO_0020075	mericarp	PATO_0001499	spherical	mericarp spherical	reusable_phenotype	false	2	2	2	0	0				approved	https://orcid.org/0000-0001-8149-5890	2026-07-17	Approved by Robert Hoehndorf as reusable, irrespective of current corpus reuse count.
PO_0020075	mericarp	PATO_0005014	subspherical	mericarp subspherical	reusable_phenotype	false	2	2	1	0	0				approved	https://orcid.org/0000-0001-8149-5890	2026-07-17	Approved by Robert Hoehndorf as reusable, irrespective of current corpus reuse count.
PO_0020122	inflorescence axis	PATO_0001320	pubescent hair	inflorescence axis pubescent hair	reusable_phenotype	false	2	2	1	0	0				approved	https://orcid.org/0000-0001-8149-5890	2026-07-17	Approved by Robert Hoehndorf as reusable, irrespective of current corpus reuse count.
PO_0025078	placenta	PATO_0001199	linear	placenta linear	reusable_phenotype	false	2	2	2	0	0				approved	https://orcid.org/0000-0001-8149-5890	2026-07-17	Approved by Robert Hoehndorf as reusable, irrespective of current corpus reuse count.
PO_0025078	placenta	PATO_0001499	spherical	placenta spherical	reusable_phenotype	false	2	2	2	0	0				approved	https://orcid.org/0000-0001-8149-5890	2026-07-17	Approved by Robert Hoehndorf as reusable, irrespective of current corpus reuse count.
PO_0025083	strobilus	PATO_0001334	diameter	strobilus diameter	reusable_trait	true	2	2	1	2	0				approved	https://orcid.org/0000-0001-8149-5890	2026-07-17	Approved by Robert Hoehndorf as reusable, irrespective of current corpus reuse count.
PO_0025224	axil	PATO_0001320	pubescent hair	axil pubescent hair	reusable_phenotype	false	2	2	1	0	1				approved	https://orcid.org/0000-0001-8149-5890	2026-07-17	Approved by Robert Hoehndorf as reusable, irrespective of current corpus reuse count.
PO_0025228	valve	PATO_0001320	pubescent hair	valve pubescent hair	reusable_phenotype	false	2	2	1	0	0				approved	https://orcid.org/0000-0001-8149-5890	2026-07-17	Approved by Robert Hoehndorf as reusable, irrespective of current corpus reuse count.
PO_0025228	valve	PATO_0005014	subspherical	valve subspherical	reusable_phenotype	false	2	2	2	0	0				approved	https://orcid.org/0000-0001-8149-5890	2026-07-17	Approved by Robert Hoehndorf as reusable, irrespective of current corpus reuse count.
PO_0025281	pollen	PATO_0000122	length	pollen length	reusable_trait	true	2	2	2	2	0				approved	https://orcid.org/0000-0001-8149-5890	2026-07-17	Approved by Robert Hoehndorf as reusable, irrespective of current corpus reuse count.
PO_0025359	sorus	PATO_0000122	length	sorus length	reusable_trait	true	2	2	1	2	0				approved	https://orcid.org/0000-0001-8149-5890	2026-07-17	Approved by Robert Hoehndorf as reusable, irrespective of current corpus reuse count.
PO_0030101	loment fruit	PATO_0000122	length	loment fruit length	reusable_trait	true	2	2	1	2	0				approved	https://orcid.org/0000-0001-8149-5890	2026-07-17	Approved by Robert Hoehndorf as reusable, irrespective of current corpus reuse count.
PO_0030101	loment fruit	PATO_0000946	oblong	loment fruit oblong	reusable_phenotype	false	2	2	1	0	0				approved	https://orcid.org/0000-0001-8149-5890	2026-07-17	Approved by Robert Hoehndorf as reusable, irrespective of current corpus reuse count.
PO_0030101	loment fruit	PATO_0001982	attenuate	loment fruit attenuate	reusable_phenotype	false	2	2	1	0	0				approved	https://orcid.org/0000-0001-8149-5890	2026-07-17	Approved by Robert Hoehndorf as reusable, irrespective of current corpus reuse count.
PO_0030106	silique fruit	PATO_0000122	length	silique fruit length	reusable_trait	true	2	2	1	2	0				approved	https://orcid.org/0000-0001-8149-5890	2026-07-17	Approved by Robert Hoehndorf as reusable, irrespective of current corpus reuse count.
PO_0030107	achene fruit	PATO_0000119	height	achene fruit height	reusable_trait	true	2	2	1	2	0				approved	https://orcid.org/0000-0001-8149-5890	2026-07-17	Approved by Robert Hoehndorf as reusable, irrespective of current corpus reuse count.
PO_0030107	achene fruit	PATO_0001334	diameter	achene fruit diameter	reusable_trait	true	2	2	2	2	0				approved	https://orcid.org/0000-0001-8149-5890	2026-07-17	Approved by Robert Hoehndorf as reusable, irrespective of current corpus reuse count.
PO_0030107	achene fruit	PATO_0001877	lanceolate	achene fruit lanceolate	reusable_phenotype	false	2	2	2	0	0				approved	https://orcid.org/0000-0001-8149-5890	2026-07-17	Approved by Robert Hoehndorf as reusable, irrespective of current corpus reuse count.
PO_0030112	pedicel	PATO_0000317	black	pedicel black	reusable_phenotype	false	2	2	2	0	0				approved	https://orcid.org/0000-0001-8149-5890	2026-07-17	Approved by Robert Hoehndorf as reusable, irrespective of current corpus reuse count.
PO_0030112	pedicel	PATO_0000323	white	pedicel white	reusable_phenotype	false	2	2	2	0	0				approved	https://orcid.org/0000-0001-8149-5890	2026-07-17	Approved by Robert Hoehndorf as reusable, irrespective of current corpus reuse count.
PO_0030112	pedicel	PATO_0001499	spherical	pedicel spherical	reusable_phenotype	false	2	2	2	0	0				approved	https://orcid.org/0000-0001-8149-5890	2026-07-17	Approved by Robert Hoehndorf as reusable, irrespective of current corpus reuse count.
PO_0030112	pedicel	PATO_0001982	attenuate	pedicel attenuate	reusable_phenotype	false	2	2	1	0	1				approved	https://orcid.org/0000-0001-8149-5890	2026-07-17	Approved by Robert Hoehndorf as reusable, irrespective of current corpus reuse count.
PO_0030112	pedicel	PATO_0002358	ridged	pedicel ridged	reusable_phenotype	false	2	2	2	0	0				approved	https://orcid.org/0000-0001-8149-5890	2026-07-17	Approved by Robert Hoehndorf as reusable, irrespective of current corpus reuse count.
PO_0030117	spike inflorescence	PATO_0002358	ridged	spike inflorescence ridged	reusable_phenotype	false	2	2	1	0	0				approved	https://orcid.org/0000-0001-8149-5890	2026-07-17	Approved by Robert Hoehndorf as reusable, irrespective of current corpus reuse count.
PO_0030121	capitulum inflorescence	PATO_0000122	length	capitulum inflorescence length	reusable_trait	true	2	1	1	2	0				approved	https://orcid.org/0000-0001-8149-5890	2026-07-17	Approved by Robert Hoehndorf as reusable, irrespective of current corpus reuse count.
PO_0000003	whole plant	PATO_0104032	coriaceous	whole plant coriaceous	reusable_phenotype	false	1	1	1	0	0				approved	https://orcid.org/0000-0001-8149-5890	2026-07-17	Approved by Robert Hoehndorf as reusable, irrespective of current corpus reuse count.
PO_0000055	bud	PATO_0104032	coriaceous	bud coriaceous	reusable_phenotype	false	1	1	1	0	0				approved	https://orcid.org/0000-0001-8149-5890	2026-07-17	Approved by Robert Hoehndorf as reusable, irrespective of current corpus reuse count.
PO_0000056	flower bud	PATO_0002358	ridged	flower bud ridged	reusable_phenotype	false	1	1	1	0	0				approved	https://orcid.org/0000-0001-8149-5890	2026-07-17	Approved by Robert Hoehndorf as reusable, irrespective of current corpus reuse count.
PO_0004701	short shoot	PATO_0001334	diameter	short shoot diameter	reusable_trait	true	1	1	1	1	0				approved	https://orcid.org/0000-0001-8149-5890	2026-07-17	Approved by Robert Hoehndorf as reusable, irrespective of current corpus reuse count.
PO_0005020	vascular bundle	PATO_0001320	pubescent hair	vascular bundle pubescent hair	reusable_phenotype	false	1	1	1	0	0				approved	https://orcid.org/0000-0001-8149-5890	2026-07-17	Approved by Robert Hoehndorf as reusable, irrespective of current corpus reuse count.
PO_0005848	secondary xylem	PATO_0000119	height	secondary xylem height	reusable_trait	true	1	1	1	1	0				approved	https://orcid.org/0000-0001-8149-5890	2026-07-17	Approved by Robert Hoehndorf as reusable, irrespective of current corpus reuse count.
PO_0005848	secondary xylem	PATO_0000122	length	secondary xylem length	reusable_trait	true	1	1	1	1	0				approved	https://orcid.org/0000-0001-8149-5890	2026-07-17	Approved by Robert Hoehndorf as reusable, irrespective of current corpus reuse count.
PO_0005848	secondary xylem	PATO_0000322	red	secondary xylem red	reusable_phenotype	false	1	1	1	0	0				approved	https://orcid.org/0000-0001-8149-5890	2026-07-17	Approved by Robert Hoehndorf as reusable, irrespective of current corpus reuse count.
PO_0005848	secondary xylem	PATO_0000622	erect	secondary xylem erect	reusable_phenotype	false	1	1	1	0	0				approved	https://orcid.org/0000-0001-8149-5890	2026-07-17	Approved by Robert Hoehndorf as reusable, irrespective of current corpus reuse count.
PO_0005848	secondary xylem	PATO_0000952	brown	secondary xylem brown	reusable_phenotype	false	1	1	1	0	0				approved	https://orcid.org/0000-0001-8149-5890	2026-07-17	Approved by Robert Hoehndorf as reusable, irrespective of current corpus reuse count.
PO_0006002	lower glume	PATO_0001320	pubescent hair	lower glume pubescent hair	reusable_phenotype	false	1	1	1	0	0				approved	https://orcid.org/0000-0001-8149-5890	2026-07-17	Approved by Robert Hoehndorf as reusable, irrespective of current corpus reuse count.
PO_0006004	upper glume	PATO_0000322	red	upper glume red	reusable_phenotype	false	1	1	1	0	0				approved	https://orcid.org/0000-0001-8149-5890	2026-07-17	Approved by Robert Hoehndorf as reusable, irrespective of current corpus reuse count.
PO_0006004	upper glume	PATO_0001320	pubescent hair	upper glume pubescent hair	reusable_phenotype	false	1	1	1	0	0				approved	https://orcid.org/0000-0001-8149-5890	2026-07-17	Approved by Robert Hoehndorf as reusable, irrespective of current corpus reuse count.
PO_0006342	infructescence	PATO_0000921	width	infructescence width	reusable_trait	true	1	1	1	1	0				approved	https://orcid.org/0000-0001-8149-5890	2026-07-17	Approved by Robert Hoehndorf as reusable, irrespective of current corpus reuse count.
PO_0006342	infructescence	PATO_0005014	subspherical	infructescence subspherical	reusable_phenotype	false	1	1	1	0	0				approved	https://orcid.org/0000-0001-8149-5890	2026-07-17	Approved by Robert Hoehndorf as reusable, irrespective of current corpus reuse count.
PO_0006342	infructescence	PATO_0104032	coriaceous	infructescence coriaceous	reusable_phenotype	false	1	1	1	0	0				approved	https://orcid.org/0000-0001-8149-5890	2026-07-17	Approved by Robert Hoehndorf as reusable, irrespective of current corpus reuse count.
PO_0008037	seedling	PATO_0000622	erect	seedling erect	reusable_phenotype	false	1	1	1	0	0				approved	https://orcid.org/0000-0001-8149-5890	2026-07-17	Approved by Robert Hoehndorf as reusable, irrespective of current corpus reuse count.
PO_0008037	seedling	PATO_0000946	oblong	seedling oblong	reusable_phenotype	false	1	1	1	0	1				approved	https://orcid.org/0000-0001-8149-5890	2026-07-17	Approved by Robert Hoehndorf as reusable, irrespective of current corpus reuse count.
PO_0008037	seedling	PATO_0001935	obtuse	seedling obtuse	reusable_phenotype	false	1	1	1	0	0				approved	https://orcid.org/0000-0001-8149-5890	2026-07-17	Approved by Robert Hoehndorf as reusable, irrespective of current corpus reuse count.
PO_0008037	seedling	PATO_0002228	acuminate	seedling acuminate	reusable_phenotype	false	1	1	1	0	0				approved	https://orcid.org/0000-0001-8149-5890	2026-07-17	Approved by Robert Hoehndorf as reusable, irrespective of current corpus reuse count.
PO_0008037	seedling	PATO_0002341	tomentose	seedling tomentose	reusable_phenotype	false	1	1	1	0	0				approved	https://orcid.org/0000-0001-8149-5890	2026-07-17	Approved by Robert Hoehndorf as reusable, irrespective of current corpus reuse count.
PO_0009025	vascular leaf	PATO_0000322	red	vascular leaf red	reusable_phenotype	false	1	1	1	0	0				approved	https://orcid.org/0000-0001-8149-5890	2026-07-17	Approved by Robert Hoehndorf as reusable, irrespective of current corpus reuse count.
PO_0009025	vascular leaf	PATO_0000323	white	vascular leaf white	reusable_phenotype	false	1	1	1	0	0				approved	https://orcid.org/0000-0001-8149-5890	2026-07-17	Approved by Robert Hoehndorf as reusable, irrespective of current corpus reuse count.
PO_0009025	vascular leaf	PATO_0000324	yellow	vascular leaf yellow	reusable_phenotype	false	1	1	1	0	0				approved	https://orcid.org/0000-0001-8149-5890	2026-07-17	Approved by Robert Hoehndorf as reusable, irrespective of current corpus reuse count.
PO_0009025	vascular leaf	PATO_0005014	subspherical	vascular leaf subspherical	reusable_phenotype	false	1	1	1	0	0				approved	https://orcid.org/0000-0001-8149-5890	2026-07-17	Approved by Robert Hoehndorf as reusable, irrespective of current corpus reuse count.
PO_0009026	sporophyll	PATO_0000122	length	sporophyll length	reusable_trait	true	1	1	1	1	0				approved	https://orcid.org/0000-0001-8149-5890	2026-07-17	Approved by Robert Hoehndorf as reusable, irrespective of current corpus reuse count.
PO_0009026	sporophyll	PATO_0000320	green	sporophyll green	reusable_phenotype	false	1	1	1	0	0				approved	https://orcid.org/0000-0001-8149-5890	2026-07-17	Approved by Robert Hoehndorf as reusable, irrespective of current corpus reuse count.
PO_0009026	sporophyll	PATO_0000946	oblong	sporophyll oblong	reusable_phenotype	false	1	1	1	0	0				approved	https://orcid.org/0000-0001-8149-5890	2026-07-17	Approved by Robert Hoehndorf as reusable, irrespective of current corpus reuse count.
PO_0009026	sporophyll	PATO_0001877	lanceolate	sporophyll lanceolate	reusable_phenotype	false	1	1	1	0	0				approved	https://orcid.org/0000-0001-8149-5890	2026-07-17	Approved by Robert Hoehndorf as reusable, irrespective of current corpus reuse count.
PO_0009026	sporophyll	PATO_0104032	coriaceous	sporophyll coriaceous	reusable_phenotype	false	1	1	1	0	0				approved	https://orcid.org/0000-0001-8149-5890	2026-07-17	Approved by Robert Hoehndorf as reusable, irrespective of current corpus reuse count.
PO_0009030	carpel	PATO_0000952	brown	carpel brown	reusable_phenotype	false	1	1	1	0	0				approved	https://orcid.org/0000-0001-8149-5890	2026-07-17	Approved by Robert Hoehndorf as reusable, irrespective of current corpus reuse count.
PO_0009030	carpel	PATO_0001436	sessile (sensu botany)	carpel sessile (sensu botany)	reusable_phenotype	false	1	1	1	0	0				approved	https://orcid.org/0000-0001-8149-5890	2026-07-17	Approved by Robert Hoehndorf as reusable, irrespective of current corpus reuse count.
PO_0009030	carpel	PATO_0002358	ridged	carpel ridged	reusable_phenotype	false	1	1	1	0	0				approved	https://orcid.org/0000-0001-8149-5890	2026-07-17	Approved by Robert Hoehndorf as reusable, irrespective of current corpus reuse count.
PO_0009031	sepal	PATO_0002358	ridged	sepal ridged	reusable_phenotype	false	1	1	1	0	1				approved	https://orcid.org/0000-0001-8149-5890	2026-07-17	Approved by Robert Hoehndorf as reusable, irrespective of current corpus reuse count.
PO_0009033	tepal	PATO_0001320	pubescent hair	tepal pubescent hair	reusable_phenotype	false	1	1	1	0	0				approved	https://orcid.org/0000-0001-8149-5890	2026-07-17	Approved by Robert Hoehndorf as reusable, irrespective of current corpus reuse count.
PO_0009037	lemma	PATO_0001320	pubescent hair	lemma pubescent hair	reusable_phenotype	false	1	1	1	0	0				approved	https://orcid.org/0000-0001-8149-5890	2026-07-17	Approved by Robert Hoehndorf as reusable, irrespective of current corpus reuse count.
PO_0009039	glume	PATO_0104032	coriaceous	glume coriaceous	reusable_phenotype	false	1	1	1	0	0				approved	https://orcid.org/0000-0001-8149-5890	2026-07-17	Approved by Robert Hoehndorf as reusable, irrespective of current corpus reuse count.
PO_0009040	sterile lemma	PATO_0001320	pubescent hair	sterile lemma pubescent hair	reusable_phenotype	false	1	1	1	0	0				approved	https://orcid.org/0000-0001-8149-5890	2026-07-17	Approved by Robert Hoehndorf as reusable, irrespective of current corpus reuse count.
PO_0009041	fertile lemma	PATO_0000323	white	fertile lemma white	reusable_phenotype	false	1	1	1	0	0				approved	https://orcid.org/0000-0001-8149-5890	2026-07-17	Approved by Robert Hoehndorf as reusable, irrespective of current corpus reuse count.
PO_0009041	fertile lemma	PATO_0000946	oblong	fertile lemma oblong	reusable_phenotype	false	1	1	1	0	0				approved	https://orcid.org/0000-0001-8149-5890	2026-07-17	Approved by Robert Hoehndorf as reusable, irrespective of current corpus reuse count.
PO_0009041	fertile lemma	PATO_0001199	linear	fertile lemma linear	reusable_phenotype	false	1	1	1	0	0				approved	https://orcid.org/0000-0001-8149-5890	2026-07-17	Approved by Robert Hoehndorf as reusable, irrespective of current corpus reuse count.
PO_0009043	bracteole	PATO_0000317	black	bracteole black	reusable_phenotype	false	1	1	1	0	0				approved	https://orcid.org/0000-0001-8149-5890	2026-07-17	Approved by Robert Hoehndorf as reusable, irrespective of current corpus reuse count.
PO_0009043	bracteole	PATO_0104032	coriaceous	bracteole coriaceous	reusable_phenotype	false	1	1	1	0	0				approved	https://orcid.org/0000-0001-8149-5890	2026-07-17	Approved by Robert Hoehndorf as reusable, irrespective of current corpus reuse count.
PO_0009045	involucral bract	PATO_0000453	glabrous	involucral bract glabrous	reusable_phenotype	false	1	1	1	0	0				approved	https://orcid.org/0000-0001-8149-5890	2026-07-17	Approved by Robert Hoehndorf as reusable, irrespective of current corpus reuse count.
PO_0009046	flower	PATO_0005014	subspherical	flower subspherical	reusable_phenotype	false	1	1	1	0	0				approved	https://orcid.org/0000-0001-8149-5890	2026-07-17	Approved by Robert Hoehndorf as reusable, irrespective of current corpus reuse count.
PO_0009047	stem	PATO_0104032	coriaceous	stem coriaceous	reusable_phenotype	false	1	1	1	0	0				approved	https://orcid.org/0000-0001-8149-5890	2026-07-17	Approved by Robert Hoehndorf as reusable, irrespective of current corpus reuse count.
PO_0009053	peduncle	PATO_0005014	subspherical	peduncle subspherical	reusable_phenotype	false	1	1	1	0	0				approved	https://orcid.org/0000-0001-8149-5890	2026-07-17	Approved by Robert Hoehndorf as reusable, irrespective of current corpus reuse count.
PO_0009055	bract	PATO_0000317	black	bract black	reusable_phenotype	false	1	1	1	0	0				approved	https://orcid.org/0000-0001-8149-5890	2026-07-17	Approved by Robert Hoehndorf as reusable, irrespective of current corpus reuse count.
PO_0009055	bract	PATO_0005014	subspherical	bract subspherical	reusable_phenotype	false	1	1	1	0	0				approved	https://orcid.org/0000-0001-8149-5890	2026-07-17	Approved by Robert Hoehndorf as reusable, irrespective of current corpus reuse count.
PO_0009061	androecium	PATO_0000323	white	androecium white	reusable_phenotype	false	1	1	1	0	0				approved	https://orcid.org/0000-0001-8149-5890	2026-07-17	Approved by Robert Hoehndorf as reusable, irrespective of current corpus reuse count.
PO_0009061	androecium	PATO_0001320	pubescent hair	androecium pubescent hair	reusable_phenotype	false	1	1	1	0	0				approved	https://orcid.org/0000-0001-8149-5890	2026-07-17	Approved by Robert Hoehndorf as reusable, irrespective of current corpus reuse count.
PO_0009061	androecium	PATO_0002358	ridged	androecium ridged	reusable_phenotype	false	1	1	1	0	1				approved	https://orcid.org/0000-0001-8149-5890	2026-07-17	Approved by Robert Hoehndorf as reusable, irrespective of current corpus reuse count.
PO_0009062	gynoecium	PATO_0001436	sessile (sensu botany)	gynoecium sessile (sensu botany)	reusable_phenotype	false	1	1	1	0	0				approved	https://orcid.org/0000-0001-8149-5890	2026-07-17	Approved by Robert Hoehndorf as reusable, irrespective of current corpus reuse count.
PO_0009065	hypanthium	PATO_0001982	attenuate	hypanthium attenuate	reusable_phenotype	false	1	1	1	0	0				approved	https://orcid.org/0000-0001-8149-5890	2026-07-17	Approved by Robert Hoehndorf as reusable, irrespective of current corpus reuse count.
PO_0009067	filament	PATO_0001436	sessile (sensu botany)	filament sessile (sensu botany)	reusable_phenotype	false	1	1	1	0	0				approved	https://orcid.org/0000-0001-8149-5890	2026-07-17	Approved by Robert Hoehndorf as reusable, irrespective of current corpus reuse count.
PO_0009068	connective	PATO_0001982	attenuate	connective attenuate	reusable_phenotype	false	1	1	1	0	0				approved	https://orcid.org/0000-0001-8149-5890	2026-07-17	Approved by Robert Hoehndorf as reusable, irrespective of current corpus reuse count.
PO_0009072	plant ovary	PATO_0001877	lanceolate	plant ovary lanceolate	reusable_phenotype	false	1	1	1	0	0				approved	https://orcid.org/0000-0001-8149-5890	2026-07-17	Approved by Robert Hoehndorf as reusable, irrespective of current corpus reuse count.
PO_0009077	staminode	PATO_0005014	subspherical	staminode subspherical	reusable_phenotype	false	1	1	1	0	0				approved	https://orcid.org/0000-0001-8149-5890	2026-07-17	Approved by Robert Hoehndorf as reusable, irrespective of current corpus reuse count.
PO_0009078	pistillode	PATO_0000119	height	pistillode height	reusable_trait	true	1	1	1	1	0				approved	https://orcid.org/0000-0001-8149-5890	2026-07-17	Approved by Robert Hoehndorf as reusable, irrespective of current corpus reuse count.
PO_0020006	funicle	PATO_0000122	length	funicle length	reusable_trait	true	1	1	1	1	0				approved	https://orcid.org/0000-0001-8149-5890	2026-07-17	Approved by Robert Hoehndorf as reusable, irrespective of current corpus reuse count.
PO_0020006	funicle	PATO_0001320	pubescent hair	funicle pubescent hair	reusable_phenotype	false	1	1	1	0	1				approved	https://orcid.org/0000-0001-8149-5890	2026-07-17	Approved by Robert Hoehndorf as reusable, irrespective of current corpus reuse count.
PO_0020019	megaspore	PATO_0000323	white	megaspore white	reusable_phenotype	false	1	1	1	0	0				approved	https://orcid.org/0000-0001-8149-5890	2026-07-17	Approved by Robert Hoehndorf as reusable, irrespective of current corpus reuse count.
PO_0020019	megaspore	PATO_0000701	smooth	megaspore smooth	reusable_phenotype	false	1	1	1	0	0				approved	https://orcid.org/0000-0001-8149-5890	2026-07-17	Approved by Robert Hoehndorf as reusable, irrespective of current corpus reuse count.
PO_0020019	megaspore	PATO_0000952	brown	megaspore brown	reusable_phenotype	false	1	1	1	0	0				approved	https://orcid.org/0000-0001-8149-5890	2026-07-17	Approved by Robert Hoehndorf as reusable, irrespective of current corpus reuse count.
PO_0020019	megaspore	PATO_0001334	diameter	megaspore diameter	reusable_trait	true	1	1	1	1	1				approved	https://orcid.org/0000-0001-8149-5890	2026-07-17	Approved by Robert Hoehndorf as reusable, irrespective of current corpus reuse count.
PO_0020030	cotyledon	PATO_0000323	white	cotyledon white	reusable_phenotype	false	1	1	1	0	0				approved	https://orcid.org/0000-0001-8149-5890	2026-07-17	Approved by Robert Hoehndorf as reusable, irrespective of current corpus reuse count.
PO_0020030	cotyledon	PATO_0000324	yellow	cotyledon yellow	reusable_phenotype	false	1	1	1	0	0				approved	https://orcid.org/0000-0001-8149-5890	2026-07-17	Approved by Robert Hoehndorf as reusable, irrespective of current corpus reuse count.
PO_0020031	radicle	PATO_0001334	diameter	radicle diameter	reusable_trait	true	1	1	1	1	0				approved	https://orcid.org/0000-0001-8149-5890	2026-07-17	Approved by Robert Hoehndorf as reusable, irrespective of current corpus reuse count.
PO_0020038	petiole	PATO_0104032	coriaceous	petiole coriaceous	reusable_phenotype	false	1	1	1	0	1				approved	https://orcid.org/0000-0001-8149-5890	2026-07-17	Approved by Robert Hoehndorf as reusable, irrespective of current corpus reuse count.
PO_0020039	leaf lamina	PATO_0000324	yellow	leaf lamina yellow	reusable_phenotype	false	1	1	1	0	0				approved	https://orcid.org/0000-0001-8149-5890	2026-07-17	Approved by Robert Hoehndorf as reusable, irrespective of current corpus reuse count.
PO_0020039	leaf lamina	PATO_0000915	thickness	leaf lamina thickness	reusable_trait	true	1	1	1	1	0				approved	https://orcid.org/0000-0001-8149-5890	2026-07-17	Approved by Robert Hoehndorf as reusable, irrespective of current corpus reuse count.
PO_0020039	leaf lamina	PATO_0001499	spherical	leaf lamina spherical	reusable_phenotype	false	1	1	1	0	0				approved	https://orcid.org/0000-0001-8149-5890	2026-07-17	Approved by Robert Hoehndorf as reusable, irrespective of current corpus reuse count.
PO_0020075	mericarp	PATO_0000915	thickness	mericarp thickness	reusable_trait	true	1	1	1	1	0				approved	https://orcid.org/0000-0001-8149-5890	2026-07-17	Approved by Robert Hoehndorf as reusable, irrespective of current corpus reuse count.
PO_0020075	mericarp	PATO_0002358	ridged	mericarp ridged	reusable_phenotype	false	1	1	1	0	0				approved	https://orcid.org/0000-0001-8149-5890	2026-07-17	Approved by Robert Hoehndorf as reusable, irrespective of current corpus reuse count.
PO_0025073	branch	PATO_0104032	coriaceous	branch coriaceous	reusable_phenotype	false	1	1	1	0	0				approved	https://orcid.org/0000-0001-8149-5890	2026-07-17	Approved by Robert Hoehndorf as reusable, irrespective of current corpus reuse count.
PO_0025078	placenta	PATO_0002341	tomentose	placenta tomentose	reusable_phenotype	false	1	1	1	0	0				approved	https://orcid.org/0000-0001-8149-5890	2026-07-17	Approved by Robert Hoehndorf as reusable, irrespective of current corpus reuse count.
PO_0025078	placenta	PATO_0005014	subspherical	placenta subspherical	reusable_phenotype	false	1	1	1	0	0				approved	https://orcid.org/0000-0001-8149-5890	2026-07-17	Approved by Robert Hoehndorf as reusable, irrespective of current corpus reuse count.
PO_0025094	sporangium	PATO_0000324	yellow	sporangium yellow	reusable_phenotype	false	1	1	1	0	0				approved	https://orcid.org/0000-0001-8149-5890	2026-07-17	Approved by Robert Hoehndorf as reusable, irrespective of current corpus reuse count.
PO_0025281	pollen	PATO_0000320	green	pollen green	reusable_phenotype	false	1	1	1	0	0				approved	https://orcid.org/0000-0001-8149-5890	2026-07-17	Approved by Robert Hoehndorf as reusable, irrespective of current corpus reuse count.
PO_0025281	pollen	PATO_0001877	lanceolate	pollen lanceolate	reusable_phenotype	false	1	1	1	0	0				approved	https://orcid.org/0000-0001-8149-5890	2026-07-17	Approved by Robert Hoehndorf as reusable, irrespective of current corpus reuse count.
PO_0025281	pollen	PATO_0001982	attenuate	pollen attenuate	reusable_phenotype	false	1	1	1	0	1				approved	https://orcid.org/0000-0001-8149-5890	2026-07-17	Approved by Robert Hoehndorf as reusable, irrespective of current corpus reuse count.
PO_0025359	sorus	PATO_0000453	glabrous	sorus glabrous	reusable_phenotype	false	1	1	1	0	0				approved	https://orcid.org/0000-0001-8149-5890	2026-07-17	Approved by Robert Hoehndorf as reusable, irrespective of current corpus reuse count.
PO_0030099	samara fruit	PATO_0000122	length	samara fruit length	reusable_trait	true	1	1	1	1	0				approved	https://orcid.org/0000-0001-8149-5890	2026-07-17	Approved by Robert Hoehndorf as reusable, irrespective of current corpus reuse count.
PO_0030099	samara fruit	PATO_0000322	red	samara fruit red	reusable_phenotype	false	1	1	1	0	0				approved	https://orcid.org/0000-0001-8149-5890	2026-07-17	Approved by Robert Hoehndorf as reusable, irrespective of current corpus reuse count.
PO_0030101	loment fruit	PATO_0000453	glabrous	loment fruit glabrous	reusable_phenotype	false	1	1	1	0	0				approved	https://orcid.org/0000-0001-8149-5890	2026-07-17	Approved by Robert Hoehndorf as reusable, irrespective of current corpus reuse count.
PO_0030101	loment fruit	PATO_0001935	obtuse	loment fruit obtuse	reusable_phenotype	false	1	1	1	0	0				approved	https://orcid.org/0000-0001-8149-5890	2026-07-17	Approved by Robert Hoehndorf as reusable, irrespective of current corpus reuse count.
PO_0030106	silique fruit	PATO_0000947	elliptic	silique fruit elliptic	reusable_phenotype	false	1	1	1	0	0				approved	https://orcid.org/0000-0001-8149-5890	2026-07-17	Approved by Robert Hoehndorf as reusable, irrespective of current corpus reuse count.
PO_0030106	silique fruit	PATO_0001199	linear	silique fruit linear	reusable_phenotype	false	1	1	1	0	0				approved	https://orcid.org/0000-0001-8149-5890	2026-07-17	Approved by Robert Hoehndorf as reusable, irrespective of current corpus reuse count.
PO_0030106	silique fruit	PATO_0001982	attenuate	silique fruit attenuate	reusable_phenotype	false	1	1	1	0	0				approved	https://orcid.org/0000-0001-8149-5890	2026-07-17	Approved by Robert Hoehndorf as reusable, irrespective of current corpus reuse count.
PO_0030107	achene fruit	PATO_0000402	branched	achene fruit branched	reusable_phenotype	false	1	1	1	0	1				approved	https://orcid.org/0000-0001-8149-5890	2026-07-17	Approved by Robert Hoehndorf as reusable, irrespective of current corpus reuse count.
PO_0030107	achene fruit	PATO_0000946	oblong	achene fruit oblong	reusable_phenotype	false	1	1	1	0	0				approved	https://orcid.org/0000-0001-8149-5890	2026-07-17	Approved by Robert Hoehndorf as reusable, irrespective of current corpus reuse count.
PO_0030107	achene fruit	PATO_0001436	sessile (sensu botany)	achene fruit sessile (sensu botany)	reusable_phenotype	false	1	1	1	0	0				approved	https://orcid.org/0000-0001-8149-5890	2026-07-17	Approved by Robert Hoehndorf as reusable, irrespective of current corpus reuse count.
PO_0030107	achene fruit	PATO_0002228	acuminate	achene fruit acuminate	reusable_phenotype	false	1	1	1	0	0				approved	https://orcid.org/0000-0001-8149-5890	2026-07-17	Approved by Robert Hoehndorf as reusable, irrespective of current corpus reuse count.
PO_0030107	achene fruit	PATO_0002358	ridged	achene fruit ridged	reusable_phenotype	false	1	1	1	0	0				approved	https://orcid.org/0000-0001-8149-5890	2026-07-17	Approved by Robert Hoehndorf as reusable, irrespective of current corpus reuse count.
PO_0030112	pedicel	PATO_0000322	red	pedicel red	reusable_phenotype	false	1	1	1	0	0				approved	https://orcid.org/0000-0001-8149-5890	2026-07-17	Approved by Robert Hoehndorf as reusable, irrespective of current corpus reuse count.
PO_0030112	pedicel	PATO_0000324	yellow	pedicel yellow	reusable_phenotype	false	1	1	1	0	0				approved	https://orcid.org/0000-0001-8149-5890	2026-07-17	Approved by Robert Hoehndorf as reusable, irrespective of current corpus reuse count.
PO_0030112	pedicel	PATO_0000622	erect	pedicel erect	reusable_phenotype	false	1	1	1	0	0				approved	https://orcid.org/0000-0001-8149-5890	2026-07-17	Approved by Robert Hoehndorf as reusable, irrespective of current corpus reuse count.
PO_0030112	pedicel	PATO_0000921	width	pedicel width	reusable_trait	true	1	1	1	1	0				approved	https://orcid.org/0000-0001-8149-5890	2026-07-17	Approved by Robert Hoehndorf as reusable, irrespective of current corpus reuse count.
PO_0030112	pedicel	PATO_0000946	oblong	pedicel oblong	reusable_phenotype	false	1	1	1	0	0				approved	https://orcid.org/0000-0001-8149-5890	2026-07-17	Approved by Robert Hoehndorf as reusable, irrespective of current corpus reuse count.
PO_0030112	pedicel	PATO_0001935	obtuse	pedicel obtuse	reusable_phenotype	false	1	1	1	0	0				approved	https://orcid.org/0000-0001-8149-5890	2026-07-17	Approved by Robert Hoehndorf as reusable, irrespective of current corpus reuse count.
PO_0030112	pedicel	PATO_0005014	subspherical	pedicel subspherical	reusable_phenotype	false	1	1	1	0	0				approved	https://orcid.org/0000-0001-8149-5890	2026-07-17	Approved by Robert Hoehndorf as reusable, irrespective of current corpus reuse count.
PO_0030115	raceme inflorescence	PATO_0000453	glabrous	raceme inflorescence glabrous	reusable_phenotype	false	1	1	1	0	0				approved	https://orcid.org/0000-0001-8149-5890	2026-07-17	Approved by Robert Hoehndorf as reusable, irrespective of current corpus reuse count.
PO_0030115	raceme inflorescence	PATO_0002341	tomentose	raceme inflorescence tomentose	reusable_phenotype	false	1	1	1	0	0				approved	https://orcid.org/0000-0001-8149-5890	2026-07-17	Approved by Robert Hoehndorf as reusable, irrespective of current corpus reuse count.
PO_0030117	spike inflorescence	PATO_0001436	sessile (sensu botany)	spike inflorescence sessile (sensu botany)	reusable_phenotype	false	1	1	1	0	0				approved	https://orcid.org/0000-0001-8149-5890	2026-07-17	Approved by Robert Hoehndorf as reusable, irrespective of current corpus reuse count.
PO_0030117	spike inflorescence	PATO_0001877	lanceolate	spike inflorescence lanceolate	reusable_phenotype	false	1	1	1	0	0				approved	https://orcid.org/0000-0001-8149-5890	2026-07-17	Approved by Robert Hoehndorf as reusable, irrespective of current corpus reuse count.
PO_0030123	panicle inflorescence	PATO_0000122	length	panicle inflorescence length	reusable_trait	true	1	1	1	1	0				approved	https://orcid.org/0000-0001-8149-5890	2026-07-17	Approved by Robert Hoehndorf as reusable, irrespective of current corpus reuse count.
PO_0030123	panicle inflorescence	PATO_0000453	glabrous	panicle inflorescence glabrous	reusable_phenotype	false	1	1	1	0	1				approved	https://orcid.org/0000-0001-8149-5890	2026-07-17	Approved by Robert Hoehndorf as reusable, irrespective of current corpus reuse count.
PO_0030123	panicle inflorescence	PATO_0002358	ridged	panicle inflorescence ridged	reusable_phenotype	false	1	1	1	0	0				approved	https://orcid.org/0000-0001-8149-5890	2026-07-17	Approved by Robert Hoehndorf as reusable, irrespective of current corpus reuse count.
